action_id,record_kind,route,source,control,locator,baseline_handler,baseline_destination,baseline_actor,baseline_conditions,baseline_effect,related_uc,finding,baseline_test_ids,classification,representative_action_id,candidate_equivalent,source_exists,baseline_status,baseline_evidence,current_execution_status,current_environment,related_local_evidence,current_actor_state,current_command,expected,actual,side_effect_readback,blocker,presentation_execution_status,presentation_environment,presentation_evidence
S-d17e8a569c,SOURCE_CONTROL_OCCURRENCE,shared component; caller routes need runtime reconciliation,src/components/DefaultErrorComponent.tsx:48,button,再試一次,"onClick={() => {
              router.invalidate();
              reset();
            }}",,public/shared,runtime role/state not reconciled,UNCLASSIFIED; inspect before execution,,,C-d17e8a569c,shared_caller_pending,S-d17e8a569c,no,yes,NOT_TESTED,src/components/DefaultErrorComponent.tsx:48,NOT_TESTED,no current rendered action execution,,not exercised in rendered session,,source-declared control; full handler chain not individually verified,not executed on current branch,not observed,resolve rendered caller and actor/state; rendered browser action and content/readback not executed on current SHA,NOT_TESTED,,
S-b255babffb,SOURCE_CONTROL_OCCURRENCE,shared component; caller routes need runtime reconciliation,src/components/DefaultErrorComponent.tsx:58,Link,返回首頁,,"""/""",public/shared,runtime role/state not reconciled,navigation; destination may have side effects,,,C-b255babffb,shared_caller_pending,S-b255babffb,no,yes,NOT_TESTED,src/components/DefaultErrorComponent.tsx:58,NOT_TESTED,no current rendered action execution,,not exercised in rendered session,,source-declared control; full handler chain not individually verified,not executed on current branch,not observed,resolve rendered caller and actor/state; rendered browser action and content/readback not executed on current SHA,NOT_TESTED,,
S-1ffab2173d,SOURCE_CONTROL_OCCURRENCE,shared component; caller routes need runtime reconciliation,src/components/admin/AdminConfirmDialog.tsx:45,AlertDialog,dynamic/no static accessible name,"onOpenChange={(nextOpen) => {
        // Only an in-flight request blocks dismissal. Previously any `disabled`
        // state (e.g. an unmet precondition) also locked the dialog shut, so a
        // staff member could be stuck in a modal they could not cancel.
        if (isPending && !nextOpen) return;
        onOpenChange(nextOpen);
      }}",,staff; exact grants require handler review,runtime role/state not reconciled,UNCLASSIFIED; inspect before execution,,,C-1ffab2173d,container_wrapper_candidate,S-1ffab2173d,no,yes,BLOCKED,src/components/admin/AdminConfirmDialog.tsx:45,BLOCKED_EXTERNAL,no current rendered action execution,,not exercised in rendered session,,source-declared control; full handler chain not individually verified,not executed on current branch,not observed,"resolve rendered caller and actor/state; isolated role sessions, DB and synthetic browser; provider readback where applicable",NOT_TESTED,,
S-de3fba3ba3,SOURCE_CONTROL_OCCURRENCE,shared component; caller routes need runtime reconciliation,src/components/admin/AdminConfirmDialog.tsx:71,Button,"{isPending ? ( <> <Loader2 className=""mr-2 h-4 w-4 animate-spin motion-reduce:animate-none"" /> 處理中… </> ) : ( confirmLabel )}",onClick={onConfirm},,staff; exact grants require handler review,{isDisabled},UNCLASSIFIED; inspect before execution,,,C-de3fba3ba3,shared_caller_pending,S-de3fba3ba3,no,yes,BLOCKED,src/components/admin/AdminConfirmDialog.tsx:71,BLOCKED_EXTERNAL,no current rendered action execution,,not exercised in rendered session,,source-declared control; full handler chain not individually verified,not executed on current branch,not observed,"resolve rendered caller and actor/state; isolated role sessions, DB and synthetic browser; provider readback where applicable",NOT_TESTED,,
S-c4781b6f7a,SOURCE_CONTROL_OCCURRENCE,shared component; caller routes need runtime reconciliation,src/components/admin/AdminContentCopilot.tsx:399,button,"""內容助手說明""",,,staff; exact grants require handler review,runtime role/state not reconciled,local input/semantic wrapper,,,C-c4781b6f7a,shared_caller_pending,S-c4781b6f7a,no,yes,BLOCKED,src/components/admin/AdminContentCopilot.tsx:399,BLOCKED_EXTERNAL,no current rendered action execution,,not exercised in rendered session,,source-declared control; full handler chain not individually verified,not executed on current branch,not observed,"resolve rendered caller and actor/state; isolated role sessions, DB and synthetic browser; provider readback where applicable",NOT_TESTED,,
S-0b967808de,SOURCE_CONTROL_OCCURRENCE,shared component; caller routes need runtime reconciliation,src/components/admin/AdminContentCopilot.tsx:455,Button,復原為套用前內容,onClick={undoApply},,staff; exact grants require handler review,runtime role/state not reconciled,UNCLASSIFIED; inspect before execution,,,C-0b967808de,shared_caller_pending,S-0b967808de,no,yes,BLOCKED,src/components/admin/AdminContentCopilot.tsx:455,BLOCKED_EXTERNAL,no current rendered action execution,,not exercised in rendered session,,source-declared control; full handler chain not individually verified,not executed on current branch,not observed,"resolve rendered caller and actor/state; isolated role sessions, DB and synthetic browser; provider readback where applicable",NOT_TESTED,,
S-1b7ac10cf9,SOURCE_CONTROL_OCCURRENCE,shared component; caller routes need runtime reconciliation,src/components/admin/AdminContentCopilot.tsx:468,Select,dynamic/no static accessible name,onValueChange={(value) => setAction(value as ContentCopilotAction)},,staff; exact grants require handler review,runtime role/state not reconciled,UNCLASSIFIED; inspect before execution,,,C-1b7ac10cf9,shared_caller_pending,S-1b7ac10cf9,no,yes,BLOCKED,src/components/admin/AdminContentCopilot.tsx:468,BLOCKED_EXTERNAL,no current rendered action execution,,not exercised in rendered session,,source-declared control; full handler chain not individually verified,not executed on current branch,not observed,"resolve rendered caller and actor/state; isolated role sessions, DB and synthetic browser; provider readback where applicable",NOT_TESTED,,
S-ede29d04de,SOURCE_CONTROL_OCCURRENCE,shared component; caller routes need runtime reconciliation,src/components/admin/AdminContentCopilot.tsx:490,Checkbox,{fieldLabels[field] ?? field},onCheckedChange={() => toggleField(field)},,staff; exact grants require handler review,runtime role/state not reconciled,UNCLASSIFIED; inspect before execution,,,C-ede29d04de,shared_caller_pending,S-ede29d04de,no,yes,BLOCKED,src/components/admin/AdminContentCopilot.tsx:490,BLOCKED_EXTERNAL,no current rendered action execution,,not exercised in rendered session,,source-declared control; full handler chain not individually verified,not executed on current branch,not observed,"resolve rendered caller and actor/state; isolated role sessions, DB and synthetic browser; provider readback where applicable",NOT_TESTED,,
S-3a1420be8a,SOURCE_CONTROL_OCCURRENCE,shared component; caller routes need runtime reconciliation,src/components/admin/AdminContentCopilot.tsx:505,Select,dynamic/no static accessible name,onValueChange={(value) => setTone(value as ContentCopilotTone)},,staff; exact grants require handler review,runtime role/state not reconciled,UNCLASSIFIED; inspect before execution,,,C-3a1420be8a,shared_caller_pending,S-3a1420be8a,no,yes,BLOCKED,src/components/admin/AdminContentCopilot.tsx:505,BLOCKED_EXTERNAL,no current rendered action execution,,not exercised in rendered session,,source-declared control; full handler chain not individually verified,not executed on current branch,not observed,"resolve rendered caller and actor/state; isolated role sessions, DB and synthetic browser; provider readback where applicable",NOT_TESTED,,
S-6fec905d8b,SOURCE_CONTROL_OCCURRENCE,shared component; caller routes need runtime reconciliation,src/components/admin/AdminContentCopilot.tsx:519,Select,dynamic/no static accessible name,"onValueChange={(value) =>
              setTargetLanguage(value === ""none"" ? null : (value as ""zh-HK"" | ""en""))
            }",,staff; exact grants require handler review,runtime role/state not reconciled,UNCLASSIFIED; inspect before execution,,,C-6fec905d8b,shared_caller_pending,S-6fec905d8b,no,yes,BLOCKED,src/components/admin/AdminContentCopilot.tsx:519,BLOCKED_EXTERNAL,no current rendered action execution,,not exercised in rendered session,,source-declared control; full handler chain not individually verified,not executed on current branch,not observed,"resolve rendered caller and actor/state; isolated role sessions, DB and synthetic browser; provider readback where applicable",NOT_TESTED,,
S-da2fa69de0,SOURCE_CONTROL_OCCURRENCE,shared component; caller routes need runtime reconciliation,src/components/admin/AdminContentCopilot.tsx:538,Select,dynamic/no static accessible name,onValueChange={(value) => setResearchMode(value as ContentCopilotResearchMode)},,staff; exact grants require handler review,runtime role/state not reconciled,UNCLASSIFIED; inspect before execution,,,C-da2fa69de0,shared_caller_pending,S-da2fa69de0,no,yes,BLOCKED,src/components/admin/AdminContentCopilot.tsx:538,BLOCKED_EXTERNAL,no current rendered action execution,,not exercised in rendered session,,source-declared control; full handler chain not individually verified,not executed on current branch,not observed,"resolve rendered caller and actor/state; isolated role sessions, DB and synthetic browser; provider readback where applicable",NOT_TESTED,,
S-2149121660,SOURCE_CONTROL_OCCURRENCE,shared component; caller routes need runtime reconciliation,src/components/admin/AdminContentCopilot.tsx:554,Button,產生建議,onClick={generate},,staff; exact grants require handler review,"{!resourceId || selectedFields.length === 0 || displayState === ""generating""}",UNCLASSIFIED; inspect before execution,,,C-2149121660,shared_caller_pending,S-2149121660,no,yes,BLOCKED,src/components/admin/AdminContentCopilot.tsx:554,BLOCKED_EXTERNAL,no current rendered action execution,,not exercised in rendered session,,source-declared control; full handler chain not individually verified,not executed on current branch,not observed,"resolve rendered caller and actor/state; isolated role sessions, DB and synthetic browser; provider readback where applicable",NOT_TESTED,,
S-0678ddd8da,SOURCE_CONTROL_OCCURRENCE,shared component; caller routes need runtime reconciliation,src/components/admin/AdminContentCopilot.tsx:565,Review,dynamic/no static accessible name,onTogglePatch={toggleAcceptedPatch} | onAcceptAll={acceptAllPatches} | onDiscard={discardProposal} | onRegenerate={generate} | onApply={apply},,staff; exact grants require handler review,runtime role/state not reconciled,UNCLASSIFIED; inspect before execution,,,C-0678ddd8da,shared_caller_pending,S-0678ddd8da,no,yes,BLOCKED,src/components/admin/AdminContentCopilot.tsx:565,BLOCKED_EXTERNAL,no current rendered action execution,,not exercised in rendered session,,source-declared control; full handler chain not individually verified,not executed on current branch,not observed,"resolve rendered caller and actor/state; isolated role sessions, DB and synthetic browser; provider readback where applicable",NOT_TESTED,,
S-7ec32b0d86,SOURCE_CONTROL_OCCURRENCE,shared component; caller routes need runtime reconciliation,src/components/admin/AdminContentCopilot.tsx:623,Button,全選,onClick={onAcceptAll},,staff; exact grants require handler review,{allAccepted},UNCLASSIFIED; inspect before execution,,,C-7ec32b0d86,shared_caller_pending,S-7ec32b0d86,no,yes,BLOCKED,src/components/admin/AdminContentCopilot.tsx:623,BLOCKED_EXTERNAL,no current rendered action execution,,not exercised in rendered session,,source-declared control; full handler chain not individually verified,not executed on current branch,not observed,"resolve rendered caller and actor/state; isolated role sessions, DB and synthetic browser; provider readback where applicable",NOT_TESTED,,
S-3e5fb980c8,SOURCE_CONTROL_OCCURRENCE,shared component; caller routes need runtime reconciliation,src/components/admin/AdminContentCopilot.tsx:682,Checkbox,{`套用 ${fieldLabels[patch.field] ?? patch.field}`},onCheckedChange={() => onTogglePatch(patch)},,staff; exact grants require handler review,{selection.disabled},UNCLASSIFIED; inspect before execution,,,C-3e5fb980c8,shared_caller_pending,S-3e5fb980c8,no,yes,BLOCKED,src/components/admin/AdminContentCopilot.tsx:682,BLOCKED_EXTERNAL,no current rendered action execution,,not exercised in rendered session,,source-declared control; full handler chain not individually verified,not executed on current branch,not observed,"resolve rendered caller and actor/state; isolated role sessions, DB and synthetic browser; provider readback where applicable",NOT_TESTED,,
S-f0c027234f,SOURCE_CONTROL_OCCURRENCE,shared component; caller routes need runtime reconciliation,src/components/admin/AdminContentCopilot.tsx:729,a,dynamic/no static accessible name,,{evidence.url},staff; exact grants require handler review,runtime role/state not reconciled,navigation; destination may have side effects,,,C-f0c027234f,shared_caller_pending,S-f0c027234f,no,yes,BLOCKED,src/components/admin/AdminContentCopilot.tsx:729,BLOCKED_EXTERNAL,no current rendered action execution,,not exercised in rendered session,,source-declared control; full handler chain not individually verified,not executed on current branch,not observed,"resolve rendered caller and actor/state; isolated role sessions, DB and synthetic browser; provider readback where applicable",NOT_TESTED,,
S-bae18ddedd,SOURCE_CONTROL_OCCURRENCE,shared component; caller routes need runtime reconciliation,src/components/admin/AdminContentCopilot.tsx:747,Button,"{applying ? ( <Loader2 className=""animate-spin motion-reduce:animate-none"" aria-hidden=""true"" /> ) : ( <Check aria-hidden=""true"" /> )} {applying ? ""套用",onClick={onApply},,staff; exact grants require handler review,{applying || stale || !acceptedFields.length},UNCLASSIFIED; inspect before execution,,,C-bae18ddedd,shared_caller_pending,S-bae18ddedd,no,yes,BLOCKED,src/components/admin/AdminContentCopilot.tsx:747,BLOCKED_EXTERNAL,no current rendered action execution,,not exercised in rendered session,,source-declared control; full handler chain not individually verified,not executed on current branch,not observed,"resolve rendered caller and actor/state; isolated role sessions, DB and synthetic browser; provider readback where applicable",NOT_TESTED,,
S-e82fba79c4,SOURCE_CONTROL_OCCURRENCE,shared component; caller routes need runtime reconciliation,src/components/admin/AdminContentCopilot.tsx:769,Button,捨棄建議,onClick={onDiscard},,staff; exact grants require handler review,{applying},UNCLASSIFIED; inspect before execution,,,C-e82fba79c4,shared_caller_pending,S-e82fba79c4,no,yes,BLOCKED,src/components/admin/AdminContentCopilot.tsx:769,BLOCKED_EXTERNAL,no current rendered action execution,,not exercised in rendered session,,source-declared control; full handler chain not individually verified,not executed on current branch,not observed,"resolve rendered caller and actor/state; isolated role sessions, DB and synthetic browser; provider readback where applicable",NOT_TESTED,,
S-bc95bb7e3d,SOURCE_CONTROL_OCCURRENCE,shared component; caller routes need runtime reconciliation,src/components/admin/AdminContentCopilot.tsx:778,Button,重新產生,onClick={onRegenerate},,staff; exact grants require handler review,{applying},UNCLASSIFIED; inspect before execution,,,C-bc95bb7e3d,shared_caller_pending,S-bc95bb7e3d,no,yes,BLOCKED,src/components/admin/AdminContentCopilot.tsx:778,BLOCKED_EXTERNAL,no current rendered action execution,,not exercised in rendered session,,source-declared control; full handler chain not individually verified,not executed on current branch,not observed,"resolve rendered caller and actor/state; isolated role sessions, DB and synthetic browser; provider readback where applicable",NOT_TESTED,,
S-13716c6dfa,SOURCE_CONTROL_OCCURRENCE,shared component; caller routes need runtime reconciliation,src/components/admin/AdminDetailPanel.tsx:28,Sheet,{},onOpenChange={onOpenChange},,staff; exact grants require handler review,runtime role/state not reconciled,UNCLASSIFIED; inspect before execution,,,C-13716c6dfa,container_wrapper_candidate,S-13716c6dfa,no,yes,BLOCKED,src/components/admin/AdminDetailPanel.tsx:28,BLOCKED_EXTERNAL,no current rendered action execution,,not exercised in rendered session,,source-declared control; full handler chain not individually verified,not executed on current branch,not observed,"resolve rendered caller and actor/state; isolated role sessions, DB and synthetic browser; provider readback where applicable",NOT_TESTED,,
S-c7ae3266a4,SOURCE_CONTROL_OCCURRENCE,shared component; caller routes need runtime reconciliation,src/components/admin/AdminPropertyBulkActions.tsx:112,select,"""批量修改範圍""","onChange={(e) => {
              setScope(e.target.value as Scope);
              setActionType(""offline"");
            }}",,staff; exact grants require handler review,runtime role/state not reconciled,UNCLASSIFIED; inspect before execution,,,C-c7ae3266a4,shared_caller_pending,S-c7ae3266a4,no,yes,BLOCKED,src/components/admin/AdminPropertyBulkActions.tsx:112,BLOCKED_EXTERNAL,no current rendered action execution,,not exercised in rendered session,,source-declared control; full handler chain not individually verified,not executed on current branch,not observed,"resolve rendered caller and actor/state; isolated role sessions, DB and synthetic browser; provider readback where applicable",NOT_TESTED,,
S-5331750b6a,SOURCE_CONTROL_OCCURRENCE,shared component; caller routes need runtime reconciliation,src/components/admin/AdminPropertyBulkActions.tsx:125,select,"""批量操作""",onChange={(e) => setActionType(e.target.value)},,staff; exact grants require handler review,runtime role/state not reconciled,UNCLASSIFIED; inspect before execution,,,C-5331750b6a,shared_caller_pending,S-5331750b6a,no,yes,BLOCKED,src/components/admin/AdminPropertyBulkActions.tsx:125,BLOCKED_EXTERNAL,no current rendered action execution,,not exercised in rendered session,,source-declared control; full handler chain not individually verified,not executed on current branch,not observed,"resolve rendered caller and actor/state; isolated role sessions, DB and synthetic browser; provider readback where applicable",NOT_TESTED,,
S-74f011d073,SOURCE_CONTROL_OCCURRENCE,shared component; caller routes need runtime reconciliation,src/components/admin/AdminPropertyBulkActions.tsx:144,select,"""批量指定代理""",onChange={(e) => setAgentId(e.target.value)},,staff; exact grants require handler review,runtime role/state not reconciled,UNCLASSIFIED; inspect before execution,,,C-74f011d073,shared_caller_pending,S-74f011d073,no,yes,BLOCKED,src/components/admin/AdminPropertyBulkActions.tsx:144,BLOCKED_EXTERNAL,no current rendered action execution,,not exercised in rendered session,,source-declared control; full handler chain not individually verified,not executed on current branch,not observed,"resolve rendered caller and actor/state; isolated role sessions, DB and synthetic browser; provider readback where applicable",NOT_TESTED,,
S-b7d3ed83d0,SOURCE_CONTROL_OCCURRENCE,shared component; caller routes need runtime reconciliation,src/components/admin/AdminPropertyBulkActions.tsx:158,Button,核對修改（ {ready.length} ）,"onClick={() =>
              setPending({
                input: {
                  scope,
                  action,
                  items: ready.map((p) => ({
                    propertyNo: p.row.propertyNo,
                    expectedVersion: p.row.version,
                  })),
                },
                rows: ready.map((p) => ({
                  propertyNo: p.row.propertyNo,
                  before: p.before,
                  offerCount: p.offerCount,
                })),
                nextLabel,
              })
            }",,staff; exact grants require handler review,{!ready.length},UNCLASSIFIED; inspect before execution,,,C-b7d3ed83d0,shared_caller_pending,S-b7d3ed83d0,no,yes,BLOCKED,src/components/admin/AdminPropertyBulkActions.tsx:158,BLOCKED_EXTERNAL,no current rendered action execution,,not exercised in rendered session,,source-declared control; full handler chain not individually verified,not executed on current branch,not observed,"resolve rendered caller and actor/state; isolated role sessions, DB and synthetic browser; provider readback where applicable",NOT_TESTED,,
S-eb77304566,SOURCE_CONTROL_OCCURRENCE,shared component; caller routes need runtime reconciliation,src/components/admin/AdminPropertyBulkActions.tsx:181,Button,建立 WhatsApp 連結（本頁已選 {rows.length} 個）,onClick={() => onWhatsappLinks(rows)},,staff; exact grants require handler review,{!rows.length},UNCLASSIFIED; inspect before execution,,,C-eb77304566,shared_caller_pending,S-eb77304566,no,yes,BLOCKED,src/components/admin/AdminPropertyBulkActions.tsx:181,BLOCKED_EXTERNAL,no current rendered action execution,,not exercised in rendered session,,source-declared control; full handler chain not individually verified,not executed on current branch,not observed,"resolve rendered caller and actor/state; isolated role sessions, DB and synthetic browser; provider readback where applicable",NOT_TESTED,,
S-2e8e18b339,SOURCE_CONTROL_OCCURRENCE,shared component; caller routes need runtime reconciliation,src/components/admin/AdminPropertyBulkActions.tsx:184,Button,取消勾選,onClick={onClear},,staff; exact grants require handler review,{!rows.length},UNCLASSIFIED; inspect before execution,,,C-2e8e18b339,shared_caller_pending,S-2e8e18b339,no,yes,BLOCKED,src/components/admin/AdminPropertyBulkActions.tsx:184,BLOCKED_EXTERNAL,no current rendered action execution,,not exercised in rendered session,,source-declared control; full handler chain not individually verified,not executed on current branch,not observed,"resolve rendered caller and actor/state; isolated role sessions, DB and synthetic browser; provider readback where applicable",NOT_TESTED,,
S-73a63d678d,SOURCE_CONTROL_OCCURRENCE,shared component; caller routes need runtime reconciliation,src/components/admin/AdminPropertyBulkActions.tsx:227,Button,重新載入並核對結果,"onClick={() => {
            setNeedsReload(false);
            onClear();
            onReload();
          }}",,staff; exact grants require handler review,{disabled || busy},UNCLASSIFIED; inspect before execution,,,C-73a63d678d,shared_caller_pending,S-73a63d678d,no,yes,BLOCKED,src/components/admin/AdminPropertyBulkActions.tsx:227,BLOCKED_EXTERNAL,no current rendered action execution,,not exercised in rendered session,,source-declared control; full handler chain not individually verified,not executed on current branch,not observed,"resolve rendered caller and actor/state; isolated role sessions, DB and synthetic browser; provider readback where applicable",NOT_TESTED,,
S-4c9aceefdd,SOURCE_CONTROL_OCCURRENCE,shared component; caller routes need runtime reconciliation,src/components/admin/AdminPropertyBulkActions.tsx:240,AdminConfirmDialog,dynamic/no static accessible name,"onOpenChange={(open) => {
          if (!open) setPending(null);
        }} | onConfirm={() => void submit()}",,staff; exact grants require handler review,{disabled},UNCLASSIFIED; inspect before execution,,,C-4c9aceefdd,shared_caller_pending,S-4c9aceefdd,no,yes,BLOCKED,src/components/admin/AdminPropertyBulkActions.tsx:240,BLOCKED_EXTERNAL,no current rendered action execution,,not exercised in rendered session,,source-declared control; full handler chain not individually verified,not executed on current branch,not observed,"resolve rendered caller and actor/state; isolated role sessions, DB and synthetic browser; provider readback where applicable",NOT_TESTED,,
S-a52350d1fe,SOURCE_CONTROL_OCCURRENCE,shared component; caller routes need runtime reconciliation,src/components/admin/AdminPropertyTable.tsx:47,Link,# {row.propertyNo},,"""/admin/listings/$id""",staff; exact grants require handler review,runtime role/state not reconciled,navigation; destination may have side effects,,,C-a52350d1fe,shared_caller_pending,S-a52350d1fe,no,yes,BLOCKED,src/components/admin/AdminPropertyTable.tsx:47,BLOCKED_EXTERNAL,no current rendered action execution,,not exercised in rendered session,,source-declared control; full handler chain not individually verified,not executed on current branch,not observed,"resolve rendered caller and actor/state; isolated role sessions, DB and synthetic browser; provider readback where applicable",NOT_TESTED,,
S-a987aee839,SOURCE_CONTROL_OCCURRENCE,shared component; caller routes need runtime reconciliation,src/components/admin/AdminPropertyTable.tsx:74,Button,dynamic/no static accessible name,,,staff; exact grants require handler review,runtime role/state not reconciled,local input/semantic wrapper,,,C-a987aee839,shared_caller_pending,S-a987aee839,no,yes,BLOCKED,src/components/admin/AdminPropertyTable.tsx:74,BLOCKED_EXTERNAL,no current rendered action execution,,not exercised in rendered session,,source-declared control; full handler chain not individually verified,not executed on current branch,not observed,"resolve rendered caller and actor/state; isolated role sessions, DB and synthetic browser; provider readback where applicable",NOT_TESTED,,
S-60fe151c15,SOURCE_CONTROL_OCCURRENCE,shared component; caller routes need runtime reconciliation,src/components/admin/AdminPropertyTable.tsx:75,Link,管理,,"""/admin/listings/$id""",staff; exact grants require handler review,runtime role/state not reconciled,navigation; destination may have side effects,,,C-60fe151c15,shared_caller_pending,S-60fe151c15,no,yes,BLOCKED,src/components/admin/AdminPropertyTable.tsx:75,BLOCKED_EXTERNAL,no current rendered action execution,,not exercised in rendered session,,source-declared control; full handler chain not individually verified,not executed on current branch,not observed,"resolve rendered caller and actor/state; isolated role sessions, DB and synthetic browser; provider readback where applicable",NOT_TESTED,,
S-5d4cbdeb8e,SOURCE_CONTROL_OCCURRENCE,shared component; caller routes need runtime reconciliation,src/components/admin/AdminPropertyTable.tsx:80,Button,dynamic/no static accessible name,,,staff; exact grants require handler review,runtime role/state not reconciled,local input/semantic wrapper,,,C-5d4cbdeb8e,shared_caller_pending,S-a987aee839,yes,yes,BLOCKED,src/components/admin/AdminPropertyTable.tsx:80,BLOCKED_EXTERNAL,no current rendered action execution,,not exercised in rendered session,,source-declared control; full handler chain not individually verified,not executed on current branch,not observed,"resolve rendered caller and actor/state; isolated role sessions, DB and synthetic browser; provider readback where applicable",NOT_TESTED,,
S-b9ea4af2cf,SOURCE_CONTROL_OCCURRENCE,shared component; caller routes need runtime reconciliation,src/components/admin/AdminPropertyTable.tsx:81,Link,公開預覽,,"""/property/$listingNo""",staff; exact grants require handler review,runtime role/state not reconciled,navigation; destination may have side effects,,,C-b9ea4af2cf,shared_caller_pending,S-b9ea4af2cf,no,yes,BLOCKED,src/components/admin/AdminPropertyTable.tsx:81,BLOCKED_EXTERNAL,no current rendered action execution,,not exercised in rendered session,,source-declared control; full handler chain not individually verified,not executed on current branch,not observed,"resolve rendered caller and actor/state; isolated role sessions, DB and synthetic browser; provider readback where applicable",NOT_TESTED,,
S-d29b5b6910,SOURCE_CONTROL_OCCURRENCE,shared component; caller routes need runtime reconciliation,src/components/admin/AdminPropertyTable.tsx:119,input,{`選擇物業 ${row.propertyNo}`},onChange={() => onToggle(row.propertyNo)},,staff; exact grants require handler review,{disabled || !canSelectProperty(row)},UNCLASSIFIED; inspect before execution,,,C-d29b5b6910,shared_caller_pending,S-d29b5b6910,no,yes,BLOCKED,src/components/admin/AdminPropertyTable.tsx:119,BLOCKED_EXTERNAL,no current rendered action execution,,not exercised in rendered session,,source-declared control; full handler chain not individually verified,not executed on current branch,not observed,"resolve rendered caller and actor/state; isolated role sessions, DB and synthetic browser; provider readback where applicable",NOT_TESTED,,
S-4882c26321,SOURCE_CONTROL_OCCURRENCE,shared component; caller routes need runtime reconciliation,src/components/admin/AdminPropertyTable.tsx:131,input,"""選擇本頁全部可管理物業""",onChange={onToggleAll},,staff; exact grants require handler review,{disabled || !selectable.length},UNCLASSIFIED; inspect before execution,,,C-4882c26321,shared_caller_pending,S-4882c26321,no,yes,BLOCKED,src/components/admin/AdminPropertyTable.tsx:131,BLOCKED_EXTERNAL,no current rendered action execution,,not exercised in rendered session,,source-declared control; full handler chain not individually verified,not executed on current branch,not observed,"resolve rendered caller and actor/state; isolated role sessions, DB and synthetic browser; provider readback where applicable",NOT_TESTED,,
S-acd6dac441,SOURCE_CONTROL_OCCURRENCE,shared component; caller routes need runtime reconciliation,src/components/admin/AdminPropertyWorkspace.tsx:185,Button,dynamic/no static accessible name,,,staff; exact grants require handler review,runtime role/state not reconciled,local input/semantic wrapper,,,C-acd6dac441,shared_caller_pending,S-acd6dac441,no,yes,BLOCKED,src/components/admin/AdminPropertyWorkspace.tsx:185,BLOCKED_EXTERNAL,no current rendered action execution,,not exercised in rendered session,,source-declared control; full handler chain not individually verified,not executed on current branch,not observed,"resolve rendered caller and actor/state; isolated role sessions, DB and synthetic browser; provider readback where applicable",NOT_TESTED,,
S-2d65ff00b0,SOURCE_CONTROL_OCCURRENCE,shared component; caller routes need runtime reconciliation,src/components/admin/AdminPropertyWorkspace.tsx:186,Link,公開預覽,,"""/property/$listingNo""",staff; exact grants require handler review,runtime role/state not reconciled,navigation; destination may have side effects,,,C-2d65ff00b0,shared_caller_pending,S-2d65ff00b0,no,yes,BLOCKED,src/components/admin/AdminPropertyWorkspace.tsx:186,BLOCKED_EXTERNAL,no current rendered action execution,,not exercised in rendered session,,source-declared control; full handler chain not individually verified,not executed on current branch,not observed,"resolve rendered caller and actor/state; isolated role sessions, DB and synthetic browser; provider readback where applicable",NOT_TESTED,,
S-537a851c0b,SOURCE_CONTROL_OCCURRENCE,shared component; caller routes need runtime reconciliation,src/components/admin/AdminPropertyWorkspace.tsx:242,input,dynamic/no static accessible name,"onChange={(e) =>
                          setConfirmedFields((keys) =>
                            e.target.checked
                              ? [...keys, c.field]
                              : keys.filter((key) => key !== c.field),
                          )
                        }",,staff; exact grants require handler review,{!editable || busy || uploading},UNCLASSIFIED; inspect before execution,,,C-537a851c0b,shared_caller_pending,S-537a851c0b,no,yes,BLOCKED,src/components/admin/AdminPropertyWorkspace.tsx:242,BLOCKED_EXTERNAL,no current rendered action execution,,not exercised in rendered session,,source-declared control; full handler chain not individually verified,not executed on current branch,not observed,"resolve rendered caller and actor/state; isolated role sessions, DB and synthetic browser; provider readback where applicable",NOT_TESTED,,
S-49f5b7bac2,SOURCE_CONTROL_OCCURRENCE,shared component; caller routes need runtime reconciliation,src/components/admin/AdminPropertyWorkspace.tsx:266,Button,重新載入最新資料,onClick={() => setReloadConfirm(true)},,staff; exact grants require handler review,{busy || uploading},UNCLASSIFIED; inspect before execution,,,C-49f5b7bac2,shared_caller_pending,S-49f5b7bac2,no,yes,BLOCKED,src/components/admin/AdminPropertyWorkspace.tsx:266,BLOCKED_EXTERNAL,no current rendered action execution,,not exercised in rendered session,,source-declared control; full handler chain not individually verified,not executed on current branch,not observed,"resolve rendered caller and actor/state; isolated role sessions, DB and synthetic browser; provider readback where applicable",NOT_TESTED,,
S-44538ae2f3,SOURCE_CONTROL_OCCURRENCE,shared component; caller routes need runtime reconciliation,src/components/admin/AdminPropertyWorkspace.tsx:277,Button,"{t === ""shared"" ? ""共用資料與相片"" : t === ""sale"" ? ""出售設定"" : ""出租設定""}","onClick={() => {
              if (t !== tab) {
                if (dirty) setNextTab(t);
                else choose(t);
              }
            }}",,staff; exact grants require handler review,{busy || uploading},UNCLASSIFIED; inspect before execution,,,C-44538ae2f3,shared_caller_pending,S-44538ae2f3,no,yes,BLOCKED,src/components/admin/AdminPropertyWorkspace.tsx:277,BLOCKED_EXTERNAL,no current rendered action execution,,not exercised in rendered session,,source-declared control; full handler chain not individually verified,not executed on current branch,not observed,"resolve rendered caller and actor/state; isolated role sessions, DB and synthetic browser; provider readback where applicable",NOT_TESTED,,
S-f7e8b316c1,SOURCE_CONTROL_OCCURRENCE,shared component; caller routes need runtime reconciliation,src/components/admin/AdminPropertyWorkspace.tsx:293,form,dynamic/no static accessible name,"onSubmit={(e) => {
          e.preventDefault();
          submit();
        }}",,staff; exact grants require handler review,runtime role/state not reconciled,UNCLASSIFIED; inspect before execution,,,C-f7e8b316c1,shared_caller_pending,S-f7e8b316c1,no,yes,BLOCKED,src/components/admin/AdminPropertyWorkspace.tsx:293,BLOCKED_EXTERNAL,no current rendered action execution,,not exercised in rendered session,,source-declared control; full handler chain not individually verified,not executed on current branch,not observed,"resolve rendered caller and actor/state; isolated role sessions, DB and synthetic browser; provider readback where applicable",NOT_TESTED,,
S-ca95e3008a,SOURCE_CONTROL_OCCURRENCE,shared component; caller routes need runtime reconciliation,src/components/admin/AdminPropertyWorkspace.tsx:331,Input,dynamic/no static accessible name,"onChange={(e) =>
                        setShared((s) => ({
                          ...s,
                          [key]: [""saleable_area"", ""bedrooms"", ""bathrooms""].includes(key)
                            ? e.target.value === """"
                              ? null
                              : Number(e.target.value)
                            : e.target.value || (key === ""title_zh"" ? """" : null),
                        }))
                      }",,staff; exact grants require handler review,runtime role/state not reconciled,UNCLASSIFIED; inspect before execution,,,C-ca95e3008a,shared_caller_pending,S-ca95e3008a,no,yes,BLOCKED,src/components/admin/AdminPropertyWorkspace.tsx:331,BLOCKED_EXTERNAL,no current rendered action execution,,not exercised in rendered session,,source-declared control; full handler chain not individually verified,not executed on current branch,not observed,"resolve rendered caller and actor/state; isolated role sessions, DB and synthetic browser; provider readback where applicable",NOT_TESTED,,
S-9474e15c95,SOURCE_CONTROL_OCCURRENCE,shared component; caller routes need runtime reconciliation,src/components/admin/AdminPropertyWorkspace.tsx:355,select,{estates.map((e) => ( <option key={e.id} value={e.id}> {e.name_zh} </option> ))},"onChange={(e) =>
                      setShared((s) => ({ ...s, estate_id: e.target.value || null }))
                    }",,staff; exact grants require handler review,runtime role/state not reconciled,UNCLASSIFIED; inspect before execution,,,C-9474e15c95,shared_caller_pending,S-9474e15c95,no,yes,BLOCKED,src/components/admin/AdminPropertyWorkspace.tsx:355,BLOCKED_EXTERNAL,no current rendered action execution,,not exercised in rendered session,,source-declared control; full handler chain not individually verified,not executed on current branch,not observed,"resolve rendered caller and actor/state; isolated role sessions, DB and synthetic browser; provider readback where applicable",NOT_TESTED,,
S-921e1425b0,SOURCE_CONTROL_OCCURRENCE,shared component; caller routes need runtime reconciliation,src/components/admin/AdminPropertyWorkspace.tsx:372,select,{districts.map((d) => ( <option key={d.slug} value={d.slug}> {d.name_zh} </option> ))},"onChange={(e) => setShared((s) => ({ ...s, district_slug: e.target.value }))}",,staff; exact grants require handler review,runtime role/state not reconciled,UNCLASSIFIED; inspect before execution,,,C-921e1425b0,shared_caller_pending,S-921e1425b0,no,yes,BLOCKED,src/components/admin/AdminPropertyWorkspace.tsx:372,BLOCKED_EXTERNAL,no current rendered action execution,,not exercised in rendered session,,source-declared control; full handler chain not individually verified,not executed on current branch,not observed,"resolve rendered caller and actor/state; isolated role sessions, DB and synthetic browser; provider readback where applicable",NOT_TESTED,,
S-15d04f69cd,SOURCE_CONTROL_OCCURRENCE,shared component; caller routes need runtime reconciliation,src/components/admin/AdminPropertyWorkspace.tsx:388,Textarea,dynamic/no static accessible name,"onChange={(e) =>
                    setShared((s) => ({ ...s, description: e.target.value || null }))
                  }",,staff; exact grants require handler review,runtime role/state not reconciled,UNCLASSIFIED; inspect before execution,,,C-15d04f69cd,shared_caller_pending,S-15d04f69cd,no,yes,BLOCKED,src/components/admin/AdminPropertyWorkspace.tsx:388,BLOCKED_EXTERNAL,no current rendered action execution,,not exercised in rendered session,,source-declared control; full handler chain not individually verified,not executed on current branch,not observed,"resolve rendered caller and actor/state; isolated role sessions, DB and synthetic browser; provider readback where applicable",NOT_TESTED,,
S-63e8754d91,SOURCE_CONTROL_OCCURRENCE,shared component; caller routes need runtime reconciliation,src/components/admin/AdminPropertyWorkspace.tsx:400,ImageUploader,dynamic/no static accessible name,"onUploadingChange={setUploading} | onChange={(value) =>
                    setShared((s) => ({
                      ...s,
                      images: typeof value === ""function"" ? value(s.images) : value,
                    }))
                  }",,staff; exact grants require handler review,{!editable || busy},UNCLASSIFIED; inspect before execution,,,C-63e8754d91,shared_caller_pending,S-63e8754d91,no,yes,BLOCKED,src/components/admin/AdminPropertyWorkspace.tsx:400,BLOCKED_EXTERNAL,no current rendered action execution,,not exercised in rendered session,,source-declared control; full handler chain not individually verified,not executed on current branch,not observed,"resolve rendered caller and actor/state; isolated role sessions, DB and synthetic browser; provider readback where applicable",NOT_TESTED,,
S-f4b0262b81,SOURCE_CONTROL_OCCURRENCE,shared component; caller routes need runtime reconciliation,src/components/admin/AdminPropertyWorkspace.tsx:421,Textarea,dynamic/no static accessible name,"onChange={(e) =>
                          setShared((s) => ({ ...s, [key]: e.target.value || null }))
                        }",,staff; exact grants require handler review,runtime role/state not reconciled,UNCLASSIFIED; inspect before execution,,,C-f4b0262b81,shared_caller_pending,S-f4b0262b81,no,yes,BLOCKED,src/components/admin/AdminPropertyWorkspace.tsx:421,BLOCKED_EXTERNAL,no current rendered action execution,,not exercised in rendered session,,source-declared control; full handler chain not individually verified,not executed on current branch,not observed,"resolve rendered caller and actor/state; isolated role sessions, DB and synthetic browser; provider readback where applicable",NOT_TESTED,,
S-834dfaaf48,SOURCE_CONTROL_OCCURRENCE,shared component; caller routes need runtime reconciliation,src/components/admin/AdminPropertyWorkspace.tsx:442,Input,dynamic/no static accessible name,"onChange={(e) => setOffer((s) => ({ ...s, amount: e.target.value }))}",,staff; exact grants require handler review,runtime role/state not reconciled,UNCLASSIFIED; inspect before execution,,,C-834dfaaf48,shared_caller_pending,S-834dfaaf48,no,yes,BLOCKED,src/components/admin/AdminPropertyWorkspace.tsx:442,BLOCKED_EXTERNAL,no current rendered action execution,,not exercised in rendered session,,source-declared control; full handler chain not individually verified,not executed on current branch,not observed,"resolve rendered caller and actor/state; isolated role sessions, DB and synthetic browser; provider readback where applicable",NOT_TESTED,,
S-7f8271748a,SOURCE_CONTROL_OCCURRENCE,shared component; caller routes need runtime reconciliation,src/components/admin/AdminPropertyWorkspace.tsx:453,select,"{[ ""draft"", ""active"", ""offline"", ...(current?.status === ""inactive"" ? [""inactive""] : []), tab === ""sale"" ? ""sold"" : ""rented"", ].map((s) => ( <option k","onChange={(e) => setOffer((s) => ({ ...s, status: e.target.value }))}",,staff; exact grants require handler review,runtime role/state not reconciled,UNCLASSIFIED; inspect before execution,,,C-7f8271748a,shared_caller_pending,S-7f8271748a,no,yes,BLOCKED,src/components/admin/AdminPropertyWorkspace.tsx:453,BLOCKED_EXTERNAL,no current rendered action execution,,not exercised in rendered session,,source-declared control; full handler chain not individually verified,not executed on current branch,not observed,"resolve rendered caller and actor/state; isolated role sessions, DB and synthetic browser; provider readback where applicable",NOT_TESTED,,
S-02426320ff,SOURCE_CONTROL_OCCURRENCE,shared component; caller routes need runtime reconciliation,src/components/admin/AdminPropertyWorkspace.tsx:473,select,"{agents.map((a) => ( <option key={a.id} value={a.id}> {a.name ?? a.email ?? ""未命名代理""} </option> ))}","onChange={(e) => setOffer((s) => ({ ...s, agentId: e.target.value }))}",,staff; exact grants require handler review,runtime role/state not reconciled,UNCLASSIFIED; inspect before execution,,,C-02426320ff,shared_caller_pending,S-02426320ff,no,yes,BLOCKED,src/components/admin/AdminPropertyWorkspace.tsx:473,BLOCKED_EXTERNAL,no current rendered action execution,,not exercised in rendered session,,source-declared control; full handler chain not individually verified,not executed on current branch,not observed,"resolve rendered caller and actor/state; isolated role sessions, DB and synthetic browser; provider readback where applicable",NOT_TESTED,,
S-20d875ba14,SOURCE_CONTROL_OCCURRENCE,shared component; caller routes need runtime reconciliation,src/components/admin/AdminPropertyWorkspace.tsx:489,Textarea,dynamic/no static accessible name,"onChange={(e) => setOffer((s) => ({ ...s, description: e.target.value }))}",,staff; exact grants require handler review,runtime role/state not reconciled,UNCLASSIFIED; inspect before execution,,,C-20d875ba14,shared_caller_pending,S-20d875ba14,no,yes,BLOCKED,src/components/admin/AdminPropertyWorkspace.tsx:489,BLOCKED_EXTERNAL,no current rendered action execution,,not exercised in rendered session,,source-declared control; full handler chain not individually verified,not executed on current branch,not observed,"resolve rendered caller and actor/state; isolated role sessions, DB and synthetic browser; provider readback where applicable",NOT_TESTED,,
S-79345bd05f,SOURCE_CONTROL_OCCURRENCE,shared component; caller routes need runtime reconciliation,src/components/admin/AdminPropertyWorkspace.tsx:498,Button,"{busy ? ""儲存中…"" : uploading ? ""相片上載中…"" : tab === ""shared"" ? ""儲存共用資料"" : tab === ""sale"" ? ""儲存出售設定"" : ""儲存出租設定""}",,,staff; exact grants require handler review,"{uploading || busy || (!dirty && (tab === ""shared"" || !!current))}",local input/semantic wrapper,,,C-79345bd05f,shared_caller_pending,S-79345bd05f,no,yes,BLOCKED,src/components/admin/AdminPropertyWorkspace.tsx:498,BLOCKED_EXTERNAL,no current rendered action execution,,not exercised in rendered session,,source-declared control; full handler chain not individually verified,not executed on current branch,not observed,"resolve rendered caller and actor/state; isolated role sessions, DB and synthetic browser; provider readback where applicable",NOT_TESTED,,
S-a6991222d0,SOURCE_CONTROL_OCCURRENCE,shared component; caller routes need runtime reconciliation,src/components/admin/AdminPropertyWorkspace.tsx:521,Button,"下架 {deal === ""sale"" ? ""出售"" : ""出租""}","onClick={() => setPending({ scope: deal, status: ""offline"" })}",,staff; exact grants require handler review,"{
                busy ||
                uploading ||
                dirty ||
                !detail.managementAvailable ||
                refreshNeeded ||
                !detail.offerings[deal]?.editable ||
                detail.offerings[deal]?.status === ""offline""
              }",UNCLASSIFIED; inspect before execution,,,C-a6991222d0,shared_caller_pending,S-a6991222d0,no,yes,BLOCKED,src/components/admin/AdminPropertyWorkspace.tsx:521,BLOCKED_EXTERNAL,no current rendered action execution,,not exercised in rendered session,,source-declared control; full handler chain not individually verified,not executed on current branch,not observed,"resolve rendered caller and actor/state; isolated role sessions, DB and synthetic browser; provider readback where applicable",NOT_TESTED,,
S-0c66e213ef,SOURCE_CONTROL_OCCURRENCE,shared component; caller routes need runtime reconciliation,src/components/admin/AdminPropertyWorkspace.tsx:539,Button,全部下架,"onClick={() => setPending({ scope: ""all"", status: ""offline"" })}",,staff; exact grants require handler review,"{
            busy ||
            uploading ||
            dirty ||
            !detail.managementAvailable ||
            refreshNeeded ||
            !detail.editableShared
          }",UNCLASSIFIED; inspect before execution,,,C-0c66e213ef,shared_caller_pending,S-0c66e213ef,no,yes,BLOCKED,src/components/admin/AdminPropertyWorkspace.tsx:539,BLOCKED_EXTERNAL,no current rendered action execution,,not exercised in rendered session,,source-declared control; full handler chain not individually verified,not executed on current branch,not observed,"resolve rendered caller and actor/state; isolated role sessions, DB and synthetic browser; provider readback where applicable",NOT_TESTED,,
S-192ef48479,SOURCE_CONTROL_OCCURRENCE,shared component; caller routes need runtime reconciliation,src/components/admin/AdminPropertyWorkspace.tsx:571,AdminConfirmDialog,dynamic/no static accessible name,"onOpenChange={(open) => {
          if (!open) setPending(null);
        }} | onConfirm={() => {
          if (pending) void save(pending.scope, { status: pending.status });
        }}",,staff; exact grants require handler review,runtime role/state not reconciled,UNCLASSIFIED; inspect before execution,,,C-192ef48479,shared_caller_pending,S-192ef48479,no,yes,BLOCKED,src/components/admin/AdminPropertyWorkspace.tsx:571,BLOCKED_EXTERNAL,no current rendered action execution,,not exercised in rendered session,,source-declared control; full handler chain not individually verified,not executed on current branch,not observed,"resolve rendered caller and actor/state; isolated role sessions, DB and synthetic browser; provider readback where applicable",NOT_TESTED,,
S-c36f7fc5cc,SOURCE_CONTROL_OCCURRENCE,shared component; caller routes need runtime reconciliation,src/components/admin/AdminPropertyWorkspace.tsx:594,AdminConfirmDialog,dynamic/no static accessible name,"onOpenChange={(open) => {
          if (!open) setNextTab(null);
        }} | onConfirm={() => {
          if (nextTab) choose(nextTab);
        }}",,staff; exact grants require handler review,runtime role/state not reconciled,UNCLASSIFIED; inspect before execution,,,C-c36f7fc5cc,shared_caller_pending,S-c36f7fc5cc,no,yes,BLOCKED,src/components/admin/AdminPropertyWorkspace.tsx:594,BLOCKED_EXTERNAL,no current rendered action execution,,not exercised in rendered session,,source-declared control; full handler chain not individually verified,not executed on current branch,not observed,"resolve rendered caller and actor/state; isolated role sessions, DB and synthetic browser; provider readback where applicable",NOT_TESTED,,
S-a5e70cf3a1,SOURCE_CONTROL_OCCURRENCE,shared component; caller routes need runtime reconciliation,src/components/admin/AdminPropertyWorkspace.tsx:606,AdminConfirmDialog,dynamic/no static accessible name,"onOpenChange={setReloadConfirm} | onConfirm={() => {
          setBusy(true);
          void reload()
            .then(() => setReloadConfirm(false))
            .catch((e) => setError(e instanceof Error ? e.message : ""載入失敗""))
            .finally(() => setBusy(false));
        }}",,staff; exact grants require handler review,runtime role/state not reconciled,UNCLASSIFIED; inspect before execution,,,C-a5e70cf3a1,shared_caller_pending,S-a5e70cf3a1,no,yes,BLOCKED,src/components/admin/AdminPropertyWorkspace.tsx:606,BLOCKED_EXTERNAL,no current rendered action execution,,not exercised in rendered session,,source-declared control; full handler chain not individually verified,not executed on current branch,not observed,"resolve rendered caller and actor/state; isolated role sessions, DB and synthetic browser; provider readback where applicable",NOT_TESTED,,
S-65f79ca57f,SOURCE_CONTROL_OCCURRENCE,shared component; caller routes need runtime reconciliation,src/components/admin/AdminShell.tsx:249,Link,{item.label},onClick={onNavigate},{item.to},staff; exact grants require handler review,runtime role/state not reconciled,navigation; destination may have side effects,,,C-65f79ca57f,shared_caller_pending,S-65f79ca57f,no,yes,BLOCKED,src/components/admin/AdminShell.tsx:249,BLOCKED_EXTERNAL,no current rendered action execution,,not exercised in rendered session,,source-declared control; full handler chain not individually verified,not executed on current branch,not observed,"resolve rendered caller and actor/state; isolated role sessions, DB and synthetic browser; provider readback where applicable",NOT_TESTED,,
S-366f4b3ef1,SOURCE_CONTROL_OCCURRENCE,shared component; caller routes need runtime reconciliation,src/components/admin/AdminShell.tsx:310,Button,"{rechecking ? ""檢查中…"" : ""重新檢查""}",onClick={onRecheck},,staff; exact grants require handler review,{rechecking},UNCLASSIFIED; inspect before execution,,,C-366f4b3ef1,shared_caller_pending,S-366f4b3ef1,no,yes,BLOCKED,src/components/admin/AdminShell.tsx:310,BLOCKED_EXTERNAL,no current rendered action execution,,not exercised in rendered session,,source-declared control; full handler chain not individually verified,not executed on current branch,not observed,"resolve rendered caller and actor/state; isolated role sessions, DB and synthetic browser; provider readback where applicable",NOT_TESTED,,
S-6d52addd65,SOURCE_CONTROL_OCCURRENCE,shared component; caller routes need runtime reconciliation,src/components/admin/AdminShell.tsx:314,Button,登出,onClick={onSignOut},,staff; exact grants require handler review,runtime role/state not reconciled,UNCLASSIFIED; inspect before execution,,,C-6d52addd65,shared_caller_pending,S-6d52addd65,no,yes,BLOCKED,src/components/admin/AdminShell.tsx:314,BLOCKED_EXTERNAL,no current rendered action execution,,not exercised in rendered session,,source-declared control; full handler chain not individually verified,not executed on current branch,not observed,"resolve rendered caller and actor/state; isolated role sessions, DB and synthetic browser; provider readback where applicable",NOT_TESTED,,
S-be42e889b1,SOURCE_CONTROL_OCCURRENCE,shared component; caller routes need runtime reconciliation,src/components/admin/AdminShell.tsx:341,Link,查看公開網站,,"""/""",staff; exact grants require handler review,runtime role/state not reconciled,navigation; destination may have side effects,,,C-be42e889b1,shared_caller_pending,S-be42e889b1,no,yes,BLOCKED,src/components/admin/AdminShell.tsx:341,BLOCKED_EXTERNAL,no current rendered action execution,,not exercised in rendered session,,source-declared control; full handler chain not individually verified,not executed on current branch,not observed,"resolve rendered caller and actor/state; isolated role sessions, DB and synthetic browser; provider readback where applicable",NOT_TESTED,,
S-62eaf28245,SOURCE_CONTROL_OCCURRENCE,shared component; caller routes need runtime reconciliation,src/components/admin/AdminShell.tsx:432,Button,{},,,staff; exact grants require handler review,runtime role/state not reconciled,local input/semantic wrapper,,,C-62eaf28245,shared_caller_pending,S-62eaf28245,no,yes,BLOCKED,src/components/admin/AdminShell.tsx:432,BLOCKED_EXTERNAL,no current rendered action execution,,not exercised in rendered session,,source-declared control; full handler chain not individually verified,not executed on current branch,not observed,"resolve rendered caller and actor/state; isolated role sessions, DB and synthetic browser; provider readback where applicable",NOT_TESTED,,
S-6ff136f282,SOURCE_CONTROL_OCCURRENCE,shared component; caller routes need runtime reconciliation,src/components/admin/AdminShell.tsx:436,Link,登入後台,,"""/auth/$pathname""",staff; exact grants require handler review,runtime role/state not reconciled,navigation; destination may have side effects,,,C-6ff136f282,shared_caller_pending,S-6ff136f282,no,yes,BLOCKED,src/components/admin/AdminShell.tsx:436,BLOCKED_EXTERNAL,no current rendered action execution,,not exercised in rendered session,,source-declared control; full handler chain not individually verified,not executed on current branch,not observed,"resolve rendered caller and actor/state; isolated role sessions, DB and synthetic browser; provider readback where applicable",NOT_TESTED,,
S-a23b3bce72,SOURCE_CONTROL_OCCURRENCE,shared component; caller routes need runtime reconciliation,src/components/admin/AdminShell.tsx:463,Button,登出,onClick={() => setSignOutOpen(true)},,staff; exact grants require handler review,runtime role/state not reconciled,UNCLASSIFIED; inspect before execution,,,C-a23b3bce72,shared_caller_pending,S-a23b3bce72,no,yes,BLOCKED,src/components/admin/AdminShell.tsx:463,BLOCKED_EXTERNAL,no current rendered action execution,,not exercised in rendered session,,source-declared control; full handler chain not individually verified,not executed on current branch,not observed,"resolve rendered caller and actor/state; isolated role sessions, DB and synthetic browser; provider readback where applicable",NOT_TESTED,,
S-e776c617aa,SOURCE_CONTROL_OCCURRENCE,shared component; caller routes need runtime reconciliation,src/components/admin/AdminShell.tsx:481,Sheet,dynamic/no static accessible name,onOpenChange={setMobileNavOpen},,staff; exact grants require handler review,runtime role/state not reconciled,UNCLASSIFIED; inspect before execution,,,C-e776c617aa,container_wrapper_candidate,S-e776c617aa,no,yes,BLOCKED,src/components/admin/AdminShell.tsx:481,BLOCKED_EXTERNAL,no current rendered action execution,,not exercised in rendered session,,source-declared control; full handler chain not individually verified,not executed on current branch,not observed,"resolve rendered caller and actor/state; isolated role sessions, DB and synthetic browser; provider readback where applicable",NOT_TESTED,,
S-eb291f2a4d,SOURCE_CONTROL_OCCURRENCE,shared component; caller routes need runtime reconciliation,src/components/admin/AdminShell.tsx:482,SheetTrigger,dynamic/no static accessible name,,,staff; exact grants require handler review,runtime role/state not reconciled,local input/semantic wrapper,,,C-eb291f2a4d,shared_caller_pending,S-eb291f2a4d,no,yes,BLOCKED,src/components/admin/AdminShell.tsx:482,BLOCKED_EXTERNAL,no current rendered action execution,,not exercised in rendered session,,source-declared control; full handler chain not individually verified,not executed on current branch,not observed,"resolve rendered caller and actor/state; isolated role sessions, DB and synthetic browser; provider readback where applicable",NOT_TESTED,,
S-89e910b920,SOURCE_CONTROL_OCCURRENCE,shared component; caller routes need runtime reconciliation,src/components/admin/AdminShell.tsx:483,Button,"""開啟後台選單""",,,staff; exact grants require handler review,runtime role/state not reconciled,local input/semantic wrapper,,,C-89e910b920,shared_caller_pending,S-89e910b920,no,yes,BLOCKED,src/components/admin/AdminShell.tsx:483,BLOCKED_EXTERNAL,no current rendered action execution,,not exercised in rendered session,,source-declared control; full handler chain not individually verified,not executed on current branch,not observed,"resolve rendered caller and actor/state; isolated role sessions, DB and synthetic browser; provider readback where applicable",NOT_TESTED,,
S-7ce3b5aa36,SOURCE_CONTROL_OCCURRENCE,shared component; caller routes need runtime reconciliation,src/components/admin/AdminShell.tsx:499,AdminNav,dynamic/no static accessible name,onNavigate={() => setMobileNavOpen(false)},,staff; exact grants require handler review,runtime role/state not reconciled,UNCLASSIFIED; inspect before execution,,,C-7ce3b5aa36,shared_caller_pending,S-7ce3b5aa36,no,yes,BLOCKED,src/components/admin/AdminShell.tsx:499,BLOCKED_EXTERNAL,no current rendered action execution,,not exercised in rendered session,,source-declared control; full handler chain not individually verified,not executed on current branch,not observed,"resolve rendered caller and actor/state; isolated role sessions, DB and synthetic browser; provider readback where applicable",NOT_TESTED,,
S-8025f0b468,SOURCE_CONTROL_OCCURRENCE,shared component; caller routes need runtime reconciliation,src/components/admin/AdminShell.tsx:502,Button,登出,onClick={() => setSignOutOpen(true)},,staff; exact grants require handler review,runtime role/state not reconciled,UNCLASSIFIED; inspect before execution,,,C-8025f0b468,shared_caller_pending,S-a23b3bce72,yes,yes,BLOCKED,src/components/admin/AdminShell.tsx:502,BLOCKED_EXTERNAL,no current rendered action execution,,not exercised in rendered session,,source-declared control; full handler chain not individually verified,not executed on current branch,not observed,"resolve rendered caller and actor/state; isolated role sessions, DB and synthetic browser; provider readback where applicable",NOT_TESTED,,
S-c776602b67,SOURCE_CONTROL_OCCURRENCE,shared component; caller routes need runtime reconciliation,src/components/admin/AdminShell.tsx:531,a,核對本人登入姓名及帳戶資料,,"""/account/settings""",staff; exact grants require handler review,runtime role/state not reconciled,navigation; destination may have side effects,,,C-c776602b67,shared_caller_pending,S-c776602b67,no,yes,BLOCKED,src/components/admin/AdminShell.tsx:531,BLOCKED_EXTERNAL,no current rendered action execution,,not exercised in rendered session,,source-declared control; full handler chain not individually verified,not executed on current branch,not observed,"resolve rendered caller and actor/state; isolated role sessions, DB and synthetic browser; provider readback where applicable",NOT_TESTED,,
S-c5368e2345,SOURCE_CONTROL_OCCURRENCE,shared component; caller routes need runtime reconciliation,src/components/admin/AdminShell.tsx:538,Button,我已核對,"onClick={() => {
                  sessionStorage.setItem(
                    `earnest:first-login-checklist:${staffSession.staffId}`,
                    ""done"",
                  );
                  setShowFirstLogin(false);
                }}",,staff; exact grants require handler review,runtime role/state not reconciled,UNCLASSIFIED; inspect before execution,,,C-c5368e2345,shared_caller_pending,S-c5368e2345,no,yes,BLOCKED,src/components/admin/AdminShell.tsx:538,BLOCKED_EXTERNAL,no current rendered action execution,,not exercised in rendered session,,source-declared control; full handler chain not individually verified,not executed on current branch,not observed,"resolve rendered caller and actor/state; isolated role sessions, DB and synthetic browser; provider readback where applicable",NOT_TESTED,,
S-1d6babdb26,SOURCE_CONTROL_OCCURRENCE,shared component; caller routes need runtime reconciliation,src/components/admin/AdminShell.tsx:555,StaffAccessDenied,dynamic/no static accessible name,onRecheck={() => void refreshStaffSession()} | onSignOut={() => setSignOutOpen(true)},,staff; exact grants require handler review,runtime role/state not reconciled,UNCLASSIFIED; inspect before execution,,,C-1d6babdb26,shared_caller_pending,S-1d6babdb26,no,yes,BLOCKED,src/components/admin/AdminShell.tsx:555,BLOCKED_EXTERNAL,no current rendered action execution,,not exercised in rendered session,,source-declared control; full handler chain not individually verified,not executed on current branch,not observed,"resolve rendered caller and actor/state; isolated role sessions, DB and synthetic browser; provider readback where applicable",NOT_TESTED,,
S-e3a98ccae1,SOURCE_CONTROL_OCCURRENCE,shared component; caller routes need runtime reconciliation,src/components/admin/AdminShell.tsx:568,AdminConfirmDialog,dynamic/no static accessible name,onOpenChange={setSignOutOpen} | onConfirm={() => void handleSignOut()},,staff; exact grants require handler review,runtime role/state not reconciled,UNCLASSIFIED; inspect before execution,,,C-e3a98ccae1,shared_caller_pending,S-e3a98ccae1,no,yes,BLOCKED,src/components/admin/AdminShell.tsx:568,BLOCKED_EXTERNAL,no current rendered action execution,,not exercised in rendered session,,source-declared control; full handler chain not individually verified,not executed on current branch,not observed,"resolve rendered caller and actor/state; isolated role sessions, DB and synthetic browser; provider readback where applicable",NOT_TESTED,,
S-39a8c58cce,SOURCE_CONTROL_OCCURRENCE,shared component; caller routes need runtime reconciliation,src/components/admin/AdminStatusSelect.tsx:31,Select,dynamic/no static accessible name,onValueChange={onChange},,staff; exact grants require handler review,{disabled},UNCLASSIFIED; inspect before execution,,,C-39a8c58cce,shared_caller_pending,S-39a8c58cce,no,yes,BLOCKED,src/components/admin/AdminStatusSelect.tsx:31,BLOCKED_EXTERNAL,no current rendered action execution,,not exercised in rendered session,,source-declared control; full handler chain not individually verified,not executed on current branch,not observed,"resolve rendered caller and actor/state; isolated role sessions, DB and synthetic browser; provider readback where applicable",NOT_TESTED,,
S-f6a1a152a5,SOURCE_CONTROL_OCCURRENCE,shared component; caller routes need runtime reconciliation,src/components/admin/AgentProfileForm.tsx:150,form,"{leaveGuardDialog} {canManageIdentity ? ( <FormSection title=""帳戶及存取""> <Field label=""帳戶電郵"" htmlFor=""email"" error={fieldErrors.email}> <Input id=""email""",onSubmit={handleSubmit},,staff; exact grants require handler review,runtime role/state not reconciled,UNCLASSIFIED; inspect before execution,,,C-f6a1a152a5,shared_caller_pending,S-f6a1a152a5,no,yes,BLOCKED,src/components/admin/AgentProfileForm.tsx:150,BLOCKED_EXTERNAL,no current rendered action execution,,not exercised in rendered session,,source-declared control; full handler chain not individually verified,not executed on current branch,not observed,"resolve rendered caller and actor/state; isolated role sessions, DB and synthetic browser; provider readback where applicable",NOT_TESTED,,
S-318d306436,SOURCE_CONTROL_OCCURRENCE,shared component; caller routes need runtime reconciliation,src/components/admin/AgentProfileForm.tsx:154,Input,dynamic/no static accessible name,"onChange={(event) => set(""name_zh"", event.target.value)}",,staff; exact grants require handler review,runtime role/state not reconciled,UNCLASSIFIED; inspect before execution,,,C-318d306436,shared_caller_pending,S-318d306436,no,yes,BLOCKED,src/components/admin/AgentProfileForm.tsx:154,BLOCKED_EXTERNAL,no current rendered action execution,,not exercised in rendered session,,source-declared control; full handler chain not individually verified,not executed on current branch,not observed,"resolve rendered caller and actor/state; isolated role sessions, DB and synthetic browser; provider readback where applicable",NOT_TESTED,,
S-790c163cb4,SOURCE_CONTROL_OCCURRENCE,shared component; caller routes need runtime reconciliation,src/components/admin/AgentProfileForm.tsx:164,Input,dynamic/no static accessible name,"onChange={(event) => set(""name_en"", event.target.value)}",,staff; exact grants require handler review,runtime role/state not reconciled,UNCLASSIFIED; inspect before execution,,,C-790c163cb4,shared_caller_pending,S-790c163cb4,no,yes,BLOCKED,src/components/admin/AgentProfileForm.tsx:164,BLOCKED_EXTERNAL,no current rendered action execution,,not exercised in rendered session,,source-declared control; full handler chain not individually verified,not executed on current branch,not observed,"resolve rendered caller and actor/state; isolated role sessions, DB and synthetic browser; provider readback where applicable",NOT_TESTED,,
S-c372573c8e,SOURCE_CONTROL_OCCURRENCE,shared component; caller routes need runtime reconciliation,src/components/admin/AgentProfileForm.tsx:174,Input,dynamic/no static accessible name,"onChange={(event) => set(""job_title"", event.target.value)}",,staff; exact grants require handler review,runtime role/state not reconciled,UNCLASSIFIED; inspect before execution,,,C-c372573c8e,shared_caller_pending,S-c372573c8e,no,yes,BLOCKED,src/components/admin/AgentProfileForm.tsx:174,BLOCKED_EXTERNAL,no current rendered action execution,,not exercised in rendered session,,source-declared control; full handler chain not individually verified,not executed on current branch,not observed,"resolve rendered caller and actor/state; isolated role sessions, DB and synthetic browser; provider readback where applicable",NOT_TESTED,,
S-217dda060e,SOURCE_CONTROL_OCCURRENCE,shared component; caller routes need runtime reconciliation,src/components/admin/AgentProfileForm.tsx:184,Input,dynamic/no static accessible name,"onChange={(event) => set(""branch"", event.target.value)}",,staff; exact grants require handler review,runtime role/state not reconciled,UNCLASSIFIED; inspect before execution,,,C-217dda060e,shared_caller_pending,S-217dda060e,no,yes,BLOCKED,src/components/admin/AgentProfileForm.tsx:184,BLOCKED_EXTERNAL,no current rendered action execution,,not exercised in rendered session,,source-declared control; full handler chain not individually verified,not executed on current branch,not observed,"resolve rendered caller and actor/state; isolated role sessions, DB and synthetic browser; provider readback where applicable",NOT_TESTED,,
S-e9b789804b,SOURCE_CONTROL_OCCURRENCE,shared component; caller routes need runtime reconciliation,src/components/admin/AgentProfileForm.tsx:194,Select,dynamic/no static accessible name,"onValueChange={(value) => set(""branch_id"", value === UNLINKED_BRANCH ? """" : value)}",,staff; exact grants require handler review,runtime role/state not reconciled,UNCLASSIFIED; inspect before execution,,,C-e9b789804b,shared_caller_pending,S-e9b789804b,no,yes,BLOCKED,src/components/admin/AgentProfileForm.tsx:194,BLOCKED_EXTERNAL,no current rendered action execution,,not exercised in rendered session,,source-declared control; full handler chain not individually verified,not executed on current branch,not observed,"resolve rendered caller and actor/state; isolated role sessions, DB and synthetic browser; provider readback where applicable",NOT_TESTED,,
S-9243c9bd9a,SOURCE_CONTROL_OCCURRENCE,shared component; caller routes need runtime reconciliation,src/components/admin/AgentProfileForm.tsx:212,Input,dynamic/no static accessible name,"onChange={(event) => set(""licence_no"", event.target.value)}",,staff; exact grants require handler review,runtime role/state not reconciled,UNCLASSIFIED; inspect before execution,,,C-9243c9bd9a,shared_caller_pending,S-9243c9bd9a,no,yes,BLOCKED,src/components/admin/AgentProfileForm.tsx:212,BLOCKED_EXTERNAL,no current rendered action execution,,not exercised in rendered session,,source-declared control; full handler chain not individually verified,not executed on current branch,not observed,"resolve rendered caller and actor/state; isolated role sessions, DB and synthetic browser; provider readback where applicable",NOT_TESTED,,
S-bebe2a0c52,SOURCE_CONTROL_OCCURRENCE,shared component; caller routes need runtime reconciliation,src/components/admin/AgentProfileForm.tsx:222,Input,"""留空自動排在最後""","onChange={(event) => set(""display_order"", event.target.value)}",,staff; exact grants require handler review,runtime role/state not reconciled,UNCLASSIFIED; inspect before execution,,,C-bebe2a0c52,shared_caller_pending,S-bebe2a0c52,no,yes,BLOCKED,src/components/admin/AgentProfileForm.tsx:222,BLOCKED_EXTERNAL,no current rendered action execution,,not exercised in rendered session,,source-declared control; full handler chain not individually verified,not executed on current branch,not observed,"resolve rendered caller and actor/state; isolated role sessions, DB and synthetic browser; provider readback where applicable",NOT_TESTED,,
S-25dd47eebe,SOURCE_CONTROL_OCCURRENCE,shared component; caller routes need runtime reconciliation,src/components/admin/AgentProfileForm.tsx:235,Textarea,dynamic/no static accessible name,"onChange={(event) => set(""bio"", event.target.value)}",,staff; exact grants require handler review,runtime role/state not reconciled,UNCLASSIFIED; inspect before execution,,,C-25dd47eebe,shared_caller_pending,S-25dd47eebe,no,yes,BLOCKED,src/components/admin/AgentProfileForm.tsx:235,BLOCKED_EXTERNAL,no current rendered action execution,,not exercised in rendered session,,source-declared control; full handler chain not individually verified,not executed on current branch,not observed,"resolve rendered caller and actor/state; isolated role sessions, DB and synthetic browser; provider readback where applicable",NOT_TESTED,,
S-c21ef7221d,SOURCE_CONTROL_OCCURRENCE,shared component; caller routes need runtime reconciliation,src/components/admin/AgentProfileForm.tsx:246,Textarea,"{""上車盤\n海景大單位\n租務""}","onChange={(event) => set(""specialties"", event.target.value)}",,staff; exact grants require handler review,runtime role/state not reconciled,UNCLASSIFIED; inspect before execution,,,C-c21ef7221d,shared_caller_pending,S-c21ef7221d,no,yes,BLOCKED,src/components/admin/AgentProfileForm.tsx:246,BLOCKED_EXTERNAL,no current rendered action execution,,not exercised in rendered session,,source-declared control; full handler chain not individually verified,not executed on current branch,not observed,"resolve rendered caller and actor/state; isolated role sessions, DB and synthetic browser; provider readback where applicable",NOT_TESTED,,
S-6e304b5c14,SOURCE_CONTROL_OCCURRENCE,shared component; caller routes need runtime reconciliation,src/components/admin/AgentProfileForm.tsx:263,Textarea,"{""bellagio\nrhine-garden""}","onChange={(event) => set(""served_estate_slugs"", event.target.value)}",,staff; exact grants require handler review,runtime role/state not reconciled,UNCLASSIFIED; inspect before execution,,,C-6e304b5c14,shared_caller_pending,S-6e304b5c14,no,yes,BLOCKED,src/components/admin/AgentProfileForm.tsx:263,BLOCKED_EXTERNAL,no current rendered action execution,,not exercised in rendered session,,source-declared control; full handler chain not individually verified,not executed on current branch,not observed,"resolve rendered caller and actor/state; isolated role sessions, DB and synthetic browser; provider readback where applicable",NOT_TESTED,,
S-c70917935c,SOURCE_CONTROL_OCCURRENCE,shared component; caller routes need runtime reconciliation,src/components/admin/AgentProfileForm.tsx:275,Input,"""https://...""","onChange={(event) => set(""avatar_url"", event.target.value)}",,staff; exact grants require handler review,runtime role/state not reconciled,UNCLASSIFIED; inspect before execution,,,C-c70917935c,shared_caller_pending,S-c70917935c,no,yes,BLOCKED,src/components/admin/AgentProfileForm.tsx:275,BLOCKED_EXTERNAL,no current rendered action execution,,not exercised in rendered session,,source-declared control; full handler chain not individually verified,not executed on current branch,not observed,"resolve rendered caller and actor/state; isolated role sessions, DB and synthetic browser; provider readback where applicable",NOT_TESTED,,
S-475dc7572b,SOURCE_CONTROL_OCCURRENCE,shared component; caller routes need runtime reconciliation,src/components/admin/AgentProfileForm.tsx:290,Input,dynamic/no static accessible name,"onChange={(event) => set(""phone"", event.target.value)}",,staff; exact grants require handler review,runtime role/state not reconciled,UNCLASSIFIED; inspect before execution,,,C-475dc7572b,shared_caller_pending,S-475dc7572b,no,yes,BLOCKED,src/components/admin/AgentProfileForm.tsx:290,BLOCKED_EXTERNAL,no current rendered action execution,,not exercised in rendered session,,source-declared control; full handler chain not individually verified,not executed on current branch,not observed,"resolve rendered caller and actor/state; isolated role sessions, DB and synthetic browser; provider readback where applicable",NOT_TESTED,,
S-febb64b84c,SOURCE_CONTROL_OCCURRENCE,shared component; caller routes need runtime reconciliation,src/components/admin/AgentProfileForm.tsx:301,Input,dynamic/no static accessible name,"onChange={(event) => set(""whatsapp"", event.target.value)}",,staff; exact grants require handler review,runtime role/state not reconciled,UNCLASSIFIED; inspect before execution,,,C-febb64b84c,shared_caller_pending,S-febb64b84c,no,yes,BLOCKED,src/components/admin/AgentProfileForm.tsx:301,BLOCKED_EXTERNAL,no current rendered action execution,,not exercised in rendered session,,source-declared control; full handler chain not individually verified,not executed on current branch,not observed,"resolve rendered caller and actor/state; isolated role sessions, DB and synthetic browser; provider readback where applicable",NOT_TESTED,,
S-3d51fca2e1,SOURCE_CONTROL_OCCURRENCE,shared component; caller routes need runtime reconciliation,src/components/admin/AgentProfileForm.tsx:316,Input,dynamic/no static accessible name,"onChange={(event) => set(""email"", event.target.value)}",,staff; exact grants require handler review,runtime role/state not reconciled,UNCLASSIFIED; inspect before execution,,,C-3d51fca2e1,shared_caller_pending,S-3d51fca2e1,no,yes,BLOCKED,src/components/admin/AgentProfileForm.tsx:316,BLOCKED_EXTERNAL,no current rendered action execution,,not exercised in rendered session,,source-declared control; full handler chain not individually verified,not executed on current branch,not observed,"resolve rendered caller and actor/state; isolated role sessions, DB and synthetic browser; provider readback where applicable",NOT_TESTED,,
S-dd8e4346d6,SOURCE_CONTROL_OCCURRENCE,shared component; caller routes need runtime reconciliation,src/components/admin/AgentProfileForm.tsx:331,Input,dynamic/no static accessible name,"onChange={(event) => set(""auth_user_id"", event.target.value)}",,staff; exact grants require handler review,runtime role/state not reconciled,UNCLASSIFIED; inspect before execution,,,C-dd8e4346d6,shared_caller_pending,S-dd8e4346d6,no,yes,BLOCKED,src/components/admin/AgentProfileForm.tsx:331,BLOCKED_EXTERNAL,no current rendered action execution,,not exercised in rendered session,,source-declared control; full handler chain not individually verified,not executed on current branch,not observed,"resolve rendered caller and actor/state; isolated role sessions, DB and synthetic browser; provider readback where applicable",NOT_TESTED,,
S-f18203948e,SOURCE_CONTROL_OCCURRENCE,shared component; caller routes need runtime reconciliation,src/components/admin/AgentProfileForm.tsx:339,ToggleField,dynamic/no static accessible name,"onCheckedChange={(value) => set(""active"", value)}",,staff; exact grants require handler review,runtime role/state not reconciled,UNCLASSIFIED; inspect before execution,,,C-f18203948e,shared_caller_pending,S-f18203948e,no,yes,BLOCKED,src/components/admin/AgentProfileForm.tsx:339,BLOCKED_EXTERNAL,no current rendered action execution,,not exercised in rendered session,,source-declared control; full handler chain not individually verified,not executed on current branch,not observed,"resolve rendered caller and actor/state; isolated role sessions, DB and synthetic browser; provider readback where applicable",NOT_TESTED,,
S-0945af7259,SOURCE_CONTROL_OCCURRENCE,shared component; caller routes need runtime reconciliation,src/components/admin/AgentProfileForm.tsx:351,Input,"""chan-tai-man""","onChange={(event) => set(""public_slug"", event.target.value.toLowerCase())}",,staff; exact grants require handler review,runtime role/state not reconciled,UNCLASSIFIED; inspect before execution,,,C-0945af7259,shared_caller_pending,S-0945af7259,no,yes,BLOCKED,src/components/admin/AgentProfileForm.tsx:351,BLOCKED_EXTERNAL,no current rendered action execution,,not exercised in rendered session,,source-declared control; full handler chain not individually verified,not executed on current branch,not observed,"resolve rendered caller and actor/state; isolated role sessions, DB and synthetic browser; provider readback where applicable",NOT_TESTED,,
S-46e9515793,SOURCE_CONTROL_OCCURRENCE,shared component; caller routes need runtime reconciliation,src/components/admin/AgentProfileForm.tsx:361,ToggleField,dynamic/no static accessible name,"onCheckedChange={(value) => set(""show_on_website"", value)}",,staff; exact grants require handler review,runtime role/state not reconciled,UNCLASSIFIED; inspect before execution,,,C-46e9515793,shared_caller_pending,S-46e9515793,no,yes,BLOCKED,src/components/admin/AgentProfileForm.tsx:361,BLOCKED_EXTERNAL,no current rendered action execution,,not exercised in rendered session,,source-declared control; full handler chain not individually verified,not executed on current branch,not observed,"resolve rendered caller and actor/state; isolated role sessions, DB and synthetic browser; provider readback where applicable",NOT_TESTED,,
S-b89b963a23,SOURCE_CONTROL_OCCURRENCE,shared component; caller routes need runtime reconciliation,src/components/admin/AgentProfileForm.tsx:371,Button,"{submitting ? ""儲存中..."" : profile?.id ? ""更新代理"" : ""建立代理""}",,,staff; exact grants require handler review,{submitting},local input/semantic wrapper,,,C-b89b963a23,shared_caller_pending,S-b89b963a23,no,yes,BLOCKED,src/components/admin/AgentProfileForm.tsx:371,BLOCKED_EXTERNAL,no current rendered action execution,,not exercised in rendered session,,source-declared control; full handler chain not individually verified,not executed on current branch,not observed,"resolve rendered caller and actor/state; isolated role sessions, DB and synthetic browser; provider readback where applicable",NOT_TESTED,,
S-8015294890,SOURCE_CONTROL_OCCURRENCE,shared component; caller routes need runtime reconciliation,src/components/admin/AgentProfileForm.tsx:440,Switch,dynamic/no static accessible name,onCheckedChange={onCheckedChange},,staff; exact grants require handler review,runtime role/state not reconciled,UNCLASSIFIED; inspect before execution,,,C-8015294890,shared_caller_pending,S-8015294890,no,yes,BLOCKED,src/components/admin/AgentProfileForm.tsx:440,BLOCKED_EXTERNAL,no current rendered action execution,,not exercised in rendered session,,source-declared control; full handler chain not individually verified,not executed on current branch,not observed,"resolve rendered caller and actor/state; isolated role sessions, DB and synthetic browser; provider readback where applicable",NOT_TESTED,,
S-a137db139d,SOURCE_CONTROL_OCCURRENCE,shared component; caller routes need runtime reconciliation,src/components/admin/CmsEditorFields.tsx:20,select,{value && !options.some((option) => option.slug === value) ? ( <option value={value}>{value}（現有地區）</option> ) : null} {options.map((option) => ( <opti,onChange={(event) => onChange(event.target.value)},,staff; exact grants require handler review,runtime role/state not reconciled,UNCLASSIFIED; inspect before execution,,,C-a137db139d,shared_caller_pending,S-a137db139d,no,yes,BLOCKED,src/components/admin/CmsEditorFields.tsx:20,BLOCKED_EXTERNAL,no current rendered action execution,,not exercised in rendered session,,source-declared control; full handler chain not individually verified,not executed on current branch,not observed,"resolve rendered caller and actor/state; isolated role sessions, DB and synthetic browser; provider readback where applicable",NOT_TESTED,,
S-fbe484b85b,SOURCE_CONTROL_OCCURRENCE,shared component; caller routes need runtime reconciliation,src/components/admin/CmsEditorFields.tsx:65,CmsDistrictSelect,dynamic/no static accessible name,onChange={onChange},,staff; exact grants require handler review,runtime role/state not reconciled,UNCLASSIFIED; inspect before execution,,,C-fbe484b85b,shared_caller_pending,S-fbe484b85b,no,yes,BLOCKED,src/components/admin/CmsEditorFields.tsx:65,BLOCKED_EXTERNAL,no current rendered action execution,,not exercised in rendered session,,source-declared control; full handler chain not individually verified,not executed on current branch,not observed,"resolve rendered caller and actor/state; isolated role sessions, DB and synthetic browser; provider readback where applicable",NOT_TESTED,,
S-f9c7d1a57e,SOURCE_CONTROL_OCCURRENCE,shared component; caller routes need runtime reconciliation,src/components/admin/CmsEditorFields.tsx:69,Button,重試載入地區,onClick={() => setAttempt((n) => n + 1)},,staff; exact grants require handler review,runtime role/state not reconciled,UNCLASSIFIED; inspect before execution,,,C-f9c7d1a57e,shared_caller_pending,S-f9c7d1a57e,no,yes,BLOCKED,src/components/admin/CmsEditorFields.tsx:69,BLOCKED_EXTERNAL,no current rendered action execution,,not exercised in rendered session,,source-declared control; full handler chain not individually verified,not executed on current branch,not observed,"resolve rendered caller and actor/state; isolated role sessions, DB and synthetic browser; provider readback where applicable",NOT_TESTED,,
S-58b75922c1,SOURCE_CONTROL_OCCURRENCE,shared component; caller routes need runtime reconciliation,src/components/admin/CmsEditorFields.tsx:123,Input,dynamic/no static accessible name,"onChange={async (event) => {
            const file = event.target.files?.[0];
            event.target.value = """";
            if (!file) return;
            setUploading(true);
            uploadingChangeRef.current?.(true);
            setError(null);
            try {
              const result = await uploadAdminMedia(file, ownerType);
              if (active.current) changeRef.current(result.url);
            } catch (err) {
              if (active.current)
                setError(err instanceof Error ? err.message : ""上載失敗，請重新選擇檔案重試。"");
            } finally {
              if (active.current) {
                setUploading(false);
                uploadingChangeRef.current?.(false);
              }
            }
          }}",,staff; exact grants require handler review,{uploading},UNCLASSIFIED; inspect before execution,,,C-58b75922c1,shared_caller_pending,S-58b75922c1,no,yes,BLOCKED,src/components/admin/CmsEditorFields.tsx:123,BLOCKED_EXTERNAL,no current rendered action execution,,not exercised in rendered session,,source-declared control; full handler chain not individually verified,not executed on current branch,not observed,"resolve rendered caller and actor/state; isolated role sessions, DB and synthetic browser; provider readback where applicable",NOT_TESTED,,
S-53e0c76280,SOURCE_CONTROL_OCCURRENCE,shared component; caller routes need runtime reconciliation,src/components/admin/CmsEditorFields.tsx:154,Input,dynamic/no static accessible name,onChange={(event) => onChange(event.target.value)},,staff; exact grants require handler review,{uploading},UNCLASSIFIED; inspect before execution,,,C-53e0c76280,shared_caller_pending,S-53e0c76280,no,yes,BLOCKED,src/components/admin/CmsEditorFields.tsx:154,BLOCKED_EXTERNAL,no current rendered action execution,,not exercised in rendered session,,source-declared control; full handler chain not individually verified,not executed on current branch,not observed,"resolve rendered caller and actor/state; isolated role sessions, DB and synthetic browser; provider readback where applicable",NOT_TESTED,,
S-9fad96e816,SOURCE_CONTROL_OCCURRENCE,shared component; caller routes need runtime reconciliation,src/components/admin/CmsPublicationCompare.tsx:27,Button,比較目前發布版本（保留本機修改）,"onClick={async () => {
          const local = JSON.stringify(localPayload, null, 2);
          setLoading(true);
          setError(false);
          try {
            const result = await fetchAdminCmsEditor({ data: { resourceType, resourceId } });
            setComparison({
              local,
              published: result.publishedPayload,
              version: result.editState?.currentPublishedVersion ?? null,
            });
          } catch {
            setError(true);
          } finally {
            setLoading(false);
          }
        }}",,staff; exact grants require handler review,{loading},UNCLASSIFIED; inspect before execution,,,C-9fad96e816,shared_caller_pending,S-9fad96e816,no,yes,BLOCKED,src/components/admin/CmsPublicationCompare.tsx:27,BLOCKED_EXTERNAL,no current rendered action execution,,not exercised in rendered session,,source-declared control; full handler chain not individually verified,not executed on current branch,not observed,"resolve rendered caller and actor/state; isolated role sessions, DB and synthetic browser; provider readback where applicable",NOT_TESTED,,
S-0642627a08,SOURCE_CONTROL_OCCURRENCE,shared component; caller routes need runtime reconciliation,src/components/admin/CmsPublicationCompare.tsx:56,Textarea,dynamic/no static accessible name,,,staff; exact grants require handler review,runtime role/state not reconciled,local input/semantic wrapper,,,C-0642627a08,shared_caller_pending,S-0642627a08,no,yes,BLOCKED,src/components/admin/CmsPublicationCompare.tsx:56,BLOCKED_EXTERNAL,no current rendered action execution,,not exercised in rendered session,,source-declared control; full handler chain not individually verified,not executed on current branch,not observed,"resolve rendered caller and actor/state; isolated role sessions, DB and synthetic browser; provider readback where applicable",NOT_TESTED,,
S-820d41161f,SOURCE_CONTROL_OCCURRENCE,shared component; caller routes need runtime reconciliation,src/components/admin/CmsPublicationCompare.tsx:60,Textarea,dynamic/no static accessible name,,,staff; exact grants require handler review,runtime role/state not reconciled,local input/semantic wrapper,,,C-820d41161f,shared_caller_pending,S-0642627a08,yes,yes,BLOCKED,src/components/admin/CmsPublicationCompare.tsx:60,BLOCKED_EXTERNAL,no current rendered action execution,,not exercised in rendered session,,source-declared control; full handler chain not individually verified,not executed on current branch,not observed,"resolve rendered caller and actor/state; isolated role sessions, DB and synthetic browser; provider readback where applicable",NOT_TESTED,,
S-340dbe09c0,SOURCE_CONTROL_OCCURRENCE,shared component; caller routes need runtime reconciliation,src/components/admin/RouteLeaveBlocker.tsx:43,AdminConfirmDialog,dynamic/no static accessible name,"onOpenChange={(open) => {
        if (!open) blocker.reset();
      }} | onConfirm={blocker.proceed}",,staff; exact grants require handler review,runtime role/state not reconciled,UNCLASSIFIED; inspect before execution,,,C-340dbe09c0,shared_caller_pending,S-340dbe09c0,no,yes,BLOCKED,src/components/admin/RouteLeaveBlocker.tsx:43,BLOCKED_EXTERNAL,no current rendered action execution,,not exercised in rendered session,,source-declared control; full handler chain not individually verified,not executed on current branch,not observed,"resolve rendered caller and actor/state; isolated role sessions, DB and synthetic browser; provider readback where applicable",NOT_TESTED,,
S-fd9ea38c79,SOURCE_CONTROL_OCCURRENCE,shared component; caller routes need runtime reconciliation,src/components/admin/StaffEndpointEditor.tsx:104,a,查看相關查詢,,{`/admin/whatsapp?conversation=${encodeURIComponent(a.conversationId)}&enquiry=${encodeURIComponent(a.inquiryId)}`},staff; exact grants require handler review,runtime role/state not reconciled,navigation; destination may have side effects,,,C-fd9ea38c79,shared_caller_pending,S-fd9ea38c79,no,yes,BLOCKED,src/components/admin/StaffEndpointEditor.tsx:104,BLOCKED_EXTERNAL,no current rendered action execution,,not exercised in rendered session,,source-declared control; full handler chain not individually verified,not executed on current branch,not observed,"resolve rendered caller and actor/state; isolated role sessions, DB and synthetic browser; provider readback where applicable",NOT_TESTED,,
S-38469fe168,SOURCE_CONTROL_OCCURRENCE,shared component; caller routes need runtime reconciliation,src/components/admin/StaffEndpointEditor.tsx:124,a,核對現有對話,,{`/admin/whatsapp?conversation=${encodeURIComponent(ev.conversationId)}`},staff; exact grants require handler review,runtime role/state not reconciled,navigation; destination may have side effects,,,C-38469fe168,shared_caller_pending,S-38469fe168,no,yes,BLOCKED,src/components/admin/StaffEndpointEditor.tsx:124,BLOCKED_EXTERNAL,no current rendered action execution,,not exercised in rendered session,,source-declared control; full handler chain not individually verified,not executed on current branch,not observed,"resolve rendered caller and actor/state; isolated role sessions, DB and synthetic browser; provider readback where applicable",NOT_TESTED,,
S-d499d6a610,SOURCE_CONTROL_OCCURRENCE,shared component; caller routes need runtime reconciliation,src/components/admin/StaffEndpointEditor.tsx:136,form,"{form.transport === ""inbox_private_note"" ? ( <p className=""text-sm""> Inbox 目的地與核實證據由已核實同事映射取得；儲存時會綁定該映射版本。 </p> ) : ( <> <label> 已核實同事 WhatsApp 收件 ID ","onSubmit={async (e) => {
          e.preventDefault();
          setBusy(true);
          setError("""");
          try {
            await updateStaffEndpoint({ ...form, ...(edit ?? {}) });
            setRows(await fetchStaffEndpoints());
            setEdit(null);
          } catch {
            setError(""未能儲存：請核對同事映射、目的地及版本，重新整理後再試。"");
          } finally {
            setBusy(false);
          }
        }}",,staff; exact grants require handler review,runtime role/state not reconciled,UNCLASSIFIED; inspect before execution,,,C-d499d6a610,shared_caller_pending,S-d499d6a610,no,yes,BLOCKED,src/components/admin/StaffEndpointEditor.tsx:136,BLOCKED_EXTERNAL,no current rendered action execution,,not exercised in rendered session,,source-declared control; full handler chain not individually verified,not executed on current branch,not observed,"resolve rendered caller and actor/state; isolated role sessions, DB and synthetic browser; provider readback where applicable",NOT_TESTED,,
S-b660aef066,SOURCE_CONTROL_OCCURRENCE,shared component; caller routes need runtime reconciliation,src/components/admin/StaffEndpointEditor.tsx:155,select,{agents .filter((a) => a.active) .map((a) => ( <option key={a.id} value={a.id}> {a.name ?? a.id} </option> ))},"onChange={(e) => setForm({ ...form, staffId: e.target.value })}",,staff; exact grants require handler review,{!!edit},UNCLASSIFIED; inspect before execution,,,C-b660aef066,shared_caller_pending,S-b660aef066,no,yes,BLOCKED,src/components/admin/StaffEndpointEditor.tsx:155,BLOCKED_EXTERNAL,no current rendered action execution,,not exercised in rendered session,,source-declared control; full handler chain not individually verified,not executed on current branch,not observed,"resolve rendered caller and actor/state; isolated role sessions, DB and synthetic browser; provider readback where applicable",NOT_TESTED,,
S-9299832100,SOURCE_CONTROL_OCCURRENCE,shared component; caller routes need runtime reconciliation,src/components/admin/StaffEndpointEditor.tsx:173,select,dynamic/no static accessible name,"onChange={(e) =>
              setForm({ ...form, transport: e.target.value as typeof form.transport })
            }",,staff; exact grants require handler review,runtime role/state not reconciled,UNCLASSIFIED; inspect before execution,,,C-9299832100,shared_caller_pending,S-9299832100,no,yes,BLOCKED,src/components/admin/StaffEndpointEditor.tsx:173,BLOCKED_EXTERNAL,no current rendered action execution,,not exercised in rendered session,,source-declared control; full handler chain not individually verified,not executed on current branch,not observed,"resolve rendered caller and actor/state; isolated role sessions, DB and synthetic browser; provider readback where applicable",NOT_TESTED,,
S-60199ffb03,SOURCE_CONTROL_OCCURRENCE,shared component; caller routes need runtime reconciliation,src/components/admin/StaffEndpointEditor.tsx:191,Input,dynamic/no static accessible name,"onChange={(e) => setForm({ ...form, destinationReference: e.target.value })}",,staff; exact grants require handler review,runtime role/state not reconciled,UNCLASSIFIED; inspect before execution,,,C-60199ffb03,shared_caller_pending,S-60199ffb03,no,yes,BLOCKED,src/components/admin/StaffEndpointEditor.tsx:191,BLOCKED_EXTERNAL,no current rendered action execution,,not exercised in rendered session,,source-declared control; full handler chain not individually verified,not executed on current branch,not observed,"resolve rendered caller and actor/state; isolated role sessions, DB and synthetic browser; provider readback where applicable",NOT_TESTED,,
S-e1956bdbae,SOURCE_CONTROL_OCCURRENCE,shared component; caller routes need runtime reconciliation,src/components/admin/StaffEndpointEditor.tsx:200,Input,dynamic/no static accessible name,"onChange={(e) => setForm({ ...form, verificationRef: e.target.value })}",,staff; exact grants require handler review,runtime role/state not reconciled,UNCLASSIFIED; inspect before execution,,,C-e1956bdbae,shared_caller_pending,S-e1956bdbae,no,yes,BLOCKED,src/components/admin/StaffEndpointEditor.tsx:200,BLOCKED_EXTERNAL,no current rendered action execution,,not exercised in rendered session,,source-declared control; full handler chain not individually verified,not executed on current branch,not observed,"resolve rendered caller and actor/state; isolated role sessions, DB and synthetic browser; provider readback where applicable",NOT_TESTED,,
S-644bd512d6,SOURCE_CONTROL_OCCURRENCE,shared component; caller routes need runtime reconciliation,src/components/admin/StaffEndpointEditor.tsx:211,Input,dynamic/no static accessible name,"onChange={(e) => setForm({ ...form, permissionRef: e.target.value })}",,staff; exact grants require handler review,runtime role/state not reconciled,UNCLASSIFIED; inspect before execution,,,C-644bd512d6,shared_caller_pending,S-644bd512d6,no,yes,BLOCKED,src/components/admin/StaffEndpointEditor.tsx:211,BLOCKED_EXTERNAL,no current rendered action execution,,not exercised in rendered session,,source-declared control; full handler chain not individually verified,not executed on current branch,not observed,"resolve rendered caller and actor/state; isolated role sessions, DB and synthetic browser; provider readback where applicable",NOT_TESTED,,
S-5c6cb59769,SOURCE_CONTROL_OCCURRENCE,shared component; caller routes need runtime reconciliation,src/components/admin/StaffEndpointEditor.tsx:219,input,dynamic/no static accessible name,"onChange={(e) => setForm({ ...form, allowAllHours: e.target.checked })}",,staff; exact grants require handler review,runtime role/state not reconciled,UNCLASSIFIED; inspect before execution,,,C-5c6cb59769,shared_caller_pending,S-5c6cb59769,no,yes,BLOCKED,src/components/admin/StaffEndpointEditor.tsx:219,BLOCKED_EXTERNAL,no current rendered action execution,,not exercised in rendered session,,source-declared control; full handler chain not individually verified,not executed on current branch,not observed,"resolve rendered caller and actor/state; isolated role sessions, DB and synthetic browser; provider readback where applicable",NOT_TESTED,,
S-33a0125e63,SOURCE_CONTROL_OCCURRENCE,shared component; caller routes need runtime reconciliation,src/components/admin/StaffEndpointEditor.tsx:227,input,dynamic/no static accessible name,"onChange={(e) => setForm({ ...form, enabled: e.target.checked })}",,staff; exact grants require handler review,runtime role/state not reconciled,UNCLASSIFIED; inspect before execution,,,C-33a0125e63,shared_caller_pending,S-33a0125e63,no,yes,BLOCKED,src/components/admin/StaffEndpointEditor.tsx:227,BLOCKED_EXTERNAL,no current rendered action execution,,not exercised in rendered session,,source-declared control; full handler chain not individually verified,not executed on current branch,not observed,"resolve rendered caller and actor/state; isolated role sessions, DB and synthetic browser; provider readback where applicable",NOT_TESTED,,
S-6fb603a53a,SOURCE_CONTROL_OCCURRENCE,shared component; caller routes need runtime reconciliation,src/components/admin/StaffEndpointEditor.tsx:234,Button,"{edit ? ""儲存目的地新版本"" : ""建立通知目的地""}",,,staff; exact grants require handler review,{busy || !form.staffId},local input/semantic wrapper,,,C-6fb603a53a,shared_caller_pending,S-6fb603a53a,no,yes,BLOCKED,src/components/admin/StaffEndpointEditor.tsx:234,BLOCKED_EXTERNAL,no current rendered action execution,,not exercised in rendered session,,source-declared control; full handler chain not individually verified,not executed on current branch,not observed,"resolve rendered caller and actor/state; isolated role sessions, DB and synthetic browser; provider readback where applicable",NOT_TESTED,,
S-dae9fd0d1e,SOURCE_CONTROL_OCCURRENCE,shared component; caller routes need runtime reconciliation,src/components/admin/StaffEndpointEditor.tsx:248,Button,重新核實,"onClick={() => {
                setEdit({ id: r.id, expectedVersion: r.version });
                setForm({
                  staffId: r.staffId,
                  transport: r.transport as typeof form.transport,
                  destinationReference: """",
                  verificationRef: """",
                  permissionRef: """",
                  allowAllHours: false,
                  enabled: false,
                });
              }}",,staff; exact grants require handler review,{busy || r.retired},UNCLASSIFIED; inspect before execution,,,C-dae9fd0d1e,shared_caller_pending,S-dae9fd0d1e,no,yes,BLOCKED,src/components/admin/StaffEndpointEditor.tsx:248,BLOCKED_EXTERNAL,no current rendered action execution,,not exercised in rendered session,,source-declared control; full handler chain not individually verified,not executed on current branch,not observed,"resolve rendered caller and actor/state; isolated role sessions, DB and synthetic browser; provider readback where applicable",NOT_TESTED,,
S-2e79f16427,SOURCE_CONTROL_OCCURRENCE,shared component; caller routes need runtime reconciliation,src/components/admin/StaffEndpointEditor.tsx:266,Button,關閉通知目的地,"onClick={async () => {
                setBusy(true);
                try {
                  await turnOffStaffEndpoint({ id: r.id, expectedVersion: r.version });
                  setRows(await fetchStaffEndpoints());
                } catch {
                  setError(""關閉未完成，請重新整理版本後再試。"");
                } finally {
                  setBusy(false);
                }
              }}",,staff; exact grants require handler review,{busy || !r.enabled},UNCLASSIFIED; inspect before execution,,,C-2e79f16427,shared_caller_pending,S-2e79f16427,no,yes,BLOCKED,src/components/admin/StaffEndpointEditor.tsx:266,BLOCKED_EXTERNAL,no current rendered action execution,,not exercised in rendered session,,source-declared control; full handler chain not individually verified,not executed on current branch,not observed,"resolve rendered caller and actor/state; isolated role sessions, DB and synthetic browser; provider readback where applicable",NOT_TESTED,,
S-00928b3c3c,SOURCE_CONTROL_OCCURRENCE,shared component; caller routes need runtime reconciliation,src/components/admin/StaffNotificationCard.tsx:77,Button,查看查詢,onClick={onOpen},,staff; exact grants require handler review,runtime role/state not reconciled,UNCLASSIFIED; inspect before execution,,,C-00928b3c3c,shared_caller_pending,S-00928b3c3c,no,yes,BLOCKED,src/components/admin/StaffNotificationCard.tsx:77,BLOCKED_EXTERNAL,no current rendered action execution,,not exercised in rendered session,,source-declared control; full handler chain not individually verified,not executed on current branch,not observed,"resolve rendered caller and actor/state; isolated role sessions, DB and synthetic browser; provider readback where applicable",NOT_TESTED,,
S-fd7fae4b64,SOURCE_CONTROL_OCCURRENCE,shared component; caller routes need runtime reconciliation,src/components/admin/StaffNotificationCard.tsx:81,Button,確認接手,onClick={onConfirm},,staff; exact grants require handler review,{busy},UNCLASSIFIED; inspect before execution,,,C-fd7fae4b64,shared_caller_pending,S-fd7fae4b64,no,yes,BLOCKED,src/components/admin/StaffNotificationCard.tsx:81,BLOCKED_EXTERNAL,no current rendered action execution,,not exercised in rendered session,,source-declared control; full handler chain not individually verified,not executed on current branch,not observed,"resolve rendered caller and actor/state; isolated role sessions, DB and synthetic browser; provider readback where applicable",NOT_TESTED,,
S-a432f2e330,SOURCE_CONTROL_OCCURRENCE,shared component; caller routes need runtime reconciliation,src/components/admin/StaffNotificationCard.tsx:88,Textarea,"""需要協助原因""",onChange={(e) => setReason(e.target.value)},,staff; exact grants require handler review,runtime role/state not reconciled,UNCLASSIFIED; inspect before execution,,,C-a432f2e330,shared_caller_pending,S-a432f2e330,no,yes,BLOCKED,src/components/admin/StaffNotificationCard.tsx:88,BLOCKED_EXTERNAL,no current rendered action execution,,not exercised in rendered session,,source-declared control; full handler chain not individually verified,not executed on current branch,not observed,"resolve rendered caller and actor/state; isolated role sessions, DB and synthetic browser; provider readback where applicable",NOT_TESTED,,
S-2b19e0f42e,SOURCE_CONTROL_OCCURRENCE,shared component; caller routes need runtime reconciliation,src/components/admin/StaffNotificationCard.tsx:95,Button,"{item.helpRequestedAt ? ""已記錄協助要求"" : ""需要協助""}",onClick={() => onHelp(reason.trim())},,staff; exact grants require handler review,{busy || !reason.trim() || !!item.helpRequestedAt},UNCLASSIFIED; inspect before execution,,,C-2b19e0f42e,shared_caller_pending,S-2b19e0f42e,no,yes,BLOCKED,src/components/admin/StaffNotificationCard.tsx:95,BLOCKED_EXTERNAL,no current rendered action execution,,not exercised in rendered session,,source-declared control; full handler chain not individually verified,not executed on current branch,not observed,"resolve rendered caller and actor/state; isolated role sessions, DB and synthetic browser; provider readback where applicable",NOT_TESTED,,
S-d992f9f8ea,SOURCE_CONTROL_OCCURRENCE,shared component; caller routes need runtime reconciliation,src/components/admin/StaffNotificationPanel.tsx:61,select,"""接手工作狀態""","onChange={(e) => {
            setStatus(e.target.value as ""pending"" | ""all"");
            setCursor(null);
          }}",,staff; exact grants require handler review,runtime role/state not reconciled,UNCLASSIFIED; inspect before execution,,,C-d992f9f8ea,shared_caller_pending,S-d992f9f8ea,no,yes,BLOCKED,src/components/admin/StaffNotificationPanel.tsx:61,BLOCKED_EXTERNAL,no current rendered action execution,,not exercised in rendered session,,source-declared control; full handler chain not individually verified,not executed on current branch,not observed,"resolve rendered caller and actor/state; isolated role sessions, DB and synthetic browser; provider readback where applicable",NOT_TESTED,,
S-8f5b1d59d9,SOURCE_CONTROL_OCCURRENCE,shared component; caller routes need runtime reconciliation,src/components/admin/StaffNotificationPanel.tsx:72,Button,更新接手工作,onClick={() => setRevision((n) => n + 1)},,staff; exact grants require handler review,runtime role/state not reconciled,UNCLASSIFIED; inspect before execution,,,C-8f5b1d59d9,shared_caller_pending,S-8f5b1d59d9,no,yes,BLOCKED,src/components/admin/StaffNotificationPanel.tsx:72,BLOCKED_EXTERNAL,no current rendered action execution,,not exercised in rendered session,,source-declared control; full handler chain not individually verified,not executed on current branch,not observed,"resolve rendered caller and actor/state; isolated role sessions, DB and synthetic browser; provider readback where applicable",NOT_TESTED,,
S-ec859e8158,SOURCE_CONTROL_OCCURRENCE,shared component; caller routes need runtime reconciliation,src/components/admin/StaffNotificationPanel.tsx:85,StaffNotificationCard,dynamic/no static accessible name,"onOpen={() => onOpen(item)} | onConfirm={() => void perform(item)} | onHelp={(r) => void perform(item, r)}",,staff; exact grants require handler review,runtime role/state not reconciled,UNCLASSIFIED; inspect before execution,,,C-ec859e8158,shared_caller_pending,S-ec859e8158,no,yes,BLOCKED,src/components/admin/StaffNotificationPanel.tsx:85,BLOCKED_EXTERNAL,no current rendered action execution,,not exercised in rendered session,,source-declared control; full handler chain not individually verified,not executed on current branch,not observed,"resolve rendered caller and actor/state; isolated role sessions, DB and synthetic browser; provider readback where applicable",NOT_TESTED,,
S-313dafb717,SOURCE_CONTROL_OCCURRENCE,shared component; caller routes need runtime reconciliation,src/components/admin/StaffNotificationPanel.tsx:96,Button,接手工作第一頁,onClick={() => setCursor(null)},,staff; exact grants require handler review,{!cursor},UNCLASSIFIED; inspect before execution,,,C-313dafb717,shared_caller_pending,S-313dafb717,no,yes,BLOCKED,src/components/admin/StaffNotificationPanel.tsx:96,BLOCKED_EXTERNAL,no current rendered action execution,,not exercised in rendered session,,source-declared control; full handler chain not individually verified,not executed on current branch,not observed,"resolve rendered caller and actor/state; isolated role sessions, DB and synthetic browser; provider readback where applicable",NOT_TESTED,,
S-47f14f0f45,SOURCE_CONTROL_OCCURRENCE,shared component; caller routes need runtime reconciliation,src/components/admin/StaffNotificationPanel.tsx:99,Button,接手工作下一頁,onClick={() => setCursor(page?.nextCursor ?? null)},,staff; exact grants require handler review,{!page?.nextCursor},UNCLASSIFIED; inspect before execution,,,C-47f14f0f45,shared_caller_pending,S-47f14f0f45,no,yes,BLOCKED,src/components/admin/StaffNotificationPanel.tsx:99,BLOCKED_EXTERNAL,no current rendered action execution,,not exercised in rendered session,,source-declared control; full handler chain not individually verified,not executed on current branch,not observed,"resolve rendered caller and actor/state; isolated role sessions, DB and synthetic browser; provider readback where applicable",NOT_TESTED,,
S-57320fff42,SOURCE_CONTROL_OCCURRENCE,shared component; caller routes need runtime reconciliation,src/components/admin/StaffReferenceEditor.tsx:54,form,dynamic/no static accessible name,"onSubmit={async (e) => {
          e.preventDefault();
          setBusy(true);
          setError("""");
          try {
            await createStaffReference(form);
            setRows(await fetchStaffReferences());
          } catch {
            setError(""未能儲存，請檢查映射是否重疊及核實證據。"");
          } finally {
            setBusy(false);
          }
        }}",,staff; exact grants require handler review,runtime role/state not reconciled,UNCLASSIFIED; inspect before execution,,,C-57320fff42,shared_caller_pending,S-57320fff42,no,yes,BLOCKED,src/components/admin/StaffReferenceEditor.tsx:54,BLOCKED_EXTERNAL,no current rendered action execution,,not exercised in rendered session,,source-declared control; full handler chain not individually verified,not executed on current branch,not observed,"resolve rendered caller and actor/state; isolated role sessions, DB and synthetic browser; provider readback where applicable",NOT_TESTED,,
S-fa2e38af54,SOURCE_CONTROL_OCCURRENCE,shared component; caller routes need runtime reconciliation,src/components/admin/StaffReferenceEditor.tsx:72,select,dynamic/no static accessible name,"onChange={(e) =>
              setForm({ ...form, namespace: e.target.value ? `${e.target.value}/` : """" })
            }",,staff; exact grants require handler review,runtime role/state not reconciled,UNCLASSIFIED; inspect before execution,,,C-fa2e38af54,shared_caller_pending,S-fa2e38af54,no,yes,BLOCKED,src/components/admin/StaffReferenceEditor.tsx:72,BLOCKED_EXTERNAL,no current rendered action execution,,not exercised in rendered session,,source-declared control; full handler chain not individually verified,not executed on current branch,not observed,"resolve rendered caller and actor/state; isolated role sessions, DB and synthetic browser; provider readback where applicable",NOT_TESTED,,
S-7c2a7d76fd,SOURCE_CONTROL_OCCURRENCE,shared component; caller routes need runtime reconciliation,src/components/admin/StaffReferenceEditor.tsx:88,Input,dynamic/no static accessible name,"onChange={(e) =>
              setForm({ ...form, namespace: `${form.namespace.split(""/"")[0]}/${e.target.value}` })
            }",,staff; exact grants require handler review,runtime role/state not reconciled,UNCLASSIFIED; inspect before execution,,,C-7c2a7d76fd,shared_caller_pending,S-7c2a7d76fd,no,yes,BLOCKED,src/components/admin/StaffReferenceEditor.tsx:88,BLOCKED_EXTERNAL,no current rendered action execution,,not exercised in rendered session,,source-declared control; full handler chain not individually verified,not executed on current branch,not observed,"resolve rendered caller and actor/state; isolated role sessions, DB and synthetic browser; provider readback where applicable",NOT_TESTED,,
S-0cc410d277,SOURCE_CONTROL_OCCURRENCE,shared component; caller routes need runtime reconciliation,src/components/admin/StaffReferenceEditor.tsx:99,Input,dynamic/no static accessible name,"onChange={(e) => setForm({ ...form, externalReference: e.target.value })}",,staff; exact grants require handler review,runtime role/state not reconciled,UNCLASSIFIED; inspect before execution,,,C-0cc410d277,shared_caller_pending,S-0cc410d277,no,yes,BLOCKED,src/components/admin/StaffReferenceEditor.tsx:99,BLOCKED_EXTERNAL,no current rendered action execution,,not exercised in rendered session,,source-declared control; full handler chain not individually verified,not executed on current branch,not observed,"resolve rendered caller and actor/state; isolated role sessions, DB and synthetic browser; provider readback where applicable",NOT_TESTED,,
S-2622afe51c,SOURCE_CONTROL_OCCURRENCE,shared component; caller routes need runtime reconciliation,src/components/admin/StaffReferenceEditor.tsx:108,Input,dynamic/no static accessible name,"onChange={(e) => setForm({ ...form, verificationRef: e.target.value })}",,staff; exact grants require handler review,runtime role/state not reconciled,UNCLASSIFIED; inspect before execution,,,C-2622afe51c,shared_caller_pending,S-2622afe51c,no,yes,BLOCKED,src/components/admin/StaffReferenceEditor.tsx:108,BLOCKED_EXTERNAL,no current rendered action execution,,not exercised in rendered session,,source-declared control; full handler chain not individually verified,not executed on current branch,not observed,"resolve rendered caller and actor/state; isolated role sessions, DB and synthetic browser; provider readback where applicable",NOT_TESTED,,
S-9a6db00963,SOURCE_CONTROL_OCCURRENCE,shared component; caller routes need runtime reconciliation,src/components/admin/StaffReferenceEditor.tsx:117,select,{agents .filter((a) => a.active) .map((a) => ( <option key={a.id} value={a.id}> {a.name ?? a.id} </option> ))},"onChange={(e) => setForm({ ...form, staffId: e.target.value })}",,staff; exact grants require handler review,runtime role/state not reconciled,UNCLASSIFIED; inspect before execution,,,C-9a6db00963,shared_caller_pending,S-9a6db00963,no,yes,BLOCKED,src/components/admin/StaffReferenceEditor.tsx:117,BLOCKED_EXTERNAL,no current rendered action execution,,not exercised in rendered session,,source-declared control; full handler chain not individually verified,not executed on current branch,not observed,"resolve rendered caller and actor/state; isolated role sessions, DB and synthetic browser; provider readback where applicable",NOT_TESTED,,
S-2ee1ec0c1a,SOURCE_CONTROL_OCCURRENCE,shared component; caller routes need runtime reconciliation,src/components/admin/StaffReferenceEditor.tsx:132,Button,儲存核實映射,,,staff; exact grants require handler review,{busy},local input/semantic wrapper,,,C-2ee1ec0c1a,shared_caller_pending,S-2ee1ec0c1a,no,yes,BLOCKED,src/components/admin/StaffReferenceEditor.tsx:132,BLOCKED_EXTERNAL,no current rendered action execution,,not exercised in rendered session,,source-declared control; full handler chain not individually verified,not executed on current branch,not observed,"resolve rendered caller and actor/state; isolated role sessions, DB and synthetic browser; provider readback where applicable",NOT_TESTED,,
S-32dc16b1e8,SOURCE_CONTROL_OCCURRENCE,shared component; caller routes need runtime reconciliation,src/components/admin/StaffReferenceEditor.tsx:144,Button,停用映射,"onClick={async () => {
                  setBusy(true);
                  try {
                    await disableStaffReference({ id: String(r.id) });
                    setRows(await fetchStaffReferences());
                  } catch {
                    setError(""停用未完成，請重新核對。"");
                  } finally {
                    setBusy(false);
                  }
                }}",,staff; exact grants require handler review,{busy},UNCLASSIFIED; inspect before execution,,,C-32dc16b1e8,shared_caller_pending,S-32dc16b1e8,no,yes,BLOCKED,src/components/admin/StaffReferenceEditor.tsx:144,BLOCKED_EXTERNAL,no current rendered action execution,,not exercised in rendered session,,source-declared control; full handler chain not individually verified,not executed on current branch,not observed,"resolve rendered caller and actor/state; isolated role sessions, DB and synthetic browser; provider readback where applicable",NOT_TESTED,,
S-c919ec81cb,SOURCE_CONTROL_OCCURRENCE,shared component; caller routes need runtime reconciliation,src/components/admin/TransactionAttributionEditor.tsx:156,select,dynamic/no static accessible name,"onChange={(event) => {
              const status = event.target.value as TransactionAttributionStatus;
              setForm((current) => ({
                ...current,
                status,
                credits:
                  status === ""cancelled"" || status === ""verified_unattributed""
                    ? []
                    : current.credits,
              }));
            }}",,staff; exact grants require handler review,{loading || saving},UNCLASSIFIED; inspect before execution,,,C-c919ec81cb,shared_caller_pending,S-c919ec81cb,no,yes,BLOCKED,src/components/admin/TransactionAttributionEditor.tsx:156,BLOCKED_EXTERNAL,no current rendered action execution,,not exercised in rendered session,,source-declared control; full handler chain not individually verified,not executed on current branch,not observed,"resolve rendered caller and actor/state; isolated role sessions, DB and synthetic browser; provider readback where applicable",NOT_TESTED,,
S-8afde55e32,SOURCE_CONTROL_OCCURRENCE,shared component; caller routes need runtime reconciliation,src/components/admin/TransactionAttributionEditor.tsx:190,Input,"{""搜尋"" + lookupLabel[kind]}","onChange={(event) =>
                  setQuery((current) => ({ ...current, [kind]: event.target.value }))
                }",,staff; exact grants require handler review,runtime role/state not reconciled,UNCLASSIFIED; inspect before execution,,,C-8afde55e32,shared_caller_pending,S-8afde55e32,no,yes,BLOCKED,src/components/admin/TransactionAttributionEditor.tsx:190,BLOCKED_EXTERNAL,no current rendered action execution,,not exercised in rendered session,,source-declared control; full handler chain not individually verified,not executed on current branch,not observed,"resolve rendered caller and actor/state; isolated role sessions, DB and synthetic browser; provider readback where applicable",NOT_TESTED,,
S-48eb1cce81,SOURCE_CONTROL_OCCURRENCE,shared component; caller routes need runtime reconciliation,src/components/admin/TransactionAttributionEditor.tsx:198,Button,"{searching === kind ? ""搜尋中…"" : ""搜尋""}",onClick={() => void search(kind)},,staff; exact grants require handler review,{searching !== null || loading},UNCLASSIFIED; inspect before execution,,,C-48eb1cce81,shared_caller_pending,S-48eb1cce81,no,yes,BLOCKED,src/components/admin/TransactionAttributionEditor.tsx:198,BLOCKED_EXTERNAL,no current rendered action execution,,not exercised in rendered session,,source-declared control; full handler chain not individually verified,not executed on current branch,not observed,"resolve rendered caller and actor/state; isolated role sessions, DB and synthetic browser; provider readback where applicable",NOT_TESTED,,
S-ee6c9128ee,SOURCE_CONTROL_OCCURRENCE,shared component; caller routes need runtime reconciliation,src/components/admin/TransactionAttributionEditor.tsx:211,Button,{option.label} （ {option.id} ）,"onClick={() => choose(kind, option)}",,staff; exact grants require handler review,runtime role/state not reconciled,UNCLASSIFIED; inspect before execution,,,C-ee6c9128ee,shared_caller_pending,S-ee6c9128ee,no,yes,BLOCKED,src/components/admin/TransactionAttributionEditor.tsx:211,BLOCKED_EXTERNAL,no current rendered action execution,,not exercised in rendered session,,source-declared control; full handler chain not individually verified,not executed on current branch,not observed,"resolve rendered caller and actor/state; isolated role sessions, DB and synthetic browser; provider readback where applicable",NOT_TESTED,,
S-ecc6aea6c6,SOURCE_CONTROL_OCCURRENCE,shared component; caller routes need runtime reconciliation,src/components/admin/TransactionAttributionEditor.tsx:231,Button,移除,"onClick={() => set(""leadId"", """")}",,staff; exact grants require handler review,runtime role/state not reconciled,UNCLASSIFIED; inspect before execution,,,C-ecc6aea6c6,shared_caller_pending,S-ecc6aea6c6,no,yes,BLOCKED,src/components/admin/TransactionAttributionEditor.tsx:231,BLOCKED_EXTERNAL,no current rendered action execution,,not exercised in rendered session,,source-declared control; full handler chain not individually verified,not executed on current branch,not observed,"resolve rendered caller and actor/state; isolated role sessions, DB and synthetic browser; provider readback where applicable",NOT_TESTED,,
S-7e19bcde31,SOURCE_CONTROL_OCCURRENCE,shared component; caller routes need runtime reconciliation,src/components/admin/TransactionAttributionEditor.tsx:249,Input,"{credit.staffId + "" 分配 basis points""}","onChange={(event) =>
                  set(
                    ""credits"",
                    form.credits.map((item, i) =>
                      i === index ? { ...item, shareBps: event.target.value } : item,
                    ),
                  )
                }",,staff; exact grants require handler review,runtime role/state not reconciled,UNCLASSIFIED; inspect before execution,,,C-7e19bcde31,shared_caller_pending,S-7e19bcde31,no,yes,BLOCKED,src/components/admin/TransactionAttributionEditor.tsx:249,BLOCKED_EXTERNAL,no current rendered action execution,,not exercised in rendered session,,source-declared control; full handler chain not individually verified,not executed on current branch,not observed,"resolve rendered caller and actor/state; isolated role sessions, DB and synthetic browser; provider readback where applicable",NOT_TESTED,,
S-aa6441f23e,SOURCE_CONTROL_OCCURRENCE,shared component; caller routes need runtime reconciliation,src/components/admin/TransactionAttributionEditor.tsx:265,Button,移除,"onClick={() =>
                  set(
                    ""credits"",
                    form.credits.filter((_, i) => i !== index),
                  )
                }",,staff; exact grants require handler review,runtime role/state not reconciled,UNCLASSIFIED; inspect before execution,,,C-aa6441f23e,shared_caller_pending,S-aa6441f23e,no,yes,BLOCKED,src/components/admin/TransactionAttributionEditor.tsx:265,BLOCKED_EXTERNAL,no current rendered action execution,,not exercised in rendered session,,source-declared control; full handler chain not individually verified,not executed on current branch,not observed,"resolve rendered caller and actor/state; isolated role sessions, DB and synthetic browser; provider readback where applicable",NOT_TESTED,,
S-fe7cae2f9f,SOURCE_CONTROL_OCCURRENCE,shared component; caller routes need runtime reconciliation,src/components/admin/TransactionAttributionEditor.tsx:289,Input,dynamic/no static accessible name,"onChange={(event) => set(""confirmedAt"", event.target.value)}",,staff; exact grants require handler review,runtime role/state not reconciled,UNCLASSIFIED; inspect before execution,,,C-fe7cae2f9f,shared_caller_pending,S-fe7cae2f9f,no,yes,BLOCKED,src/components/admin/TransactionAttributionEditor.tsx:289,BLOCKED_EXTERNAL,no current rendered action execution,,not exercised in rendered session,,source-declared control; full handler chain not individually verified,not executed on current branch,not observed,"resolve rendered caller and actor/state; isolated role sessions, DB and synthetic browser; provider readback where applicable",NOT_TESTED,,
S-a3bb68b226,SOURCE_CONTROL_OCCURRENCE,shared component; caller routes need runtime reconciliation,src/components/admin/TransactionAttributionEditor.tsx:300,Input,"""未知請留空；0 請輸入 0""","onChange={(event) => set(""receivable"", event.target.value)}",,staff; exact grants require handler review,runtime role/state not reconciled,UNCLASSIFIED; inspect before execution,,,C-a3bb68b226,shared_caller_pending,S-a3bb68b226,no,yes,BLOCKED,src/components/admin/TransactionAttributionEditor.tsx:300,BLOCKED_EXTERNAL,no current rendered action execution,,not exercised in rendered session,,source-declared control; full handler chain not individually verified,not executed on current branch,not observed,"resolve rendered caller and actor/state; isolated role sessions, DB and synthetic browser; provider readback where applicable",NOT_TESTED,,
S-cb8c06ee1f,SOURCE_CONTROL_OCCURRENCE,shared component; caller routes need runtime reconciliation,src/components/admin/TransactionAttributionEditor.tsx:312,Input,"""未知請留空；0 請輸入 0""","onChange={(event) => set(""received"", event.target.value)}",,staff; exact grants require handler review,runtime role/state not reconciled,UNCLASSIFIED; inspect before execution,,,C-cb8c06ee1f,shared_caller_pending,S-cb8c06ee1f,no,yes,BLOCKED,src/components/admin/TransactionAttributionEditor.tsx:312,BLOCKED_EXTERNAL,no current rendered action execution,,not exercised in rendered session,,source-declared control; full handler chain not individually verified,not executed on current branch,not observed,"resolve rendered caller and actor/state; isolated role sessions, DB and synthetic browser; provider readback where applicable",NOT_TESTED,,
S-5ae31608a9,SOURCE_CONTROL_OCCURRENCE,shared component; caller routes need runtime reconciliation,src/components/admin/TransactionAttributionEditor.tsx:324,Input,"""記錄證據及原因""","onChange={(event) => set(""reason"", event.target.value)}",,staff; exact grants require handler review,runtime role/state not reconciled,UNCLASSIFIED; inspect before execution,,,C-5ae31608a9,shared_caller_pending,S-5ae31608a9,no,yes,BLOCKED,src/components/admin/TransactionAttributionEditor.tsx:324,BLOCKED_EXTERNAL,no current rendered action execution,,not exercised in rendered session,,source-declared control; full handler chain not individually verified,not executed on current branch,not observed,"resolve rendered caller and actor/state; isolated role sessions, DB and synthetic browser; provider readback where applicable",NOT_TESTED,,
S-ba29c7e2d6,SOURCE_CONTROL_OCCURRENCE,shared component; caller routes need runtime reconciliation,src/components/admin/TransactionAttributionEditor.tsx:333,Button,重新載入,onClick={() => void reload()},,staff; exact grants require handler review,{loading || saving},UNCLASSIFIED; inspect before execution,,,C-ba29c7e2d6,shared_caller_pending,S-ba29c7e2d6,no,yes,BLOCKED,src/components/admin/TransactionAttributionEditor.tsx:333,BLOCKED_EXTERNAL,no current rendered action execution,,not exercised in rendered session,,source-declared control; full handler chain not individually verified,not executed on current branch,not observed,"resolve rendered caller and actor/state; isolated role sessions, DB and synthetic browser; provider readback where applicable",NOT_TESTED,,
S-606a532b56,SOURCE_CONTROL_OCCURRENCE,shared component; caller routes need runtime reconciliation,src/components/admin/TransactionAttributionEditor.tsx:341,Button,"{saving ? ""儲存中…"" : ""儲存成交歸因""}",onClick={() => void save()},,staff; exact grants require handler review,{loading || saving || loadError},UNCLASSIFIED; inspect before execution,,,C-606a532b56,shared_caller_pending,S-606a532b56,no,yes,BLOCKED,src/components/admin/TransactionAttributionEditor.tsx:341,BLOCKED_EXTERNAL,no current rendered action execution,,not exercised in rendered session,,source-declared control; full handler chain not individually verified,not executed on current branch,not observed,"resolve rendered caller and actor/state; isolated role sessions, DB and synthetic browser; provider readback where applicable",NOT_TESTED,,
S-05f5670a6c,SOURCE_CONTROL_OCCURRENCE,shared component; caller routes need runtime reconciliation,src/components/admin/WhatsappAiSuggestions.tsx:44,Button,套用至回覆草稿,onClick={() => onUseSuggestedReply(suggestedReply)},,staff; exact grants require handler review,runtime role/state not reconciled,UNCLASSIFIED; inspect before execution,,,C-05f5670a6c,shared_caller_pending,S-05f5670a6c,no,yes,BLOCKED,src/components/admin/WhatsappAiSuggestions.tsx:44,BLOCKED_EXTERNAL,no current rendered action execution,,not exercised in rendered session,,source-declared control; full handler chain not individually verified,not executed on current branch,not observed,"resolve rendered caller and actor/state; isolated role sessions, DB and synthetic browser; provider readback where applicable",NOT_TESTED,,
S-e7f3a8deff,SOURCE_CONTROL_OCCURRENCE,shared component; caller routes need runtime reconciliation,src/components/admin/WhatsappConsentDialog.tsx:45,Dialog,dynamic/no static accessible name,"onOpenChange={(value) => {
        if (!busy) setOpen(value);
      }}",,staff; exact grants require handler review,runtime role/state not reconciled,UNCLASSIFIED; inspect before execution,,,C-e7f3a8deff,container_wrapper_candidate,S-e7f3a8deff,no,yes,BLOCKED,src/components/admin/WhatsappConsentDialog.tsx:45,BLOCKED_EXTERNAL,no current rendered action execution,,not exercised in rendered session,,source-declared control; full handler chain not individually verified,not executed on current branch,not observed,"resolve rendered caller and actor/state; isolated role sessions, DB and synthetic browser; provider readback where applicable",NOT_TESTED,,
S-8dde3e0a84,SOURCE_CONTROL_OCCURRENCE,shared component; caller routes need runtime reconciliation,src/components/admin/WhatsappConsentDialog.tsx:51,DialogTrigger,dynamic/no static accessible name,,,staff; exact grants require handler review,runtime role/state not reconciled,local input/semantic wrapper,,,C-8dde3e0a84,shared_caller_pending,S-8dde3e0a84,no,yes,BLOCKED,src/components/admin/WhatsappConsentDialog.tsx:51,BLOCKED_EXTERNAL,no current rendered action execution,,not exercised in rendered session,,source-declared control; full handler chain not individually verified,not executed on current branch,not observed,"resolve rendered caller and actor/state; isolated role sessions, DB and synthetic browser; provider readback where applicable",NOT_TESTED,,
S-74354c965a,SOURCE_CONTROL_OCCURRENCE,shared component; caller routes need runtime reconciliation,src/components/admin/WhatsappConsentDialog.tsx:52,Button,管理 WhatsApp 推廣同意,,,staff; exact grants require handler review,runtime role/state not reconciled,local input/semantic wrapper,,,C-74354c965a,shared_caller_pending,S-74354c965a,no,yes,BLOCKED,src/components/admin/WhatsappConsentDialog.tsx:52,BLOCKED_EXTERNAL,no current rendered action execution,,not exercised in rendered session,,source-declared control; full handler chain not individually verified,not executed on current branch,not observed,"resolve rendered caller and actor/state; isolated role sessions, DB and synthetic browser; provider readback where applicable",NOT_TESTED,,
S-7e0b30332f,SOURCE_CONTROL_OCCURRENCE,shared component; caller routes need runtime reconciliation,src/components/admin/WhatsappConsentDialog.tsx:65,select,dynamic/no static accessible name,"onChange={(event) => setOptedIn(event.target.value === ""yes"")}",,staff; exact grants require handler review,{busy},UNCLASSIFIED; inspect before execution,,,C-7e0b30332f,shared_caller_pending,S-7e0b30332f,no,yes,BLOCKED,src/components/admin/WhatsappConsentDialog.tsx:65,BLOCKED_EXTERNAL,no current rendered action execution,,not exercised in rendered session,,source-declared control; full handler chain not individually verified,not executed on current branch,not observed,"resolve rendered caller and actor/state; isolated role sessions, DB and synthetic browser; provider readback where applicable",NOT_TESTED,,
S-96f0d814dc,SOURCE_CONTROL_OCCURRENCE,shared component; caller routes need runtime reconciliation,src/components/admin/WhatsappConsentDialog.tsx:76,select,dynamic/no static accessible name,onChange={(event) => setSource(event.target.value as typeof source)},,staff; exact grants require handler review,{busy},UNCLASSIFIED; inspect before execution,,,C-96f0d814dc,shared_caller_pending,S-96f0d814dc,no,yes,BLOCKED,src/components/admin/WhatsappConsentDialog.tsx:76,BLOCKED_EXTERNAL,no current rendered action execution,,not exercised in rendered session,,source-declared control; full handler chain not individually verified,not executed on current branch,not observed,"resolve rendered caller and actor/state; isolated role sessions, DB and synthetic browser; provider readback where applicable",NOT_TESTED,,
S-69bcc5e043,SOURCE_CONTROL_OCCURRENCE,shared component; caller routes need runtime reconciliation,src/components/admin/WhatsappConsentDialog.tsx:88,Input,"""case-123""",onChange={(event) => setEvidenceRef(event.target.value)},,staff; exact grants require handler review,{busy},UNCLASSIFIED; inspect before execution,,,C-69bcc5e043,shared_caller_pending,S-69bcc5e043,no,yes,BLOCKED,src/components/admin/WhatsappConsentDialog.tsx:88,BLOCKED_EXTERNAL,no current rendered action execution,,not exercised in rendered session,,source-declared control; full handler chain not individually verified,not executed on current branch,not observed,"resolve rendered caller and actor/state; isolated role sessions, DB and synthetic browser; provider readback where applicable",NOT_TESTED,,
S-d0ca6457d7,SOURCE_CONTROL_OCCURRENCE,shared component; caller routes need runtime reconciliation,src/components/admin/WhatsappConsentDialog.tsx:96,Button,"{busy ? ""儲存中…"" : ""確認並儲存""}",onClick={() => void save()},,staff; exact grants require handler review,"{
            busy ||
            !/^[A-Za-z0-9:_./-]{1,120}$/.test(evidenceRef) ||
            (optedIn && source === ""customer_opt_out"")
          }",UNCLASSIFIED; inspect before execution,,,C-d0ca6457d7,shared_caller_pending,S-d0ca6457d7,no,yes,BLOCKED,src/components/admin/WhatsappConsentDialog.tsx:96,BLOCKED_EXTERNAL,no current rendered action execution,,not exercised in rendered session,,source-declared control; full handler chain not individually verified,not executed on current branch,not observed,"resolve rendered caller and actor/state; isolated role sessions, DB and synthetic browser; provider readback where applicable",NOT_TESTED,,
S-7c76a43099,SOURCE_CONTROL_OCCURRENCE,shared component; caller routes need runtime reconciliation,src/components/admin/WhatsappEnquiryContext.tsx:63,button,重新整理,onClick={() => setRetry((value) => value + 1)},,staff; exact grants require handler review,runtime role/state not reconciled,UNCLASSIFIED; inspect before execution,,,C-7c76a43099,shared_caller_pending,S-7c76a43099,no,yes,BLOCKED,src/components/admin/WhatsappEnquiryContext.tsx:63,BLOCKED_EXTERNAL,no current rendered action execution,,not exercised in rendered session,,source-declared control; full handler chain not individually verified,not executed on current branch,not observed,"resolve rendered caller and actor/state; isolated role sessions, DB and synthetic browser; provider readback where applicable",NOT_TESTED,,
S-1d7877a742,SOURCE_CONTROL_OCCURRENCE,shared component; caller routes need runtime reconciliation,src/components/admin/WhatsappEnquiryContext.tsx:88,select,"{episodes.map((e) => ( <option key={e.id} value={e.id}> {e.property ?? ""一般查詢""} ·{"" ""} {e.dealType === ""sale"" ? ""售"" : e.dealType === ""rent"" ? ""租"" : ""未指",onChange={(e) => onSelect(e.target.value)},,staff; exact grants require handler review,runtime role/state not reconciled,UNCLASSIFIED; inspect before execution,,,C-1d7877a742,shared_caller_pending,S-1d7877a742,no,yes,BLOCKED,src/components/admin/WhatsappEnquiryContext.tsx:88,BLOCKED_EXTERNAL,no current rendered action execution,,not exercised in rendered session,,source-declared control; full handler chain not individually verified,not executed on current branch,not observed,"resolve rendered caller and actor/state; isolated role sessions, DB and synthetic browser; provider readback where applicable",NOT_TESTED,,
S-803298f540,SOURCE_CONTROL_OCCURRENCE,shared component; caller routes need runtime reconciliation,src/components/admin/WhatsappEnquiryContext.tsx:154,a,"{String(r.public_listing_no ?? ""一般查詢"")} · {"" ""} {r.confirmed_staff_id ? ""已確認分派"" : ""未確認分派""} · {"" ""} {r.association_review ? ""需要核實"" : String(r.assignmen",,{`/admin/whatsapp?conversation=${encodeURIComponent(String(r.conversation_id))}`},staff; exact grants require handler review,runtime role/state not reconciled,navigation; destination may have side effects,,,C-803298f540,shared_caller_pending,S-803298f540,no,yes,BLOCKED,src/components/admin/WhatsappEnquiryContext.tsx:154,BLOCKED_EXTERNAL,no current rendered action execution,,not exercised in rendered session,,source-declared control; full handler chain not individually verified,not executed on current branch,not observed,"resolve rendered caller and actor/state; isolated role sessions, DB and synthetic browser; provider readback where applicable",NOT_TESTED,,
S-27b6fa2808,SOURCE_CONTROL_OCCURRENCE,shared component; caller routes need runtime reconciliation,src/components/admin/WhatsappServicePolicyEditor.tsx:121,Button,"{editOpen ? ""收起草稿編輯"" : ""編輯草稿與模擬""}",onClick={() => setEditOpen((open) => !open)},,staff; exact grants require handler review,runtime role/state not reconciled,UNCLASSIFIED; inspect before execution,,,C-27b6fa2808,shared_caller_pending,S-27b6fa2808,no,yes,BLOCKED,src/components/admin/WhatsappServicePolicyEditor.tsx:121,BLOCKED_EXTERNAL,no current rendered action execution,,not exercised in rendered session,,source-declared control; full handler chain not individually verified,not executed on current branch,not observed,"resolve rendered caller and actor/state; isolated role sessions, DB and synthetic browser; provider readback where applicable",NOT_TESTED,,
S-ac4df09db2,SOURCE_CONTROL_OCCURRENCE,shared component; caller routes need runtime reconciliation,src/components/admin/WhatsappServicePolicyEditor.tsx:132,select,"{policies.map((p) => ( <option key={p.id} value={p.id}> v{p.version} · {p.status} · {p.copyVersion ?? ""文案未核實""} </option> ))}","onChange={(e) => {
              setPolicy(policies.find((p) => p.id === e.target.value) ?? draftServicePolicy());
              setEvidence("""");
            }}",,staff; exact grants require handler review,runtime role/state not reconciled,UNCLASSIFIED; inspect before execution,,,C-ac4df09db2,shared_caller_pending,S-ac4df09db2,no,yes,BLOCKED,src/components/admin/WhatsappServicePolicyEditor.tsx:132,BLOCKED_EXTERNAL,no current rendered action execution,,not exercised in rendered session,,source-declared control; full handler chain not individually verified,not executed on current branch,not observed,"resolve rendered caller and actor/state; isolated role sessions, DB and synthetic browser; provider readback where applicable",NOT_TESTED,,
S-ee9c5a1cb5,SOURCE_CONTROL_OCCURRENCE,shared component; caller routes need runtime reconciliation,src/components/admin/WhatsappServicePolicyEditor.tsx:151,Input,dynamic/no static accessible name,"onChange={(e) => update(""timezone"", e.target.value || null)}",,staff; exact grants require handler review,runtime role/state not reconciled,UNCLASSIFIED; inspect before execution,,,C-ee9c5a1cb5,shared_caller_pending,S-ee9c5a1cb5,no,yes,BLOCKED,src/components/admin/WhatsappServicePolicyEditor.tsx:151,BLOCKED_EXTERNAL,no current rendered action execution,,not exercised in rendered session,,source-declared control; full handler chain not individually verified,not executed on current branch,not observed,"resolve rendered caller and actor/state; isolated role sessions, DB and synthetic browser; provider readback where applicable",NOT_TESTED,,
S-245634b078,SOURCE_CONTROL_OCCURRENCE,shared component; caller routes need runtime reconciliation,src/components/admin/WhatsappServicePolicyEditor.tsx:159,select,{values.map((v) => ( <option key={v} value={v}> {labels[v]} </option> ))},"onChange={(e) => update(key, (e.target.value || null) as never)}",,staff; exact grants require handler review,runtime role/state not reconciled,UNCLASSIFIED; inspect before execution,,,C-245634b078,shared_caller_pending,S-245634b078,no,yes,BLOCKED,src/components/admin/WhatsappServicePolicyEditor.tsx:159,BLOCKED_EXTERNAL,no current rendered action execution,,not exercised in rendered session,,source-declared control; full handler chain not individually verified,not executed on current branch,not observed,"resolve rendered caller and actor/state; isolated role sessions, DB and synthetic browser; provider readback where applicable",NOT_TESTED,,
S-6a34c7a1ea,SOURCE_CONTROL_OCCURRENCE,shared component; caller routes need runtime reconciliation,src/components/admin/WhatsappServicePolicyEditor.tsx:177,input,dynamic/no static accessible name,"onChange={(e) =>
                    update(
                      ""weekdays"",
                      e.target.checked
                        ? [...(policy.rules.weekdays ?? []), i]
                        : (policy.rules.weekdays ?? []).filter((x) => x !== i),
                    )
                  }",,staff; exact grants require handler review,runtime role/state not reconciled,UNCLASSIFIED; inspect before execution,,,C-6a34c7a1ea,shared_caller_pending,S-6a34c7a1ea,no,yes,BLOCKED,src/components/admin/WhatsappServicePolicyEditor.tsx:177,BLOCKED_EXTERNAL,no current rendered action execution,,not exercised in rendered session,,source-declared control; full handler chain not individually verified,not executed on current branch,not observed,"resolve rendered caller and actor/state; isolated role sessions, DB and synthetic browser; provider readback where applicable",NOT_TESTED,,
S-5bd8ac5acc,SOURCE_CONTROL_OCCURRENCE,shared component; caller routes need runtime reconciliation,src/components/admin/WhatsappServicePolicyEditor.tsx:195,Input,dynamic/no static accessible name,"onChange={(e) =>
                update(
                  ""holidays"",
                  e.target.value
                    .split("","")
                    .map((x) => x.trim())
                    .filter(Boolean),
                )
              }",,staff; exact grants require handler review,runtime role/state not reconciled,UNCLASSIFIED; inspect before execution,,,C-5bd8ac5acc,shared_caller_pending,S-5bd8ac5acc,no,yes,BLOCKED,src/components/admin/WhatsappServicePolicyEditor.tsx:195,BLOCKED_EXTERNAL,no current rendered action execution,,not exercised in rendered session,,source-declared control; full handler chain not individually verified,not executed on current branch,not observed,"resolve rendered caller and actor/state; isolated role sessions, DB and synthetic browser; provider readback where applicable",NOT_TESTED,,
S-62511956c6,SOURCE_CONTROL_OCCURRENCE,shared component; caller routes need runtime reconciliation,src/components/admin/WhatsappServicePolicyEditor.tsx:207,input,dynamic/no static accessible name,"onChange={(e) => update(""holidays"", e.target.checked ? [] : null)}",,staff; exact grants require handler review,runtime role/state not reconciled,UNCLASSIFIED; inspect before execution,,,C-62511956c6,shared_caller_pending,S-62511956c6,no,yes,BLOCKED,src/components/admin/WhatsappServicePolicyEditor.tsx:207,BLOCKED_EXTERNAL,no current rendered action execution,,not exercised in rendered session,,source-declared control; full handler chain not individually verified,not executed on current branch,not observed,"resolve rendered caller and actor/state; isolated role sessions, DB and synthetic browser; provider readback where applicable",NOT_TESTED,,
S-fd614f2759,SOURCE_CONTROL_OCCURRENCE,shared component; caller routes need runtime reconciliation,src/components/admin/WhatsappServicePolicyEditor.tsx:223,Input,dynamic/no static accessible name,"onChange={(e) => update(key, e.target.value ? Number(e.target.value) : null)}",,staff; exact grants require handler review,runtime role/state not reconciled,UNCLASSIFIED; inspect before execution,,,C-fd614f2759,shared_caller_pending,S-fd614f2759,no,yes,BLOCKED,src/components/admin/WhatsappServicePolicyEditor.tsx:223,BLOCKED_EXTERNAL,no current rendered action execution,,not exercised in rendered session,,source-declared control; full handler chain not individually verified,not executed on current branch,not observed,"resolve rendered caller and actor/state; isolated role sessions, DB and synthetic browser; provider readback where applicable",NOT_TESTED,,
S-5863cfbaa0,SOURCE_CONTROL_OCCURRENCE,shared component; caller routes need runtime reconciliation,src/components/admin/WhatsappServicePolicyEditor.tsx:233,select,dynamic/no static accessible name,"onChange={(e) =>
                update(
                  ""suppressSurveyAfterHuman"",
                  e.target.value === """" ? null : e.target.value === ""true"",
                )
              }",,staff; exact grants require handler review,runtime role/state not reconciled,UNCLASSIFIED; inspect before execution,,,C-5863cfbaa0,shared_caller_pending,S-5863cfbaa0,no,yes,BLOCKED,src/components/admin/WhatsappServicePolicyEditor.tsx:233,BLOCKED_EXTERNAL,no current rendered action execution,,not exercised in rendered session,,source-declared control; full handler chain not individually verified,not executed on current branch,not observed,"resolve rendered caller and actor/state; isolated role sessions, DB and synthetic browser; provider readback where applicable",NOT_TESTED,,
S-4b5bff313c,SOURCE_CONTROL_OCCURRENCE,shared component; caller routes need runtime reconciliation,src/components/admin/WhatsappServicePolicyEditor.tsx:254,select,"{agents .filter((a) => a.active && a.roles.includes(""manager"")) .map((a) => ( <option key={a.id} value={a.id}> {a.name ?? a.id} </option> ))}","onChange={(e) => update(""managerStaffId"", e.target.value || null)}",,staff; exact grants require handler review,runtime role/state not reconciled,UNCLASSIFIED; inspect before execution,,,C-4b5bff313c,shared_caller_pending,S-4b5bff313c,no,yes,BLOCKED,src/components/admin/WhatsappServicePolicyEditor.tsx:254,BLOCKED_EXTERNAL,no current rendered action execution,,not exercised in rendered session,,source-declared control; full handler chain not individually verified,not executed on current branch,not observed,"resolve rendered caller and actor/state; isolated role sessions, DB and synthetic browser; provider readback where applicable",NOT_TESTED,,
S-664ca56690,SOURCE_CONTROL_OCCURRENCE,shared component; caller routes need runtime reconciliation,src/components/admin/WhatsappServicePolicyEditor.tsx:271,Input,dynamic/no static accessible name,"onChange={(e) =>
                setPolicy((p) => ({
                  ...p,
                  id: """",
                  status: ""draft"",
                  copyVersion: e.target.value || null,
                }))
              }",,staff; exact grants require handler review,runtime role/state not reconciled,UNCLASSIFIED; inspect before execution,,,C-664ca56690,shared_caller_pending,S-664ca56690,no,yes,BLOCKED,src/components/admin/WhatsappServicePolicyEditor.tsx:271,BLOCKED_EXTERNAL,no current rendered action execution,,not exercised in rendered session,,source-declared control; full handler chain not individually verified,not executed on current branch,not observed,"resolve rendered caller and actor/state; isolated role sessions, DB and synthetic browser; provider readback where applicable",NOT_TESTED,,
S-dba3678fcc,SOURCE_CONTROL_OCCURRENCE,shared component; caller routes need runtime reconciliation,src/components/admin/WhatsappServicePolicyEditor.tsx:285,Textarea,dynamic/no static accessible name,"onChange={(e) =>
                setPolicy((p) => ({
                  ...p,
                  id: """",
                  status: ""draft"",
                  copy: { afterHours: e.target.value || null },
                }))
              }",,staff; exact grants require handler review,runtime role/state not reconciled,UNCLASSIFIED; inspect before execution,,,C-dba3678fcc,shared_caller_pending,S-dba3678fcc,no,yes,BLOCKED,src/components/admin/WhatsappServicePolicyEditor.tsx:285,BLOCKED_EXTERNAL,no current rendered action execution,,not exercised in rendered session,,source-declared control; full handler chain not individually verified,not executed on current branch,not observed,"resolve rendered caller and actor/state; isolated role sessions, DB and synthetic browser; provider readback where applicable",NOT_TESTED,,
S-3b082828bf,SOURCE_CONTROL_OCCURRENCE,shared component; caller routes need runtime reconciliation,src/components/admin/WhatsappServicePolicyEditor.tsx:306,Button,儲存為新草稿,"onClick={() =>
            void action(async () => {
              setPolicy(
                await saveWhatsappServicePolicy({
                  rules: policy.rules,
                  afterHoursCopy: policy.copy.afterHours,
                  copyVersion: policy.copyVersion,
                }),
              );
            })
          }",,staff; exact grants require handler review,{busy},UNCLASSIFIED; inspect before execution,,,C-3b082828bf,shared_caller_pending,S-3b082828bf,no,yes,BLOCKED,src/components/admin/WhatsappServicePolicyEditor.tsx:306,BLOCKED_EXTERNAL,no current rendered action execution,,not exercised in rendered session,,source-declared control; full handler chain not individually verified,not executed on current branch,not observed,"resolve rendered caller and actor/state; isolated role sessions, DB and synthetic browser; provider readback where applicable",NOT_TESTED,,
S-c328908e90,SOURCE_CONTROL_OCCURRENCE,shared component; caller routes need runtime reconciliation,src/components/admin/WhatsappServicePolicyEditor.tsx:324,Input,"""帶時區的測試來訊時間""",onChange={(e) => setSample(e.target.value)},,staff; exact grants require handler review,runtime role/state not reconciled,UNCLASSIFIED; inspect before execution,,,C-c328908e90,shared_caller_pending,S-c328908e90,no,yes,BLOCKED,src/components/admin/WhatsappServicePolicyEditor.tsx:324,BLOCKED_EXTERNAL,no current rendered action execution,,not exercised in rendered session,,source-declared control; full handler chain not individually verified,not executed on current branch,not observed,"resolve rendered caller and actor/state; isolated role sessions, DB and synthetic browser; provider readback where applicable",NOT_TESTED,,
S-b737fe8dae,SOURCE_CONTROL_OCCURRENCE,shared component; caller routes need runtime reconciliation,src/components/admin/WhatsappServicePolicyEditor.tsx:329,select,"""模擬入口""",onChange={(e) => setEntry(e.target.value as typeof entry)},,staff; exact grants require handler review,runtime role/state not reconciled,UNCLASSIFIED; inspect before execution,,,C-b737fe8dae,shared_caller_pending,S-b737fe8dae,no,yes,BLOCKED,src/components/admin/WhatsappServicePolicyEditor.tsx:329,BLOCKED_EXTERNAL,no current rendered action execution,,not exercised in rendered session,,source-declared control; full handler chain not individually verified,not executed on current branch,not observed,"resolve rendered caller and actor/state; isolated role sessions, DB and synthetic browser; provider readback where applicable",NOT_TESTED,,
S-f86815945e,SOURCE_CONTROL_OCCURRENCE,shared component; caller routes need runtime reconciliation,src/components/admin/WhatsappServicePolicyEditor.tsx:345,Input,"""批准紀錄編號""",onChange={(e) => setEvidence(e.target.value)},,staff; exact grants require handler review,runtime role/state not reconciled,UNCLASSIFIED; inspect before execution,,,C-f86815945e,shared_caller_pending,S-f86815945e,no,yes,BLOCKED,src/components/admin/WhatsappServicePolicyEditor.tsx:345,BLOCKED_EXTERNAL,no current rendered action execution,,not exercised in rendered session,,source-declared control; full handler chain not individually verified,not executed on current branch,not observed,"resolve rendered caller and actor/state; isolated role sessions, DB and synthetic browser; provider readback where applicable",NOT_TESTED,,
S-713ce00218,SOURCE_CONTROL_OCCURRENCE,shared component; caller routes need runtime reconciliation,src/components/admin/WhatsappServicePolicyEditor.tsx:351,Input,"""生效時間含時區""",onChange={(e) => setEffective(e.target.value)},,staff; exact grants require handler review,runtime role/state not reconciled,UNCLASSIFIED; inspect before execution,,,C-713ce00218,shared_caller_pending,S-713ce00218,no,yes,BLOCKED,src/components/admin/WhatsappServicePolicyEditor.tsx:351,BLOCKED_EXTERNAL,no current rendered action execution,,not exercised in rendered session,,source-declared control; full handler chain not individually verified,not executed on current branch,not observed,"resolve rendered caller and actor/state; isolated role sessions, DB and synthetic browser; provider readback where applicable",NOT_TESTED,,
S-6f94c46972,SOURCE_CONTROL_OCCURRENCE,shared component; caller routes need runtime reconciliation,src/components/admin/WhatsappServicePolicyEditor.tsx:357,Button,記錄已核准政策,"onClick={() =>
                void action(async () => {
                  await approveWhatsappServicePolicy({
                    id: policy.id,
                    version: policy.version,
                    effectiveAt: effective,
                    decisionEvidenceRef: evidence,
                  });
                  setPolicy(draftServicePolicy());
                })
              }",,staff; exact grants require handler review,{busy || !evidence || !effective},UNCLASSIFIED; inspect before execution,,,C-6f94c46972,shared_caller_pending,S-6f94c46972,no,yes,BLOCKED,src/components/admin/WhatsappServicePolicyEditor.tsx:357,BLOCKED_EXTERNAL,no current rendered action execution,,not exercised in rendered session,,source-declared control; full handler chain not individually verified,not executed on current branch,not observed,"resolve rendered caller and actor/state; isolated role sessions, DB and synthetic browser; provider readback where applicable",NOT_TESTED,,
S-812187e035,SOURCE_CONTROL_OCCURRENCE,shared component; caller routes need runtime reconciliation,src/components/admin/analytics/PerformanceDashboard.tsx:62,Button,可查看記錄,onClick={() => onOpenRecords(metric.drilldownKey!)},,staff; exact grants require handler review,runtime role/state not reconciled,UNCLASSIFIED; inspect before execution,,,C-812187e035,shared_caller_pending,S-812187e035,no,yes,BLOCKED,src/components/admin/analytics/PerformanceDashboard.tsx:62,BLOCKED_EXTERNAL,no current rendered action execution,,not exercised in rendered session,,source-declared control; full handler chain not individually verified,not executed on current branch,not observed,"resolve rendered caller and actor/state; isolated role sessions, DB and synthetic browser; provider readback where applicable",NOT_TESTED,,
S-ffdbcd537e,SOURCE_CONTROL_OCCURRENCE,shared component; caller routes need runtime reconciliation,src/components/admin/analytics/PerformanceDashboard.tsx:101,MetricCard,dynamic/no static accessible name,onOpenRecords={onOpenRecords},,staff; exact grants require handler review,runtime role/state not reconciled,UNCLASSIFIED; inspect before execution,,,C-ffdbcd537e,shared_caller_pending,S-ffdbcd537e,no,yes,BLOCKED,src/components/admin/analytics/PerformanceDashboard.tsx:101,BLOCKED_EXTERNAL,no current rendered action execution,,not exercised in rendered session,,source-declared control; full handler chain not individually verified,not executed on current branch,not observed,"resolve rendered caller and actor/state; isolated role sessions, DB and synthetic browser; provider readback where applicable",NOT_TESTED,,
S-9f931ff85c,SOURCE_CONTROL_OCCURRENCE,shared component; caller routes need runtime reconciliation,src/components/admin/analytics/PerformanceDashboard.tsx:118,form,"""績效篩選""",onSubmit={submit},,staff; exact grants require handler review,runtime role/state not reconciled,UNCLASSIFIED; inspect before execution,,,C-9f931ff85c,shared_caller_pending,S-9f931ff85c,no,yes,BLOCKED,src/components/admin/analytics/PerformanceDashboard.tsx:118,BLOCKED_EXTERNAL,no current rendered action execution,,not exercised in rendered session,,source-declared control; full handler chain not individually verified,not executed on current branch,not observed,"resolve rendered caller and actor/state; isolated role sessions, DB and synthetic browser; provider readback where applicable",NOT_TESTED,,
S-a3e71f853a,SOURCE_CONTROL_OCCURRENCE,shared component; caller routes need runtime reconciliation,src/components/admin/analytics/PerformanceDashboard.tsx:125,Input,dynamic/no static accessible name,"onChange={(e) => setDraft((v) => ({ ...v, start: e.target.value }))}",,staff; exact grants require handler review,runtime role/state not reconciled,UNCLASSIFIED; inspect before execution,,,C-a3e71f853a,shared_caller_pending,S-a3e71f853a,no,yes,BLOCKED,src/components/admin/analytics/PerformanceDashboard.tsx:125,BLOCKED_EXTERNAL,no current rendered action execution,,not exercised in rendered session,,source-declared control; full handler chain not individually verified,not executed on current branch,not observed,"resolve rendered caller and actor/state; isolated role sessions, DB and synthetic browser; provider readback where applicable",NOT_TESTED,,
S-1c1c8ff72e,SOURCE_CONTROL_OCCURRENCE,shared component; caller routes need runtime reconciliation,src/components/admin/analytics/PerformanceDashboard.tsx:135,Input,dynamic/no static accessible name,"onChange={(e) => setDraft((v) => ({ ...v, end: e.target.value }))}",,staff; exact grants require handler review,runtime role/state not reconciled,UNCLASSIFIED; inspect before execution,,,C-1c1c8ff72e,shared_caller_pending,S-1c1c8ff72e,no,yes,BLOCKED,src/components/admin/analytics/PerformanceDashboard.tsx:135,BLOCKED_EXTERNAL,no current rendered action execution,,not exercised in rendered session,,source-declared control; full handler chain not individually verified,not executed on current branch,not observed,"resolve rendered caller and actor/state; isolated role sessions, DB and synthetic browser; provider readback where applicable",NOT_TESTED,,
S-56141da2ab,SOURCE_CONTROL_OCCURRENCE,shared component; caller routes need runtime reconciliation,src/components/admin/analytics/PerformanceDashboard.tsx:145,select,{available.branches.map((b) => ( <option key={b.id} value={b.id}> {b.name} </option> ))},"onChange={(e) =>
              setDraft((v) => ({ ...v, branchId: e.target.value || null, staffId: null }))
            }",,staff; exact grants require handler review,runtime role/state not reconciled,UNCLASSIFIED; inspect before execution,,,C-56141da2ab,shared_caller_pending,S-56141da2ab,no,yes,BLOCKED,src/components/admin/analytics/PerformanceDashboard.tsx:145,BLOCKED_EXTERNAL,no current rendered action execution,,not exercised in rendered session,,source-declared control; full handler chain not individually verified,not executed on current branch,not observed,"resolve rendered caller and actor/state; isolated role sessions, DB and synthetic browser; provider readback where applicable",NOT_TESTED,,
S-ee8d66697c,SOURCE_CONTROL_OCCURRENCE,shared component; caller routes need runtime reconciliation,src/components/admin/analytics/PerformanceDashboard.tsx:163,select,{staff.map((person) => ( <option key={person.id} value={person.id}> {person.name} </option> ))},"onChange={(e) => setDraft((v) => ({ ...v, staffId: e.target.value || null }))}",,staff; exact grants require handler review,runtime role/state not reconciled,UNCLASSIFIED; inspect before execution,,,C-ee8d66697c,shared_caller_pending,S-ee8d66697c,no,yes,BLOCKED,src/components/admin/analytics/PerformanceDashboard.tsx:163,BLOCKED_EXTERNAL,no current rendered action execution,,not exercised in rendered session,,source-declared control; full handler chain not individually verified,not executed on current branch,not observed,"resolve rendered caller and actor/state; isolated role sessions, DB and synthetic browser; provider readback where applicable",NOT_TESTED,,
S-fc9c81796f,SOURCE_CONTROL_OCCURRENCE,shared component; caller routes need runtime reconciliation,src/components/admin/analytics/PerformanceDashboard.tsx:179,select,"{[""website"", ""whatsapp"", ""28hse"", ""youtube"", ""other"", ""unknown""].map((source) => ( <option key={source} value={source}> {source} </option> ))}","onChange={(e) =>
              setDraft((v) => ({
                ...v,
                source: (e.target.value || null) as PerformanceFilters[""source""],
              }))
            }",,staff; exact grants require handler review,runtime role/state not reconciled,UNCLASSIFIED; inspect before execution,,,C-fc9c81796f,shared_caller_pending,S-fc9c81796f,no,yes,BLOCKED,src/components/admin/analytics/PerformanceDashboard.tsx:179,BLOCKED_EXTERNAL,no current rendered action execution,,not exercised in rendered session,,source-declared control; full handler chain not individually verified,not executed on current branch,not observed,"resolve rendered caller and actor/state; isolated role sessions, DB and synthetic browser; provider readback where applicable",NOT_TESTED,,
S-3732d6f38e,SOURCE_CONTROL_OCCURRENCE,shared component; caller routes need runtime reconciliation,src/components/admin/analytics/PerformanceDashboard.tsx:200,select,dynamic/no static accessible name,"onChange={(e) =>
              setDraft((v) => ({
                ...v,
                dealType: (e.target.value || null) as PerformanceFilters[""dealType""],
              }))
            }",,staff; exact grants require handler review,runtime role/state not reconciled,UNCLASSIFIED; inspect before execution,,,C-3732d6f38e,shared_caller_pending,S-3732d6f38e,no,yes,BLOCKED,src/components/admin/analytics/PerformanceDashboard.tsx:200,BLOCKED_EXTERNAL,no current rendered action execution,,not exercised in rendered session,,source-declared control; full handler chain not individually verified,not executed on current branch,not observed,"resolve rendered caller and actor/state; isolated role sessions, DB and synthetic browser; provider readback where applicable",NOT_TESTED,,
S-aaad75cf97,SOURCE_CONTROL_OCCURRENCE,shared component; caller routes need runtime reconciliation,src/components/admin/analytics/PerformanceDashboard.tsx:218,select,dynamic/no static accessible name,"onChange={(e) =>
              setDraft((v) => ({ ...v, cohortWindowDays: Number(e.target.value) as 30 | 90 }))
            }",,staff; exact grants require handler review,runtime role/state not reconciled,UNCLASSIFIED; inspect before execution,,,C-aaad75cf97,shared_caller_pending,S-aaad75cf97,no,yes,BLOCKED,src/components/admin/analytics/PerformanceDashboard.tsx:218,BLOCKED_EXTERNAL,no current rendered action execution,,not exercised in rendered session,,source-declared control; full handler chain not individually verified,not executed on current branch,not observed,"resolve rendered caller and actor/state; isolated role sessions, DB and synthetic browser; provider readback where applicable",NOT_TESTED,,
S-ac07d529dc,SOURCE_CONTROL_OCCURRENCE,shared component; caller routes need runtime reconciliation,src/components/admin/analytics/PerformanceDashboard.tsx:231,Button,套用篩選,,,staff; exact grants require handler review,{loading},local input/semantic wrapper,,,C-ac07d529dc,shared_caller_pending,S-ac07d529dc,no,yes,BLOCKED,src/components/admin/analytics/PerformanceDashboard.tsx:231,BLOCKED_EXTERNAL,no current rendered action execution,,not exercised in rendered session,,source-declared control; full handler chain not individually verified,not executed on current branch,not observed,"resolve rendered caller and actor/state; isolated role sessions, DB and synthetic browser; provider readback where applicable",NOT_TESTED,,
S-326f2fcf0a,SOURCE_CONTROL_OCCURRENCE,shared component; caller routes need runtime reconciliation,src/components/admin/analytics/PerformanceDashboard.tsx:259,TabsTrigger,新增與轉換,,,staff; exact grants require handler review,runtime role/state not reconciled,local input/semantic wrapper,,,C-326f2fcf0a,shared_caller_pending,S-326f2fcf0a,no,yes,BLOCKED,src/components/admin/analytics/PerformanceDashboard.tsx:259,BLOCKED_EXTERNAL,no current rendered action execution,,not exercised in rendered session,,source-declared control; full handler chain not individually verified,not executed on current branch,not observed,"resolve rendered caller and actor/state; isolated role sessions, DB and synthetic browser; provider readback where applicable",NOT_TESTED,,
S-64c7e89925,SOURCE_CONTROL_OCCURRENCE,shared component; caller routes need runtime reconciliation,src/components/admin/analytics/PerformanceDashboard.tsx:260,TabsTrigger,回覆及跟進,,,staff; exact grants require handler review,runtime role/state not reconciled,local input/semantic wrapper,,,C-64c7e89925,shared_caller_pending,S-64c7e89925,no,yes,BLOCKED,src/components/admin/analytics/PerformanceDashboard.tsx:260,BLOCKED_EXTERNAL,no current rendered action execution,,not exercised in rendered session,,source-declared control; full handler chain not individually verified,not executed on current branch,not observed,"resolve rendered caller and actor/state; isolated role sessions, DB and synthetic browser; provider readback where applicable",NOT_TESTED,,
S-615494107d,SOURCE_CONTROL_OCCURRENCE,shared component; caller routes need runtime reconciliation,src/components/admin/analytics/PerformanceDashboard.tsx:261,TabsTrigger,成交及佣金,,,staff; exact grants require handler review,runtime role/state not reconciled,local input/semantic wrapper,,,C-615494107d,shared_caller_pending,S-615494107d,no,yes,BLOCKED,src/components/admin/analytics/PerformanceDashboard.tsx:261,BLOCKED_EXTERNAL,no current rendered action execution,,not exercised in rendered session,,source-declared control; full handler chain not individually verified,not executed on current branch,not observed,"resolve rendered caller and actor/state; isolated role sessions, DB and synthetic browser; provider readback where applicable",NOT_TESTED,,
S-fe780deb94,SOURCE_CONTROL_OCCURRENCE,shared component; caller routes need runtime reconciliation,src/components/admin/analytics/PerformanceDashboard.tsx:262,TabsTrigger,當前待辦,,,staff; exact grants require handler review,runtime role/state not reconciled,local input/semantic wrapper,,,C-fe780deb94,shared_caller_pending,S-fe780deb94,no,yes,BLOCKED,src/components/admin/analytics/PerformanceDashboard.tsx:262,BLOCKED_EXTERNAL,no current rendered action execution,,not exercised in rendered session,,source-declared control; full handler chain not individually verified,not executed on current branch,not observed,"resolve rendered caller and actor/state; isolated role sessions, DB and synthetic browser; provider readback where applicable",NOT_TESTED,,
S-a5020a6eae,SOURCE_CONTROL_OCCURRENCE,shared component; caller routes need runtime reconciliation,src/components/admin/analytics/PerformanceDashboard.tsx:371,Button,未知查詢 {report.qualityCoverage.inquiries.unknown},"onClick={() => onOpenRecords(""quality_unknown_inquiries"")}",,staff; exact grants require handler review,runtime role/state not reconciled,UNCLASSIFIED; inspect before execution,,,C-a5020a6eae,shared_caller_pending,S-a5020a6eae,no,yes,BLOCKED,src/components/admin/analytics/PerformanceDashboard.tsx:371,BLOCKED_EXTERNAL,no current rendered action execution,,not exercised in rendered session,,source-declared control; full handler chain not individually verified,not executed on current branch,not observed,"resolve rendered caller and actor/state; isolated role sessions, DB and synthetic browser; provider readback where applicable",NOT_TESTED,,
S-f3f22a8589,SOURCE_CONTROL_OCCURRENCE,shared component; caller routes need runtime reconciliation,src/components/admin/analytics/PerformanceDashboard.tsx:378,Button,測試 {report.qualityCoverage.inquiries.test},"onClick={() => onOpenRecords(""quality_test_inquiries"")}",,staff; exact grants require handler review,runtime role/state not reconciled,UNCLASSIFIED; inspect before execution,,,C-f3f22a8589,shared_caller_pending,S-f3f22a8589,no,yes,BLOCKED,src/components/admin/analytics/PerformanceDashboard.tsx:378,BLOCKED_EXTERNAL,no current rendered action execution,,not exercised in rendered session,,source-declared control; full handler chain not individually verified,not executed on current branch,not observed,"resolve rendered caller and actor/state; isolated role sessions, DB and synthetic browser; provider readback where applicable",NOT_TESTED,,
S-ee73b2d4fa,SOURCE_CONTROL_OCCURRENCE,shared component; caller routes need runtime reconciliation,src/components/admin/analytics/PerformanceDashboard.tsx:385,Button,垃圾 {report.qualityCoverage.inquiries.spam},"onClick={() => onOpenRecords(""quality_spam_inquiries"")}",,staff; exact grants require handler review,runtime role/state not reconciled,UNCLASSIFIED; inspect before execution,,,C-ee73b2d4fa,shared_caller_pending,S-ee73b2d4fa,no,yes,BLOCKED,src/components/admin/analytics/PerformanceDashboard.tsx:385,BLOCKED_EXTERNAL,no current rendered action execution,,not exercised in rendered session,,source-declared control; full handler chain not individually verified,not executed on current branch,not observed,"resolve rendered caller and actor/state; isolated role sessions, DB and synthetic browser; provider readback where applicable",NOT_TESTED,,
S-ba5fdf079d,SOURCE_CONTROL_OCCURRENCE,shared component; caller routes need runtime reconciliation,src/components/admin/analytics/PerformanceDashboard.tsx:392,Button,未知跟進事件 {report.qualityCoverage.events.unknown},"onClick={() => onOpenRecords(""quality_unknown_events"")}",,staff; exact grants require handler review,runtime role/state not reconciled,UNCLASSIFIED; inspect before execution,,,C-ba5fdf079d,shared_caller_pending,S-ba5fdf079d,no,yes,BLOCKED,src/components/admin/analytics/PerformanceDashboard.tsx:392,BLOCKED_EXTERNAL,no current rendered action execution,,not exercised in rendered session,,source-declared control; full handler chain not individually verified,not executed on current branch,not observed,"resolve rendered caller and actor/state; isolated role sessions, DB and synthetic browser; provider readback where applicable",NOT_TESTED,,
S-462047e489,SOURCE_CONTROL_OCCURRENCE,shared component; caller routes need runtime reconciliation,src/components/admin/analytics/PerformanceDashboard.tsx:399,Button,測試跟進 {report.qualityCoverage.events.test},"onClick={() => onOpenRecords(""quality_test_events"")}",,staff; exact grants require handler review,runtime role/state not reconciled,UNCLASSIFIED; inspect before execution,,,C-462047e489,shared_caller_pending,S-462047e489,no,yes,BLOCKED,src/components/admin/analytics/PerformanceDashboard.tsx:399,BLOCKED_EXTERNAL,no current rendered action execution,,not exercised in rendered session,,source-declared control; full handler chain not individually verified,not executed on current branch,not observed,"resolve rendered caller and actor/state; isolated role sessions, DB and synthetic browser; provider readback where applicable",NOT_TESTED,,
S-6607cdec26,SOURCE_CONTROL_OCCURRENCE,shared component; caller routes need runtime reconciliation,src/components/admin/analytics/PerformanceDashboard.tsx:406,Button,垃圾跟進 {report.qualityCoverage.events.spam},"onClick={() => onOpenRecords(""quality_spam_events"")}",,staff; exact grants require handler review,runtime role/state not reconciled,UNCLASSIFIED; inspect before execution,,,C-6607cdec26,shared_caller_pending,S-6607cdec26,no,yes,BLOCKED,src/components/admin/analytics/PerformanceDashboard.tsx:406,BLOCKED_EXTERNAL,no current rendered action execution,,not exercised in rendered session,,source-declared control; full handler chain not individually verified,not executed on current branch,not observed,"resolve rendered caller and actor/state; isolated role sessions, DB and synthetic browser; provider readback where applicable",NOT_TESTED,,
S-da84aa549a,SOURCE_CONTROL_OCCURRENCE,shared component; caller routes need runtime reconciliation,src/components/admin/analytics/PerformanceDashboard.tsx:413,Button,未知成交 {report.qualityCoverage.deals.unknown},"onClick={() => onOpenRecords(""quality_unknown_deals"")}",,staff; exact grants require handler review,runtime role/state not reconciled,UNCLASSIFIED; inspect before execution,,,C-da84aa549a,shared_caller_pending,S-da84aa549a,no,yes,BLOCKED,src/components/admin/analytics/PerformanceDashboard.tsx:413,BLOCKED_EXTERNAL,no current rendered action execution,,not exercised in rendered session,,source-declared control; full handler chain not individually verified,not executed on current branch,not observed,"resolve rendered caller and actor/state; isolated role sessions, DB and synthetic browser; provider readback where applicable",NOT_TESTED,,
S-4093b9980d,SOURCE_CONTROL_OCCURRENCE,shared component; caller routes need runtime reconciliation,src/components/admin/analytics/PerformanceDashboard.tsx:420,Button,測試成交 {report.qualityCoverage.deals.test},"onClick={() => onOpenRecords(""quality_test_deals"")}",,staff; exact grants require handler review,runtime role/state not reconciled,UNCLASSIFIED; inspect before execution,,,C-4093b9980d,shared_caller_pending,S-4093b9980d,no,yes,BLOCKED,src/components/admin/analytics/PerformanceDashboard.tsx:420,BLOCKED_EXTERNAL,no current rendered action execution,,not exercised in rendered session,,source-declared control; full handler chain not individually verified,not executed on current branch,not observed,"resolve rendered caller and actor/state; isolated role sessions, DB and synthetic browser; provider readback where applicable",NOT_TESTED,,
S-339b1c3fbc,SOURCE_CONTROL_OCCURRENCE,shared component; caller routes need runtime reconciliation,src/components/admin/analytics/PerformanceDashboard.tsx:427,Button,垃圾成交 {report.qualityCoverage.deals.spam},"onClick={() => onOpenRecords(""quality_spam_deals"")}",,staff; exact grants require handler review,runtime role/state not reconciled,UNCLASSIFIED; inspect before execution,,,C-339b1c3fbc,shared_caller_pending,S-339b1c3fbc,no,yes,BLOCKED,src/components/admin/analytics/PerformanceDashboard.tsx:427,BLOCKED_EXTERNAL,no current rendered action execution,,not exercised in rendered session,,source-declared control; full handler chain not individually verified,not executed on current branch,not observed,"resolve rendered caller and actor/state; isolated role sessions, DB and synthetic browser; provider readback where applicable",NOT_TESTED,,
S-85208a64f4,SOURCE_CONTROL_OCCURRENCE,shared component; caller routes need runtime reconciliation,src/components/admin/analytics/PerformanceTable.tsx:123,Button,匯出本頁 CSV,onClick={() => exportVisible(page)},,staff; exact grants require handler review,runtime role/state not reconciled,UNCLASSIFIED; inspect before execution,,,C-85208a64f4,shared_caller_pending,S-85208a64f4,no,yes,BLOCKED,src/components/admin/analytics/PerformanceTable.tsx:123,BLOCKED_EXTERNAL,no current rendered action execution,,not exercised in rendered session,,source-declared control; full handler chain not individually verified,not executed on current branch,not observed,"resolve rendered caller and actor/state; isolated role sessions, DB and synthetic browser; provider readback where applicable",NOT_TESTED,,
S-81a1ce50fe,SOURCE_CONTROL_OCCURRENCE,shared component; caller routes need runtime reconciliation,src/components/admin/analytics/PerformanceTable.tsx:127,Button,關閉,onClick={onClose},,staff; exact grants require handler review,runtime role/state not reconciled,UNCLASSIFIED; inspect before execution,,,C-81a1ce50fe,shared_caller_pending,S-81a1ce50fe,no,yes,BLOCKED,src/components/admin/analytics/PerformanceTable.tsx:127,BLOCKED_EXTERNAL,no current rendered action execution,,not exercised in rendered session,,source-declared control; full handler chain not individually verified,not executed on current branch,not observed,"resolve rendered caller and actor/state; isolated role sessions, DB and synthetic browser; provider readback where applicable",NOT_TESTED,,
S-91a8a4e8c3,SOURCE_CONTROL_OCCURRENCE,shared component; caller routes need runtime reconciliation,src/components/admin/analytics/PerformanceTable.tsx:201,summary,修正品質,"onClick={() => {
                              setEditingId(record.id);
                              setQuality(record.quality as typeof quality);
                              setReason("""");
                              setQualificationEvidence("""");
                            }}",,staff; exact grants require handler review,runtime role/state not reconciled,UNCLASSIFIED; inspect before execution,,,C-91a8a4e8c3,shared_caller_pending,S-91a8a4e8c3,no,yes,BLOCKED,src/components/admin/analytics/PerformanceTable.tsx:201,BLOCKED_EXTERNAL,no current rendered action execution,,not exercised in rendered session,,source-declared control; full handler chain not individually verified,not executed on current branch,not observed,"resolve rendered caller and actor/state; isolated role sessions, DB and synthetic browser; provider readback where applicable",NOT_TESTED,,
S-7ae59341ff,SOURCE_CONTROL_OCCURRENCE,shared component; caller routes need runtime reconciliation,src/components/admin/analytics/PerformanceTable.tsx:212,form,dynamic/no static accessible name,"onSubmit={(event) => void save(event, record)}",,staff; exact grants require handler review,runtime role/state not reconciled,UNCLASSIFIED; inspect before execution,,,C-7ae59341ff,shared_caller_pending,S-7ae59341ff,no,yes,BLOCKED,src/components/admin/analytics/PerformanceTable.tsx:212,BLOCKED_EXTERNAL,no current rendered action execution,,not exercised in rendered session,,source-declared control; full handler chain not individually verified,not executed on current branch,not observed,"resolve rendered caller and actor/state; isolated role sessions, DB and synthetic browser; provider readback where applicable",NOT_TESTED,,
S-cdc79e1566,SOURCE_CONTROL_OCCURRENCE,shared component; caller routes need runtime reconciliation,src/components/admin/analytics/PerformanceTable.tsx:217,select,dynamic/no static accessible name,onChange={(e) => setQuality(e.target.value as typeof quality)},,staff; exact grants require handler review,runtime role/state not reconciled,UNCLASSIFIED; inspect before execution,,,C-cdc79e1566,shared_caller_pending,S-cdc79e1566,no,yes,BLOCKED,src/components/admin/analytics/PerformanceTable.tsx:217,BLOCKED_EXTERNAL,no current rendered action execution,,not exercised in rendered session,,source-declared control; full handler chain not individually verified,not executed on current branch,not observed,"resolve rendered caller and actor/state; isolated role sessions, DB and synthetic browser; provider readback where applicable",NOT_TESTED,,
S-4550c90b4f,SOURCE_CONTROL_OCCURRENCE,shared component; caller routes need runtime reconciliation,src/components/admin/analytics/PerformanceTable.tsx:229,Input,"""記錄核實依據""",onChange={(e) => setReason(e.target.value)},,staff; exact grants require handler review,runtime role/state not reconciled,UNCLASSIFIED; inspect before execution,,,C-4550c90b4f,shared_caller_pending,S-4550c90b4f,no,yes,BLOCKED,src/components/admin/analytics/PerformanceTable.tsx:229,BLOCKED_EXTERNAL,no current rendered action execution,,not exercised in rendered session,,source-declared control; full handler chain not individually verified,not executed on current branch,not observed,"resolve rendered caller and actor/state; isolated role sessions, DB and synthetic browser; provider readback where applicable",NOT_TESTED,,
S-b072cef705,SOURCE_CONTROL_OCCURRENCE,shared component; caller routes need runtime reconciliation,src/components/admin/analytics/PerformanceTable.tsx:237,Button,儲存修正,,,staff; exact grants require handler review,{saving === record.id || editingId !== record.id},local input/semantic wrapper,,,C-b072cef705,shared_caller_pending,S-b072cef705,no,yes,BLOCKED,src/components/admin/analytics/PerformanceTable.tsx:237,BLOCKED_EXTERNAL,no current rendered action execution,,not exercised in rendered session,,source-declared control; full handler chain not individually verified,not executed on current branch,not observed,"resolve rendered caller and actor/state; isolated role sessions, DB and synthetic browser; provider readback where applicable",NOT_TESTED,,
S-b0250ffaf9,SOURCE_CONTROL_OCCURRENCE,shared component; caller routes need runtime reconciliation,src/components/admin/analytics/PerformanceTable.tsx:251,summary,核實合格線索,"onClick={() => {
                              setEditingId(record.id);
                              setQualificationEvidence("""");
                            }}",,staff; exact grants require handler review,runtime role/state not reconciled,UNCLASSIFIED; inspect before execution,,,C-b0250ffaf9,shared_caller_pending,S-b0250ffaf9,no,yes,BLOCKED,src/components/admin/analytics/PerformanceTable.tsx:251,BLOCKED_EXTERNAL,no current rendered action execution,,not exercised in rendered session,,source-declared control; full handler chain not individually verified,not executed on current branch,not observed,"resolve rendered caller and actor/state; isolated role sessions, DB and synthetic browser; provider readback where applicable",NOT_TESTED,,
S-03cacc51bc,SOURCE_CONTROL_OCCURRENCE,shared component; caller routes need runtime reconciliation,src/components/admin/analytics/PerformanceTable.tsx:260,form,dynamic/no static accessible name,"onSubmit={(event) => void qualify(event, record)}",,staff; exact grants require handler review,runtime role/state not reconciled,UNCLASSIFIED; inspect before execution,,,C-03cacc51bc,shared_caller_pending,S-03cacc51bc,no,yes,BLOCKED,src/components/admin/analytics/PerformanceTable.tsx:260,BLOCKED_EXTERNAL,no current rendered action execution,,not exercised in rendered session,,source-declared control; full handler chain not individually verified,not executed on current branch,not observed,"resolve rendered caller and actor/state; isolated role sessions, DB and synthetic browser; provider readback where applicable",NOT_TESTED,,
S-dfe67f77d3,SOURCE_CONTROL_OCCURRENCE,shared component; caller routes need runtime reconciliation,src/components/admin/analytics/PerformanceTable.tsx:265,Input,"""記錄實際聯絡與需求證據""",onChange={(event) => setQualificationEvidence(event.target.value)},,staff; exact grants require handler review,runtime role/state not reconciled,UNCLASSIFIED; inspect before execution,,,C-dfe67f77d3,shared_caller_pending,S-dfe67f77d3,no,yes,BLOCKED,src/components/admin/analytics/PerformanceTable.tsx:265,BLOCKED_EXTERNAL,no current rendered action execution,,not exercised in rendered session,,source-declared control; full handler chain not individually verified,not executed on current branch,not observed,"resolve rendered caller and actor/state; isolated role sessions, DB and synthetic browser; provider readback where applicable",NOT_TESTED,,
S-f064c3370d,SOURCE_CONTROL_OCCURRENCE,shared component; caller routes need runtime reconciliation,src/components/admin/analytics/PerformanceTable.tsx:273,Button,記錄合格線索,,,staff; exact grants require handler review,{saving === record.id || editingId !== record.id},local input/semantic wrapper,,,C-f064c3370d,shared_caller_pending,S-f064c3370d,no,yes,BLOCKED,src/components/admin/analytics/PerformanceTable.tsx:273,BLOCKED_EXTERNAL,no current rendered action execution,,not exercised in rendered session,,source-declared control; full handler chain not individually verified,not executed on current branch,not observed,"resolve rendered caller and actor/state; isolated role sessions, DB and synthetic browser; provider readback where applicable",NOT_TESTED,,
S-8238fe2ca7,SOURCE_CONTROL_OCCURRENCE,shared component; caller routes need runtime reconciliation,src/components/admin/analytics/PerformanceTable.tsx:292,Button,載入更多,onClick={onMore},,staff; exact grants require handler review,{loading},UNCLASSIFIED; inspect before execution,,,C-8238fe2ca7,shared_caller_pending,S-8238fe2ca7,no,yes,BLOCKED,src/components/admin/analytics/PerformanceTable.tsx:292,BLOCKED_EXTERNAL,no current rendered action execution,,not exercised in rendered session,,source-declared control; full handler chain not individually verified,not executed on current branch,not observed,"resolve rendered caller and actor/state; isolated role sessions, DB and synthetic browser; provider readback where applicable",NOT_TESTED,,
S-cfad1c9a24,SOURCE_CONTROL_OCCURRENCE,shared component; caller routes need runtime reconciliation,src/components/admin/estates/AdminEstateEditorForm.tsx:420,form,"{form.id ? ( <section> <div className=""mb-3 flex items-center justify-between""> <h2 className=""text-sm font-semibold text-muted-foreground"">屋苑 FAQ</h2",onSubmit={handleSaveDraft},,staff; exact grants require handler review,runtime role/state not reconciled,UNCLASSIFIED; inspect before execution,,,C-cfad1c9a24,shared_caller_pending,S-cfad1c9a24,no,yes,BLOCKED,src/components/admin/estates/AdminEstateEditorForm.tsx:420,BLOCKED_EXTERNAL,no current rendered action execution,,not exercised in rendered session,,source-declared control; full handler chain not individually verified,not executed on current branch,not observed,"resolve rendered caller and actor/state; isolated role sessions, DB and synthetic browser; provider readback where applicable",NOT_TESTED,,
S-bd6972bbe5,SOURCE_CONTROL_OCCURRENCE,shared component; caller routes need runtime reconciliation,src/components/admin/estates/AdminEstateEditorForm.tsx:430,Input,dynamic/no static accessible name,"onChange={(e) => set(""slug"", e.target.value)}",,staff; exact grants require handler review,runtime role/state not reconciled,UNCLASSIFIED; inspect before execution,,,C-bd6972bbe5,shared_caller_pending,S-bd6972bbe5,no,yes,BLOCKED,src/components/admin/estates/AdminEstateEditorForm.tsx:430,BLOCKED_EXTERNAL,no current rendered action execution,,not exercised in rendered session,,source-declared control; full handler chain not individually verified,not executed on current branch,not observed,"resolve rendered caller and actor/state; isolated role sessions, DB and synthetic browser; provider readback where applicable",NOT_TESTED,,
S-5558df8ca2,SOURCE_CONTROL_OCCURRENCE,shared component; caller routes need runtime reconciliation,src/components/admin/estates/AdminEstateEditorForm.tsx:438,Input,dynamic/no static accessible name,"onChange={(e) => set(""name_zh"", e.target.value)}",,staff; exact grants require handler review,runtime role/state not reconciled,UNCLASSIFIED; inspect before execution,,,C-5558df8ca2,shared_caller_pending,S-5558df8ca2,no,yes,BLOCKED,src/components/admin/estates/AdminEstateEditorForm.tsx:438,BLOCKED_EXTERNAL,no current rendered action execution,,not exercised in rendered session,,source-declared control; full handler chain not individually verified,not executed on current branch,not observed,"resolve rendered caller and actor/state; isolated role sessions, DB and synthetic browser; provider readback where applicable",NOT_TESTED,,
S-1c705949b3,SOURCE_CONTROL_OCCURRENCE,shared component; caller routes need runtime reconciliation,src/components/admin/estates/AdminEstateEditorForm.tsx:446,Input,dynamic/no static accessible name,"onChange={(e) => set(""name_en"", e.target.value)}",,staff; exact grants require handler review,runtime role/state not reconciled,UNCLASSIFIED; inspect before execution,,,C-1c705949b3,shared_caller_pending,S-1c705949b3,no,yes,BLOCKED,src/components/admin/estates/AdminEstateEditorForm.tsx:446,BLOCKED_EXTERNAL,no current rendered action execution,,not exercised in rendered session,,source-declared control; full handler chain not individually verified,not executed on current branch,not observed,"resolve rendered caller and actor/state; isolated role sessions, DB and synthetic browser; provider readback where applicable",NOT_TESTED,,
S-10d6ba3dd3,SOURCE_CONTROL_OCCURRENCE,shared component; caller routes need runtime reconciliation,src/components/admin/estates/AdminEstateEditorForm.tsx:453,Input,dynamic/no static accessible name,"onChange={(e) => set(""district_slug"", e.target.value)}",,staff; exact grants require handler review,runtime role/state not reconciled,UNCLASSIFIED; inspect before execution,,,C-10d6ba3dd3,shared_caller_pending,S-10d6ba3dd3,no,yes,BLOCKED,src/components/admin/estates/AdminEstateEditorForm.tsx:453,BLOCKED_EXTERNAL,no current rendered action execution,,not exercised in rendered session,,source-declared control; full handler chain not individually verified,not executed on current branch,not observed,"resolve rendered caller and actor/state; isolated role sessions, DB and synthetic browser; provider readback where applicable",NOT_TESTED,,
S-38942ae624,SOURCE_CONTROL_OCCURRENCE,shared component; caller routes need runtime reconciliation,src/components/admin/estates/AdminEstateEditorForm.tsx:461,Input,dynamic/no static accessible name,"onChange={(e) => set(""developer"", e.target.value)}",,staff; exact grants require handler review,runtime role/state not reconciled,UNCLASSIFIED; inspect before execution,,,C-38942ae624,shared_caller_pending,S-38942ae624,no,yes,BLOCKED,src/components/admin/estates/AdminEstateEditorForm.tsx:461,BLOCKED_EXTERNAL,no current rendered action execution,,not exercised in rendered session,,source-declared control; full handler chain not individually verified,not executed on current branch,not observed,"resolve rendered caller and actor/state; isolated role sessions, DB and synthetic browser; provider readback where applicable",NOT_TESTED,,
S-30e2201139,SOURCE_CONTROL_OCCURRENCE,shared component; caller routes need runtime reconciliation,src/components/admin/estates/AdminEstateEditorForm.tsx:468,Input,dynamic/no static accessible name,"onChange={(e) => set(""hero_image"", e.target.value)}",,staff; exact grants require handler review,runtime role/state not reconciled,UNCLASSIFIED; inspect before execution,,,C-30e2201139,shared_caller_pending,S-30e2201139,no,yes,BLOCKED,src/components/admin/estates/AdminEstateEditorForm.tsx:468,BLOCKED_EXTERNAL,no current rendered action execution,,not exercised in rendered session,,source-declared control; full handler chain not individually verified,not executed on current branch,not observed,"resolve rendered caller and actor/state; isolated role sessions, DB and synthetic browser; provider readback where applicable",NOT_TESTED,,
S-05c3b2cce6,SOURCE_CONTROL_OCCURRENCE,shared component; caller routes need runtime reconciliation,src/components/admin/estates/AdminEstateEditorForm.tsx:475,Input,dynamic/no static accessible name,"onChange={(e) => set(""year_completed"", e.target.value)}",,staff; exact grants require handler review,runtime role/state not reconciled,UNCLASSIFIED; inspect before execution,,,C-05c3b2cce6,shared_caller_pending,S-05c3b2cce6,no,yes,BLOCKED,src/components/admin/estates/AdminEstateEditorForm.tsx:475,BLOCKED_EXTERNAL,no current rendered action execution,,not exercised in rendered session,,source-declared control; full handler chain not individually verified,not executed on current branch,not observed,"resolve rendered caller and actor/state; isolated role sessions, DB and synthetic browser; provider readback where applicable",NOT_TESTED,,
S-15fc6eaf0c,SOURCE_CONTROL_OCCURRENCE,shared component; caller routes need runtime reconciliation,src/components/admin/estates/AdminEstateEditorForm.tsx:483,Input,dynamic/no static accessible name,"onChange={(e) => set(""phases"", e.target.value)}",,staff; exact grants require handler review,runtime role/state not reconciled,UNCLASSIFIED; inspect before execution,,,C-15fc6eaf0c,shared_caller_pending,S-15fc6eaf0c,no,yes,BLOCKED,src/components/admin/estates/AdminEstateEditorForm.tsx:483,BLOCKED_EXTERNAL,no current rendered action execution,,not exercised in rendered session,,source-declared control; full handler chain not individually verified,not executed on current branch,not observed,"resolve rendered caller and actor/state; isolated role sessions, DB and synthetic browser; provider readback where applicable",NOT_TESTED,,
S-9b3fabe86f,SOURCE_CONTROL_OCCURRENCE,shared component; caller routes need runtime reconciliation,src/components/admin/estates/AdminEstateEditorForm.tsx:491,Input,dynamic/no static accessible name,"onChange={(e) => set(""total_units"", e.target.value)}",,staff; exact grants require handler review,runtime role/state not reconciled,UNCLASSIFIED; inspect before execution,,,C-9b3fabe86f,shared_caller_pending,S-9b3fabe86f,no,yes,BLOCKED,src/components/admin/estates/AdminEstateEditorForm.tsx:491,BLOCKED_EXTERNAL,no current rendered action execution,,not exercised in rendered session,,source-declared control; full handler chain not individually verified,not executed on current branch,not observed,"resolve rendered caller and actor/state; isolated role sessions, DB and synthetic browser; provider readback where applicable",NOT_TESTED,,
S-fd31346041,SOURCE_CONTROL_OCCURRENCE,shared component; caller routes need runtime reconciliation,src/components/admin/estates/AdminEstateEditorForm.tsx:499,Input,dynamic/no static accessible name,"onChange={(e) => set(""area_min"", e.target.value)}",,staff; exact grants require handler review,runtime role/state not reconciled,UNCLASSIFIED; inspect before execution,,,C-fd31346041,shared_caller_pending,S-fd31346041,no,yes,BLOCKED,src/components/admin/estates/AdminEstateEditorForm.tsx:499,BLOCKED_EXTERNAL,no current rendered action execution,,not exercised in rendered session,,source-declared control; full handler chain not individually verified,not executed on current branch,not observed,"resolve rendered caller and actor/state; isolated role sessions, DB and synthetic browser; provider readback where applicable",NOT_TESTED,,
S-4faec2e5d5,SOURCE_CONTROL_OCCURRENCE,shared component; caller routes need runtime reconciliation,src/components/admin/estates/AdminEstateEditorForm.tsx:507,Input,dynamic/no static accessible name,"onChange={(e) => set(""area_max"", e.target.value)}",,staff; exact grants require handler review,runtime role/state not reconciled,UNCLASSIFIED; inspect before execution,,,C-4faec2e5d5,shared_caller_pending,S-4faec2e5d5,no,yes,BLOCKED,src/components/admin/estates/AdminEstateEditorForm.tsx:507,BLOCKED_EXTERNAL,no current rendered action execution,,not exercised in rendered session,,source-declared control; full handler chain not individually verified,not executed on current branch,not observed,"resolve rendered caller and actor/state; isolated role sessions, DB and synthetic browser; provider readback where applicable",NOT_TESTED,,
S-a103b32e86,SOURCE_CONTROL_OCCURRENCE,shared component; caller routes need runtime reconciliation,src/components/admin/estates/AdminEstateEditorForm.tsx:517,Textarea,dynamic/no static accessible name,"onChange={(e) => set(""facilities"", e.target.value)}",,staff; exact grants require handler review,runtime role/state not reconciled,UNCLASSIFIED; inspect before execution,,,C-a103b32e86,shared_caller_pending,S-a103b32e86,no,yes,BLOCKED,src/components/admin/estates/AdminEstateEditorForm.tsx:517,BLOCKED_EXTERNAL,no current rendered action execution,,not exercised in rendered session,,source-declared control; full handler chain not individually verified,not executed on current branch,not observed,"resolve rendered caller and actor/state; isolated role sessions, DB and synthetic browser; provider readback where applicable",NOT_TESTED,,
S-de0b17ef33,SOURCE_CONTROL_OCCURRENCE,shared component; caller routes need runtime reconciliation,src/components/admin/estates/AdminEstateEditorForm.tsx:527,Textarea,dynamic/no static accessible name,"onChange={(e) => set(""description"", e.target.value)}",,staff; exact grants require handler review,runtime role/state not reconciled,UNCLASSIFIED; inspect before execution,,,C-de0b17ef33,shared_caller_pending,S-de0b17ef33,no,yes,BLOCKED,src/components/admin/estates/AdminEstateEditorForm.tsx:527,BLOCKED_EXTERNAL,no current rendered action execution,,not exercised in rendered session,,source-declared control; full handler chain not individually verified,not executed on current branch,not observed,"resolve rendered caller and actor/state; isolated role sessions, DB and synthetic browser; provider readback where applicable",NOT_TESTED,,
S-7f7af5bd5e,SOURCE_CONTROL_OCCURRENCE,shared component; caller routes need runtime reconciliation,src/components/admin/estates/AdminEstateEditorForm.tsx:541,Textarea,dynamic/no static accessible name,"onChange={(e) => set(""aliases"", e.target.value)}",,staff; exact grants require handler review,runtime role/state not reconciled,UNCLASSIFIED; inspect before execution,,,C-7f7af5bd5e,shared_caller_pending,S-7f7af5bd5e,no,yes,BLOCKED,src/components/admin/estates/AdminEstateEditorForm.tsx:541,BLOCKED_EXTERNAL,no current rendered action execution,,not exercised in rendered session,,source-declared control; full handler chain not individually verified,not executed on current branch,not observed,"resolve rendered caller and actor/state; isolated role sessions, DB and synthetic browser; provider readback where applicable",NOT_TESTED,,
S-d9c384c5ba,SOURCE_CONTROL_OCCURRENCE,shared component; caller routes need runtime reconciliation,src/components/admin/estates/AdminEstateEditorForm.tsx:549,Input,dynamic/no static accessible name,"onChange={(e) => set(""address"", e.target.value)}",,staff; exact grants require handler review,runtime role/state not reconciled,UNCLASSIFIED; inspect before execution,,,C-d9c384c5ba,shared_caller_pending,S-d9c384c5ba,no,yes,BLOCKED,src/components/admin/estates/AdminEstateEditorForm.tsx:549,BLOCKED_EXTERNAL,no current rendered action execution,,not exercised in rendered session,,source-declared control; full handler chain not individually verified,not executed on current branch,not observed,"resolve rendered caller and actor/state; isolated role sessions, DB and synthetic browser; provider readback where applicable",NOT_TESTED,,
S-14b695cb35,SOURCE_CONTROL_OCCURRENCE,shared component; caller routes need runtime reconciliation,src/components/admin/estates/AdminEstateEditorForm.tsx:556,Input,dynamic/no static accessible name,"onChange={(e) => set(""blocks"", e.target.value)}",,staff; exact grants require handler review,runtime role/state not reconciled,UNCLASSIFIED; inspect before execution,,,C-14b695cb35,shared_caller_pending,S-14b695cb35,no,yes,BLOCKED,src/components/admin/estates/AdminEstateEditorForm.tsx:556,BLOCKED_EXTERNAL,no current rendered action execution,,not exercised in rendered session,,source-declared control; full handler chain not individually verified,not executed on current branch,not observed,"resolve rendered caller and actor/state; isolated role sessions, DB and synthetic browser; provider readback where applicable",NOT_TESTED,,
S-546cac33fc,SOURCE_CONTROL_OCCURRENCE,shared component; caller routes need runtime reconciliation,src/components/admin/estates/AdminEstateEditorForm.tsx:564,Select,dynamic/no static accessible name,"onValueChange={(value) => set(""district_id"", value === ""none"" ? """" : value)}",,staff; exact grants require handler review,runtime role/state not reconciled,UNCLASSIFIED; inspect before execution,,,C-546cac33fc,shared_caller_pending,S-546cac33fc,no,yes,BLOCKED,src/components/admin/estates/AdminEstateEditorForm.tsx:564,BLOCKED_EXTERNAL,no current rendered action execution,,not exercised in rendered session,,source-declared control; full handler chain not individually verified,not executed on current branch,not observed,"resolve rendered caller and actor/state; isolated role sessions, DB and synthetic browser; provider readback where applicable",NOT_TESTED,,
S-4ad2c02b3a,SOURCE_CONTROL_OCCURRENCE,shared component; caller routes need runtime reconciliation,src/components/admin/estates/AdminEstateEditorForm.tsx:582,Input,dynamic/no static accessible name,"onChange={(e) => set(""lat"", e.target.value)}",,staff; exact grants require handler review,runtime role/state not reconciled,UNCLASSIFIED; inspect before execution,,,C-4ad2c02b3a,shared_caller_pending,S-4ad2c02b3a,no,yes,BLOCKED,src/components/admin/estates/AdminEstateEditorForm.tsx:582,BLOCKED_EXTERNAL,no current rendered action execution,,not exercised in rendered session,,source-declared control; full handler chain not individually verified,not executed on current branch,not observed,"resolve rendered caller and actor/state; isolated role sessions, DB and synthetic browser; provider readback where applicable",NOT_TESTED,,
S-f0b48cd6f0,SOURCE_CONTROL_OCCURRENCE,shared component; caller routes need runtime reconciliation,src/components/admin/estates/AdminEstateEditorForm.tsx:591,Input,dynamic/no static accessible name,"onChange={(e) => set(""lng"", e.target.value)}",,staff; exact grants require handler review,runtime role/state not reconciled,UNCLASSIFIED; inspect before execution,,,C-f0b48cd6f0,shared_caller_pending,S-f0b48cd6f0,no,yes,BLOCKED,src/components/admin/estates/AdminEstateEditorForm.tsx:591,BLOCKED_EXTERNAL,no current rendered action execution,,not exercised in rendered session,,source-declared control; full handler chain not individually verified,not executed on current branch,not observed,"resolve rendered caller and actor/state; isolated role sessions, DB and synthetic browser; provider readback where applicable",NOT_TESTED,,
S-1c32860ea7,SOURCE_CONTROL_OCCURRENCE,shared component; caller routes need runtime reconciliation,src/components/admin/estates/AdminEstateEditorForm.tsx:600,Input,dynamic/no static accessible name,"onChange={(e) => set(""avg_saleable_psf"", e.target.value)}",,staff; exact grants require handler review,runtime role/state not reconciled,UNCLASSIFIED; inspect before execution,,,C-1c32860ea7,shared_caller_pending,S-1c32860ea7,no,yes,BLOCKED,src/components/admin/estates/AdminEstateEditorForm.tsx:600,BLOCKED_EXTERNAL,no current rendered action execution,,not exercised in rendered session,,source-declared control; full handler chain not individually verified,not executed on current branch,not observed,"resolve rendered caller and actor/state; isolated role sessions, DB and synthetic browser; provider readback where applicable",NOT_TESTED,,
S-77044de43c,SOURCE_CONTROL_OCCURRENCE,shared component; caller routes need runtime reconciliation,src/components/admin/estates/AdminEstateEditorForm.tsx:610,Textarea,dynamic/no static accessible name,"onChange={(e) => set(""transport_note"", e.target.value)}",,staff; exact grants require handler review,runtime role/state not reconciled,UNCLASSIFIED; inspect before execution,,,C-77044de43c,shared_caller_pending,S-77044de43c,no,yes,BLOCKED,src/components/admin/estates/AdminEstateEditorForm.tsx:610,BLOCKED_EXTERNAL,no current rendered action execution,,not exercised in rendered session,,source-declared control; full handler chain not individually verified,not executed on current branch,not observed,"resolve rendered caller and actor/state; isolated role sessions, DB and synthetic browser; provider readback where applicable",NOT_TESTED,,
S-ef736f518a,SOURCE_CONTROL_OCCURRENCE,shared component; caller routes need runtime reconciliation,src/components/admin/estates/AdminEstateEditorForm.tsx:624,Input,dynamic/no static accessible name,"onChange={(e) => set(""school_net_code"", e.target.value)}",,staff; exact grants require handler review,runtime role/state not reconciled,UNCLASSIFIED; inspect before execution,,,C-ef736f518a,shared_caller_pending,S-ef736f518a,no,yes,BLOCKED,src/components/admin/estates/AdminEstateEditorForm.tsx:624,BLOCKED_EXTERNAL,no current rendered action execution,,not exercised in rendered session,,source-declared control; full handler chain not individually verified,not executed on current branch,not observed,"resolve rendered caller and actor/state; isolated role sessions, DB and synthetic browser; provider readback where applicable",NOT_TESTED,,
S-5b5e6dad4d,SOURCE_CONTROL_OCCURRENCE,shared component; caller routes need runtime reconciliation,src/components/admin/estates/AdminEstateEditorForm.tsx:637,Button,標記為已核實,"onClick={() => set(""verified_at"", new Date().toISOString())}",,staff; exact grants require handler review,runtime role/state not reconciled,UNCLASSIFIED; inspect before execution,,,C-5b5e6dad4d,shared_caller_pending,S-5b5e6dad4d,no,yes,BLOCKED,src/components/admin/estates/AdminEstateEditorForm.tsx:637,BLOCKED_EXTERNAL,no current rendered action execution,,not exercised in rendered session,,source-declared control; full handler chain not individually verified,not executed on current branch,not observed,"resolve rendered caller and actor/state; isolated role sessions, DB and synthetic browser; provider readback where applicable",NOT_TESTED,,
S-c51c041e8d,SOURCE_CONTROL_OCCURRENCE,shared component; caller routes need runtime reconciliation,src/components/admin/estates/AdminEstateEditorForm.tsx:654,Input,dynamic/no static accessible name,"onChange={(e) => set(""seo_title"", e.target.value)}",,staff; exact grants require handler review,runtime role/state not reconciled,UNCLASSIFIED; inspect before execution,,,C-c51c041e8d,shared_caller_pending,S-c51c041e8d,no,yes,BLOCKED,src/components/admin/estates/AdminEstateEditorForm.tsx:654,BLOCKED_EXTERNAL,no current rendered action execution,,not exercised in rendered session,,source-declared control; full handler chain not individually verified,not executed on current branch,not observed,"resolve rendered caller and actor/state; isolated role sessions, DB and synthetic browser; provider readback where applicable",NOT_TESTED,,
S-1ab5f94214,SOURCE_CONTROL_OCCURRENCE,shared component; caller routes need runtime reconciliation,src/components/admin/estates/AdminEstateEditorForm.tsx:663,Textarea,dynamic/no static accessible name,"onChange={(e) => set(""seo_description"", e.target.value)}",,staff; exact grants require handler review,runtime role/state not reconciled,UNCLASSIFIED; inspect before execution,,,C-1ab5f94214,shared_caller_pending,S-1ab5f94214,no,yes,BLOCKED,src/components/admin/estates/AdminEstateEditorForm.tsx:663,BLOCKED_EXTERNAL,no current rendered action execution,,not exercised in rendered session,,source-declared control; full handler chain not individually verified,not executed on current branch,not observed,"resolve rendered caller and actor/state; isolated role sessions, DB and synthetic browser; provider readback where applicable",NOT_TESTED,,
S-9cb3961f66,SOURCE_CONTROL_OCCURRENCE,shared component; caller routes need runtime reconciliation,src/components/admin/estates/AdminEstateEditorForm.tsx:677,Button,新增 FAQ,"onClick={() => setEditingFaq({ question: """", answer: """" })}",,staff; exact grants require handler review,runtime role/state not reconciled,UNCLASSIFIED; inspect before execution,,,C-9cb3961f66,shared_caller_pending,S-9cb3961f66,no,yes,BLOCKED,src/components/admin/estates/AdminEstateEditorForm.tsx:677,BLOCKED_EXTERNAL,no current rendered action execution,,not exercised in rendered session,,source-declared control; full handler chain not individually verified,not executed on current branch,not observed,"resolve rendered caller and actor/state; isolated role sessions, DB and synthetic browser; provider readback where applicable",NOT_TESTED,,
S-75a7d48415,SOURCE_CONTROL_OCCURRENCE,shared component; caller routes need runtime reconciliation,src/components/admin/estates/AdminEstateEditorForm.tsx:696,Button,編輯,"onClick={() =>
                            setEditingFaq({
                              id: faq.id,
                              question: faq.question,
                              answer: faq.answer,
                            })
                          }",,staff; exact grants require handler review,runtime role/state not reconciled,UNCLASSIFIED; inspect before execution,,,C-75a7d48415,shared_caller_pending,S-75a7d48415,no,yes,BLOCKED,src/components/admin/estates/AdminEstateEditorForm.tsx:696,BLOCKED_EXTERNAL,no current rendered action execution,,not exercised in rendered session,,source-declared control; full handler chain not individually verified,not executed on current branch,not observed,"resolve rendered caller and actor/state; isolated role sessions, DB and synthetic browser; provider readback where applicable",NOT_TESTED,,
S-8f36fd2280,SOURCE_CONTROL_OCCURRENCE,shared component; caller routes need runtime reconciliation,src/components/admin/estates/AdminEstateEditorForm.tsx:710,Button,刪除,onClick={() => setPendingFaqDeleteId(faq.id)},,staff; exact grants require handler review,runtime role/state not reconciled,UNCLASSIFIED; inspect before execution,,,C-8f36fd2280,shared_caller_pending,S-8f36fd2280,no,yes,BLOCKED,src/components/admin/estates/AdminEstateEditorForm.tsx:710,BLOCKED_EXTERNAL,no current rendered action execution,,not exercised in rendered session,,source-declared control; full handler chain not individually verified,not executed on current branch,not observed,"resolve rendered caller and actor/state; isolated role sessions, DB and synthetic browser; provider readback where applicable",NOT_TESTED,,
S-c9385ceb38,SOURCE_CONTROL_OCCURRENCE,shared component; caller routes need runtime reconciliation,src/components/admin/estates/AdminEstateEditorForm.tsx:731,Button,封存,onClick={() => setArchiving(true)},,staff; exact grants require handler review,{disabled},UNCLASSIFIED; inspect before execution,,,C-c9385ceb38,shared_caller_pending,S-c9385ceb38,no,yes,BLOCKED,src/components/admin/estates/AdminEstateEditorForm.tsx:731,BLOCKED_EXTERNAL,no current rendered action execution,,not exercised in rendered session,,source-declared control; full handler chain not individually verified,not executed on current branch,not observed,"resolve rendered caller and actor/state; isolated role sessions, DB and synthetic browser; provider readback where applicable",NOT_TESTED,,
S-8356073bdd,SOURCE_CONTROL_OCCURRENCE,shared component; caller routes need runtime reconciliation,src/components/admin/estates/AdminEstateEditorForm.tsx:740,Button,"{saving ? ""儲存中…"" : ""儲存草稿""}",,,staff; exact grants require handler review,{disabled},local input/semantic wrapper,,,C-8356073bdd,shared_caller_pending,S-8356073bdd,no,yes,BLOCKED,src/components/admin/estates/AdminEstateEditorForm.tsx:740,BLOCKED_EXTERNAL,no current rendered action execution,,not exercised in rendered session,,source-declared control; full handler chain not individually verified,not executed on current branch,not observed,"resolve rendered caller and actor/state; isolated role sessions, DB and synthetic browser; provider readback where applicable",NOT_TESTED,,
S-185203c82b,SOURCE_CONTROL_OCCURRENCE,shared component; caller routes need runtime reconciliation,src/components/admin/estates/AdminEstateEditorForm.tsx:744,Button,"{publishing ? ""發布中…"" : ""發布""}","onClick={() => {
              const error = validate();
              if (error) {
                toast.error(error);
                return;
              }
              setConfirmingPublish(true);
            }}",,staff; exact grants require handler review,{disabled},UNCLASSIFIED; inspect before execution,,,C-185203c82b,shared_caller_pending,S-185203c82b,no,yes,BLOCKED,src/components/admin/estates/AdminEstateEditorForm.tsx:744,BLOCKED_EXTERNAL,no current rendered action execution,,not exercised in rendered session,,source-declared control; full handler chain not individually verified,not executed on current branch,not observed,"resolve rendered caller and actor/state; isolated role sessions, DB and synthetic browser; provider readback where applicable",NOT_TESTED,,
S-31890194f2,SOURCE_CONTROL_OCCURRENCE,shared component; caller routes need runtime reconciliation,src/components/admin/estates/AdminEstateEditorForm.tsx:780,Button,還原,onClick={() => setPendingRestoreId(revision.id)},,staff; exact grants require handler review,runtime role/state not reconciled,UNCLASSIFIED; inspect before execution,,,C-31890194f2,shared_caller_pending,S-31890194f2,no,yes,BLOCKED,src/components/admin/estates/AdminEstateEditorForm.tsx:780,BLOCKED_EXTERNAL,no current rendered action execution,,not exercised in rendered session,,source-declared control; full handler chain not individually verified,not executed on current branch,not observed,"resolve rendered caller and actor/state; isolated role sessions, DB and synthetic browser; provider readback where applicable",NOT_TESTED,,
S-90300f8abf,SOURCE_CONTROL_OCCURRENCE,shared component; caller routes need runtime reconciliation,src/components/admin/estates/AdminEstateEditorForm.tsx:799,Dialog,dynamic/no static accessible name,"onOpenChange={(open) => {
          if (!open) setEditingFaq(null);
        }}",,staff; exact grants require handler review,runtime role/state not reconciled,UNCLASSIFIED; inspect before execution,,,C-90300f8abf,container_wrapper_candidate,S-90300f8abf,no,yes,BLOCKED,src/components/admin/estates/AdminEstateEditorForm.tsx:799,BLOCKED_EXTERNAL,no current rendered action execution,,not exercised in rendered session,,source-declared control; full handler chain not individually verified,not executed on current branch,not observed,"resolve rendered caller and actor/state; isolated role sessions, DB and synthetic browser; provider readback where applicable",NOT_TESTED,,
S-fd58dac3fe,SOURCE_CONTROL_OCCURRENCE,shared component; caller routes need runtime reconciliation,src/components/admin/estates/AdminEstateEditorForm.tsx:810,form,dynamic/no static accessible name,onSubmit={handleSaveFaq},,staff; exact grants require handler review,runtime role/state not reconciled,UNCLASSIFIED; inspect before execution,,,C-fd58dac3fe,shared_caller_pending,S-fd58dac3fe,no,yes,BLOCKED,src/components/admin/estates/AdminEstateEditorForm.tsx:810,BLOCKED_EXTERNAL,no current rendered action execution,,not exercised in rendered session,,source-declared control; full handler chain not individually verified,not executed on current branch,not observed,"resolve rendered caller and actor/state; isolated role sessions, DB and synthetic browser; provider readback where applicable",NOT_TESTED,,
S-d4a3daa889,SOURCE_CONTROL_OCCURRENCE,shared component; caller routes need runtime reconciliation,src/components/admin/estates/AdminEstateEditorForm.tsx:812,Input,dynamic/no static accessible name,"onChange={(e) => setEditingFaq({ ...editingFaq, question: e.target.value })}",,staff; exact grants require handler review,runtime role/state not reconciled,UNCLASSIFIED; inspect before execution,,,C-d4a3daa889,shared_caller_pending,S-d4a3daa889,no,yes,BLOCKED,src/components/admin/estates/AdminEstateEditorForm.tsx:812,BLOCKED_EXTERNAL,no current rendered action execution,,not exercised in rendered session,,source-declared control; full handler chain not individually verified,not executed on current branch,not observed,"resolve rendered caller and actor/state; isolated role sessions, DB and synthetic browser; provider readback where applicable",NOT_TESTED,,
S-799741e40d,SOURCE_CONTROL_OCCURRENCE,shared component; caller routes need runtime reconciliation,src/components/admin/estates/AdminEstateEditorForm.tsx:819,Textarea,dynamic/no static accessible name,"onChange={(e) => setEditingFaq({ ...editingFaq, answer: e.target.value })}",,staff; exact grants require handler review,runtime role/state not reconciled,UNCLASSIFIED; inspect before execution,,,C-799741e40d,shared_caller_pending,S-799741e40d,no,yes,BLOCKED,src/components/admin/estates/AdminEstateEditorForm.tsx:819,BLOCKED_EXTERNAL,no current rendered action execution,,not exercised in rendered session,,source-declared control; full handler chain not individually verified,not executed on current branch,not observed,"resolve rendered caller and actor/state; isolated role sessions, DB and synthetic browser; provider readback where applicable",NOT_TESTED,,
S-f16583a82d,SOURCE_CONTROL_OCCURRENCE,shared component; caller routes need runtime reconciliation,src/components/admin/estates/AdminEstateEditorForm.tsx:827,Button,取消,onClick={() => setEditingFaq(null)},,staff; exact grants require handler review,runtime role/state not reconciled,UNCLASSIFIED; inspect before execution,,,C-f16583a82d,shared_caller_pending,S-f16583a82d,no,yes,BLOCKED,src/components/admin/estates/AdminEstateEditorForm.tsx:827,BLOCKED_EXTERNAL,no current rendered action execution,,not exercised in rendered session,,source-declared control; full handler chain not individually verified,not executed on current branch,not observed,"resolve rendered caller and actor/state; isolated role sessions, DB and synthetic browser; provider readback where applicable",NOT_TESTED,,
S-1d88c259be,SOURCE_CONTROL_OCCURRENCE,shared component; caller routes need runtime reconciliation,src/components/admin/estates/AdminEstateEditorForm.tsx:830,Button,儲存,,,staff; exact grants require handler review,runtime role/state not reconciled,local input/semantic wrapper,,,C-1d88c259be,shared_caller_pending,S-1d88c259be,no,yes,BLOCKED,src/components/admin/estates/AdminEstateEditorForm.tsx:830,BLOCKED_EXTERNAL,no current rendered action execution,,not exercised in rendered session,,source-declared control; full handler chain not individually verified,not executed on current branch,not observed,"resolve rendered caller and actor/state; isolated role sessions, DB and synthetic browser; provider readback where applicable",NOT_TESTED,,
S-aff1a203f3,SOURCE_CONTROL_OCCURRENCE,shared component; caller routes need runtime reconciliation,src/components/admin/estates/AdminEstateEditorForm.tsx:837,AdminConfirmDialog,dynamic/no static accessible name,onOpenChange={setArchiving} | onConfirm={() => void handleArchive()},,staff; exact grants require handler review,runtime role/state not reconciled,UNCLASSIFIED; inspect before execution,,,C-aff1a203f3,shared_caller_pending,S-aff1a203f3,no,yes,BLOCKED,src/components/admin/estates/AdminEstateEditorForm.tsx:837,BLOCKED_EXTERNAL,no current rendered action execution,,not exercised in rendered session,,source-declared control; full handler chain not individually verified,not executed on current branch,not observed,"resolve rendered caller and actor/state; isolated role sessions, DB and synthetic browser; provider readback where applicable",NOT_TESTED,,
S-a426a3f098,SOURCE_CONTROL_OCCURRENCE,shared component; caller routes need runtime reconciliation,src/components/admin/estates/AdminEstateEditorForm.tsx:850,AdminConfirmDialog,dynamic/no static accessible name,"onOpenChange={setConfirmingPublish} | onConfirm={() => {
          setConfirmingPublish(false);
          void handlePublish();
        }}",,staff; exact grants require handler review,runtime role/state not reconciled,UNCLASSIFIED; inspect before execution,,,C-a426a3f098,shared_caller_pending,S-a426a3f098,no,yes,BLOCKED,src/components/admin/estates/AdminEstateEditorForm.tsx:850,BLOCKED_EXTERNAL,no current rendered action execution,,not exercised in rendered session,,source-declared control; full handler chain not individually verified,not executed on current branch,not observed,"resolve rendered caller and actor/state; isolated role sessions, DB and synthetic browser; provider readback where applicable",NOT_TESTED,,
S-50c2ea2fbb,SOURCE_CONTROL_OCCURRENCE,shared component; caller routes need runtime reconciliation,src/components/admin/estates/AdminEstateEditorForm.tsx:862,AdminConfirmDialog,dynamic/no static accessible name,"onOpenChange={(open) => {
          if (!open) setPendingRestoreId(null);
        }} | onConfirm={() => {
          const id = pendingRestoreId;
          setPendingRestoreId(null);
          if (id) void handleRestore(id);
        }}",,staff; exact grants require handler review,runtime role/state not reconciled,UNCLASSIFIED; inspect before execution,,,C-50c2ea2fbb,shared_caller_pending,S-50c2ea2fbb,no,yes,BLOCKED,src/components/admin/estates/AdminEstateEditorForm.tsx:862,BLOCKED_EXTERNAL,no current rendered action execution,,not exercised in rendered session,,source-declared control; full handler chain not individually verified,not executed on current branch,not observed,"resolve rendered caller and actor/state; isolated role sessions, DB and synthetic browser; provider readback where applicable",NOT_TESTED,,
S-c78aca74f9,SOURCE_CONTROL_OCCURRENCE,shared component; caller routes need runtime reconciliation,src/components/admin/estates/AdminEstateEditorForm.tsx:877,AdminConfirmDialog,dynamic/no static accessible name,"onOpenChange={(open) => {
          if (!open) setPendingFaqDeleteId(null);
        }} | onConfirm={() => {
          const id = pendingFaqDeleteId;
          setPendingFaqDeleteId(null);
          if (id) void handleDeleteFaq(id);
        }}",,staff; exact grants require handler review,runtime role/state not reconciled,UNCLASSIFIED; inspect before execution,,,C-c78aca74f9,shared_caller_pending,S-c78aca74f9,no,yes,BLOCKED,src/components/admin/estates/AdminEstateEditorForm.tsx:877,BLOCKED_EXTERNAL,no current rendered action execution,,not exercised in rendered session,,source-declared control; full handler chain not individually verified,not executed on current branch,not observed,"resolve rendered caller and actor/state; isolated role sessions, DB and synthetic browser; provider readback where applicable",NOT_TESTED,,
S-d71445f1ba,SOURCE_CONTROL_OCCURRENCE,shared component; caller routes need runtime reconciliation,src/components/admin/estates/EstatePreviewCard.tsx:43,a,在地圖上查看,,{mapsUrl},staff; exact grants require handler review,runtime role/state not reconciled,navigation; destination may have side effects,,,C-d71445f1ba,shared_caller_pending,S-d71445f1ba,no,yes,BLOCKED,src/components/admin/estates/EstatePreviewCard.tsx:43,BLOCKED_EXTERNAL,no current rendered action execution,,not exercised in rendered session,,source-declared control; full handler chain not individually verified,not executed on current branch,not observed,"resolve rendered caller and actor/state; isolated role sessions, DB and synthetic browser; provider readback where applicable",NOT_TESTED,,
S-59682760e3,SOURCE_CONTROL_OCCURRENCE,shared component; caller routes need runtime reconciliation,src/components/admin/operations/AdminOperationsAudit.tsx:151,form,dynamic/no static accessible name,onSubmit={applyFilters},,staff; exact grants require handler review,runtime role/state not reconciled,UNCLASSIFIED; inspect before execution,,,C-59682760e3,shared_caller_pending,S-59682760e3,no,yes,BLOCKED,src/components/admin/operations/AdminOperationsAudit.tsx:151,BLOCKED_EXTERNAL,no current rendered action execution,,not exercised in rendered session,,source-declared control; full handler chain not individually verified,not executed on current branch,not observed,"resolve rendered caller and actor/state; isolated role sessions, DB and synthetic browser; provider readback where applicable",NOT_TESTED,,
S-0e2ec25ec8,SOURCE_CONTROL_OCCURRENCE,shared component; caller routes need runtime reconciliation,src/components/admin/operations/AdminOperationsAudit.tsx:157,Select,dynamic/no static accessible name,"onValueChange={(value) => setOutcomeDraft(value as AuditFilters[""outcome""])}",,staff; exact grants require handler review,runtime role/state not reconciled,UNCLASSIFIED; inspect before execution,,,C-0e2ec25ec8,shared_caller_pending,S-0e2ec25ec8,no,yes,BLOCKED,src/components/admin/operations/AdminOperationsAudit.tsx:157,BLOCKED_EXTERNAL,no current rendered action execution,,not exercised in rendered session,,source-declared control; full handler chain not individually verified,not executed on current branch,not observed,"resolve rendered caller and actor/state; isolated role sessions, DB and synthetic browser; provider readback where applicable",NOT_TESTED,,
S-d2ce57b320,SOURCE_CONTROL_OCCURRENCE,shared component; caller routes need runtime reconciliation,src/components/admin/operations/AdminOperationsAudit.tsx:174,Input,"""Filter by action""",onChange={(event) => setActionDraft(event.target.value)},,staff; exact grants require handler review,runtime role/state not reconciled,UNCLASSIFIED; inspect before execution,,,C-d2ce57b320,shared_caller_pending,S-d2ce57b320,no,yes,BLOCKED,src/components/admin/operations/AdminOperationsAudit.tsx:174,BLOCKED_EXTERNAL,no current rendered action execution,,not exercised in rendered session,,source-declared control; full handler chain not individually verified,not executed on current branch,not observed,"resolve rendered caller and actor/state; isolated role sessions, DB and synthetic browser; provider readback where applicable",NOT_TESTED,,
S-d81ab04c0b,SOURCE_CONTROL_OCCURRENCE,shared component; caller routes need runtime reconciliation,src/components/admin/operations/AdminOperationsAudit.tsx:182,Input,"""UUID""","onChange={(event) => {
              setRequestIdDraft(event.target.value);
              setValidationError(null);
            }}",,staff; exact grants require handler review,runtime role/state not reconciled,UNCLASSIFIED; inspect before execution,,,C-d81ab04c0b,shared_caller_pending,S-d81ab04c0b,no,yes,BLOCKED,src/components/admin/operations/AdminOperationsAudit.tsx:182,BLOCKED_EXTERNAL,no current rendered action execution,,not exercised in rendered session,,source-declared control; full handler chain not individually verified,not executed on current branch,not observed,"resolve rendered caller and actor/state; isolated role sessions, DB and synthetic browser; provider readback where applicable",NOT_TESTED,,
S-e71fe540e3,SOURCE_CONTROL_OCCURRENCE,shared component; caller routes need runtime reconciliation,src/components/admin/operations/AdminOperationsAudit.tsx:194,Button,套用篩選,,,staff; exact grants require handler review,{loading},local input/semantic wrapper,,,C-e71fe540e3,shared_caller_pending,S-e71fe540e3,no,yes,BLOCKED,src/components/admin/operations/AdminOperationsAudit.tsx:194,BLOCKED_EXTERNAL,no current rendered action execution,,not exercised in rendered session,,source-declared control; full handler chain not individually verified,not executed on current branch,not observed,"resolve rendered caller and actor/state; isolated role sessions, DB and synthetic browser; provider readback where applicable",NOT_TESTED,,
S-aac737fe85,SOURCE_CONTROL_OCCURRENCE,shared component; caller routes need runtime reconciliation,src/components/admin/operations/AdminOperationsAudit.tsx:237,Button,{`以請求 ID ${row.request_id} 篩選審計記錄`},onClick={() => filterByRequestId(row.request_id)},,staff; exact grants require handler review,runtime role/state not reconciled,UNCLASSIFIED; inspect before execution,,,C-aac737fe85,shared_caller_pending,S-aac737fe85,no,yes,BLOCKED,src/components/admin/operations/AdminOperationsAudit.tsx:237,BLOCKED_EXTERNAL,no current rendered action execution,,not exercised in rendered session,,source-declared control; full handler chain not individually verified,not executed on current branch,not observed,"resolve rendered caller and actor/state; isolated role sessions, DB and synthetic browser; provider readback where applicable",NOT_TESTED,,
S-97441c7621,SOURCE_CONTROL_OCCURRENCE,shared component; caller routes need runtime reconciliation,src/components/admin/operations/AdminOperationsAudit.tsx:250,Collapsible,dynamic/no static accessible name,"onOpenChange={(open) => toggleExpanded(row.id, open)}",,staff; exact grants require handler review,runtime role/state not reconciled,UNCLASSIFIED; inspect before execution,,,C-97441c7621,shared_caller_pending,S-97441c7621,no,yes,BLOCKED,src/components/admin/operations/AdminOperationsAudit.tsx:250,BLOCKED_EXTERNAL,no current rendered action execution,,not exercised in rendered session,,source-declared control; full handler chain not individually verified,not executed on current branch,not observed,"resolve rendered caller and actor/state; isolated role sessions, DB and synthetic browser; provider readback where applicable",NOT_TESTED,,
S-98ebb2167f,SOURCE_CONTROL_OCCURRENCE,shared component; caller routes need runtime reconciliation,src/components/admin/operations/AdminOperationsAudit.tsx:255,Button,"{""展開／收起 "" + row.action + "" 的中繼資料""}",,,staff; exact grants require handler review,runtime role/state not reconciled,local input/semantic wrapper,,,C-98ebb2167f,shared_caller_pending,S-98ebb2167f,no,yes,BLOCKED,src/components/admin/operations/AdminOperationsAudit.tsx:255,BLOCKED_EXTERNAL,no current rendered action execution,,not exercised in rendered session,,source-declared control; full handler chain not individually verified,not executed on current branch,not observed,"resolve rendered caller and actor/state; isolated role sessions, DB and synthetic browser; provider readback where applicable",NOT_TESTED,,
S-017abfd41e,SOURCE_CONTROL_OCCURRENCE,shared component; caller routes need runtime reconciliation,src/components/admin/operations/AdminOperationsAudit.tsx:307,Button,載入更多,"onClick={() => void loadAudit({ append: true, cursor: nextCursor })}",,staff; exact grants require handler review,{loading},UNCLASSIFIED; inspect before execution,,,C-017abfd41e,shared_caller_pending,S-017abfd41e,no,yes,BLOCKED,src/components/admin/operations/AdminOperationsAudit.tsx:307,BLOCKED_EXTERNAL,no current rendered action execution,,not exercised in rendered session,,source-declared control; full handler chain not individually verified,not executed on current branch,not observed,"resolve rendered caller and actor/state; isolated role sessions, DB and synthetic browser; provider readback where applicable",NOT_TESTED,,
S-f358adc56d,SOURCE_CONTROL_OCCURRENCE,shared component; caller routes need runtime reconciliation,src/components/admin/operations/AdminOperationsJobs.tsx:217,form,{},onSubmit={applyJobType},,staff; exact grants require handler review,runtime role/state not reconciled,UNCLASSIFIED; inspect before execution,,,C-f358adc56d,shared_caller_pending,S-f358adc56d,no,yes,BLOCKED,src/components/admin/operations/AdminOperationsJobs.tsx:217,BLOCKED_EXTERNAL,no current rendered action execution,,not exercised in rendered session,,source-declared control; full handler chain not individually verified,not executed on current branch,not observed,"resolve rendered caller and actor/state; isolated role sessions, DB and synthetic browser; provider readback where applicable",NOT_TESTED,,
S-575794f0f1,SOURCE_CONTROL_OCCURRENCE,shared component; caller routes need runtime reconciliation,src/components/admin/operations/AdminOperationsJobs.tsx:220,Select,dynamic/no static accessible name,onValueChange={changeStatus},,staff; exact grants require handler review,runtime role/state not reconciled,UNCLASSIFIED; inspect before execution,,,C-575794f0f1,shared_caller_pending,S-575794f0f1,no,yes,BLOCKED,src/components/admin/operations/AdminOperationsJobs.tsx:220,BLOCKED_EXTERNAL,no current rendered action execution,,not exercised in rendered session,,source-declared control; full handler chain not individually verified,not executed on current branch,not observed,"resolve rendered caller and actor/state; isolated role sessions, DB and synthetic browser; provider readback where applicable",NOT_TESTED,,
S-9fc12cb462,SOURCE_CONTROL_OCCURRENCE,shared component; caller routes need runtime reconciliation,src/components/admin/operations/AdminOperationsJobs.tsx:235,Input,"""按工作類型篩選""",onChange={(event) => setJobTypeDraft(event.target.value)},,staff; exact grants require handler review,runtime role/state not reconciled,UNCLASSIFIED; inspect before execution,,,C-9fc12cb462,shared_caller_pending,S-9fc12cb462,no,yes,BLOCKED,src/components/admin/operations/AdminOperationsJobs.tsx:235,BLOCKED_EXTERNAL,no current rendered action execution,,not exercised in rendered session,,source-declared control; full handler chain not individually verified,not executed on current branch,not observed,"resolve rendered caller and actor/state; isolated role sessions, DB and synthetic browser; provider readback where applicable",NOT_TESTED,,
S-ff994480d1,SOURCE_CONTROL_OCCURRENCE,shared component; caller routes need runtime reconciliation,src/components/admin/operations/AdminOperationsJobs.tsx:245,Button,套用篩選,,,staff; exact grants require handler review,runtime role/state not reconciled,local input/semantic wrapper,,,C-ff994480d1,shared_caller_pending,S-ff994480d1,no,yes,BLOCKED,src/components/admin/operations/AdminOperationsJobs.tsx:245,BLOCKED_EXTERNAL,no current rendered action execution,,not exercised in rendered session,,source-declared control; full handler chain not individually verified,not executed on current branch,not observed,"resolve rendered caller and actor/state; isolated role sessions, DB and synthetic browser; provider readback where applicable",NOT_TESTED,,
S-7f7adf1c15,SOURCE_CONTROL_OCCURRENCE,shared component; caller routes need runtime reconciliation,src/components/admin/operations/AdminOperationsJobs.tsx:252,Button,"""重新載入背景工作""",onClick={() => void loadJobs()},,staff; exact grants require handler review,{loading || pendingCommand !== null},UNCLASSIFIED; inspect before execution,,,C-7f7adf1c15,shared_caller_pending,S-7f7adf1c15,no,yes,BLOCKED,src/components/admin/operations/AdminOperationsJobs.tsx:252,BLOCKED_EXTERNAL,no current rendered action execution,,not exercised in rendered session,,source-declared control; full handler chain not individually verified,not executed on current branch,not observed,"resolve rendered caller and actor/state; isolated role sessions, DB and synthetic browser; provider readback where applicable",NOT_TESTED,,
S-dbbb7be60e,SOURCE_CONTROL_OCCURRENCE,shared component; caller routes need runtime reconciliation,src/components/admin/operations/AdminOperationsJobs.tsx:315,Button,{`重試工作 ${job.id}`},"onClick={() => setCommand({ action: ""retry"", job })}",,staff; exact grants require handler review,{pendingCommand !== null},UNCLASSIFIED; inspect before execution,,,C-dbbb7be60e,shared_caller_pending,S-dbbb7be60e,no,yes,BLOCKED,src/components/admin/operations/AdminOperationsJobs.tsx:315,BLOCKED_EXTERNAL,no current rendered action execution,,not exercised in rendered session,,source-declared control; full handler chain not individually verified,not executed on current branch,not observed,"resolve rendered caller and actor/state; isolated role sessions, DB and synthetic browser; provider readback where applicable",NOT_TESTED,,
S-36be3c0b91,SOURCE_CONTROL_OCCURRENCE,shared component; caller routes need runtime reconciliation,src/components/admin/operations/AdminOperationsJobs.tsx:332,Button,{`取消工作 ${job.id}`},"onClick={() => setCommand({ action: ""cancel"", job })}",,staff; exact grants require handler review,{pendingCommand !== null},UNCLASSIFIED; inspect before execution,,,C-36be3c0b91,shared_caller_pending,S-36be3c0b91,no,yes,BLOCKED,src/components/admin/operations/AdminOperationsJobs.tsx:332,BLOCKED_EXTERNAL,no current rendered action execution,,not exercised in rendered session,,source-declared control; full handler chain not individually verified,not executed on current branch,not observed,"resolve rendered caller and actor/state; isolated role sessions, DB and synthetic browser; provider readback where applicable",NOT_TESTED,,
S-8355440593,SOURCE_CONTROL_OCCURRENCE,shared component; caller routes need runtime reconciliation,src/components/admin/operations/AdminOperationsJobs.tsx:359,Button,清除篩選,onClick={clearJobFilters},,staff; exact grants require handler review,runtime role/state not reconciled,UNCLASSIFIED; inspect before execution,,,C-8355440593,shared_caller_pending,S-8355440593,no,yes,BLOCKED,src/components/admin/operations/AdminOperationsJobs.tsx:359,BLOCKED_EXTERNAL,no current rendered action execution,,not exercised in rendered session,,source-declared control; full handler chain not individually verified,not executed on current branch,not observed,"resolve rendered caller and actor/state; isolated role sessions, DB and synthetic browser; provider readback where applicable",NOT_TESTED,,
S-1e003a6387,SOURCE_CONTROL_OCCURRENCE,shared component; caller routes need runtime reconciliation,src/components/admin/operations/AdminOperationsJobs.tsx:374,Button,"{loading ? ""載入中…"" : ""載入更多""}","onClick={() => void loadJobs({ mode: ""append"", cursor: nextCursor })}",,staff; exact grants require handler review,{loading},UNCLASSIFIED; inspect before execution,,,C-1e003a6387,shared_caller_pending,S-1e003a6387,no,yes,BLOCKED,src/components/admin/operations/AdminOperationsJobs.tsx:374,BLOCKED_EXTERNAL,no current rendered action execution,,not exercised in rendered session,,source-declared control; full handler chain not individually verified,not executed on current branch,not observed,"resolve rendered caller and actor/state; isolated role sessions, DB and synthetic browser; provider readback where applicable",NOT_TESTED,,
S-184d80a587,SOURCE_CONTROL_OCCURRENCE,shared component; caller routes need runtime reconciliation,src/components/admin/operations/AdminOperationsJobs.tsx:385,AdminConfirmDialog,dynamic/no static accessible name,"onOpenChange={(open) => {
          if (!open) setCommand(null);
        }} | onConfirm={() => void runCommand()}",,staff; exact grants require handler review,runtime role/state not reconciled,UNCLASSIFIED; inspect before execution,,,C-184d80a587,shared_caller_pending,S-184d80a587,no,yes,BLOCKED,src/components/admin/operations/AdminOperationsJobs.tsx:385,BLOCKED_EXTERNAL,no current rendered action execution,,not exercised in rendered session,,source-declared control; full handler chain not individually verified,not executed on current branch,not observed,"resolve rendered caller and actor/state; isolated role sessions, DB and synthetic browser; provider readback where applicable",NOT_TESTED,,
S-669cfd9500,SOURCE_CONTROL_OCCURRENCE,shared component; caller routes need runtime reconciliation,src/components/admin/operations/AdminOperationsMigrations.tsx:209,Button,"""重新載入遷移清單""",onClick={() => void loadMigrations()},,staff; exact grants require handler review,{loading || planningId !== null || applying},UNCLASSIFIED; inspect before execution,,,C-669cfd9500,shared_caller_pending,S-669cfd9500,no,yes,BLOCKED,src/components/admin/operations/AdminOperationsMigrations.tsx:209,BLOCKED_EXTERNAL,no current rendered action execution,,not exercised in rendered session,,source-declared control; full handler chain not individually verified,not executed on current branch,not observed,"resolve rendered caller and actor/state; isolated role sessions, DB and synthetic browser; provider readback where applicable",NOT_TESTED,,
S-cee61ea929,SOURCE_CONTROL_OCCURRENCE,shared component; caller routes need runtime reconciliation,src/components/admin/operations/AdminOperationsMigrations.tsx:296,Button,{`為遷移 ${migration.id} 執行計劃`},onClick={() => void runPlan(migration)},,staff; exact grants require handler review,{planningId !== null || applying},UNCLASSIFIED; inspect before execution,,,C-cee61ea929,shared_caller_pending,S-cee61ea929,no,yes,BLOCKED,src/components/admin/operations/AdminOperationsMigrations.tsx:296,BLOCKED_EXTERNAL,no current rendered action execution,,not exercised in rendered session,,source-declared control; full handler chain not individually verified,not executed on current branch,not observed,"resolve rendered caller and actor/state; isolated role sessions, DB and synthetic browser; provider readback where applicable",NOT_TESTED,,
S-45dff7d3f1,SOURCE_CONTROL_OCCURRENCE,shared component; caller routes need runtime reconciliation,src/components/admin/operations/AdminOperationsMigrations.tsx:331,AdminConfirmDialog,"{plan ? ( <div className=""grid gap-3 text-sm""> {/* The plan's summary, checksum, dependencies and schema fingerprint were all fetched and then never s",onOpenChange={closeConfirm} | onConfirm={() => void runApply()},,staff; exact grants require handler review,"{!plan || !canConfirmMigrationApply(plan.migrationId, typedId)}",UNCLASSIFIED; inspect before execution,,,C-45dff7d3f1,shared_caller_pending,S-45dff7d3f1,no,yes,BLOCKED,src/components/admin/operations/AdminOperationsMigrations.tsx:331,BLOCKED_EXTERNAL,no current rendered action execution,,not exercised in rendered session,,source-declared control; full handler chain not individually verified,not executed on current branch,not observed,"resolve rendered caller and actor/state; isolated role sessions, DB and synthetic browser; provider readback where applicable",NOT_TESTED,,
S-a89c1b97f0,SOURCE_CONTROL_OCCURRENCE,shared component; caller routes need runtime reconciliation,src/components/admin/operations/AdminOperationsMigrations.tsx:359,Input,"""確認遷移編號""",onChange={(event) => setTypedId(event.target.value)},,staff; exact grants require handler review,{applying},UNCLASSIFIED; inspect before execution,,,C-a89c1b97f0,shared_caller_pending,S-a89c1b97f0,no,yes,BLOCKED,src/components/admin/operations/AdminOperationsMigrations.tsx:359,BLOCKED_EXTERNAL,no current rendered action execution,,not exercised in rendered session,,source-declared control; full handler chain not individually verified,not executed on current branch,not observed,"resolve rendered caller and actor/state; isolated role sessions, DB and synthetic browser; provider readback where applicable",NOT_TESTED,,
S-e071de370e,SOURCE_CONTROL_OCCURRENCE,shared component; caller routes need runtime reconciliation,src/components/admin/operations/AdminOperationsOverview.tsx:98,Button,前往背景工作,onClick={onOpenJobs},,staff; exact grants require handler review,runtime role/state not reconciled,UNCLASSIFIED; inspect before execution,,,C-e071de370e,shared_caller_pending,S-e071de370e,no,yes,BLOCKED,src/components/admin/operations/AdminOperationsOverview.tsx:98,BLOCKED_EXTERNAL,no current rendered action execution,,not exercised in rendered session,,source-declared control; full handler chain not individually verified,not executed on current branch,not observed,"resolve rendered caller and actor/state; isolated role sessions, DB and synthetic browser; provider readback where applicable",NOT_TESTED,,
S-5a633afe5e,SOURCE_CONTROL_OCCURRENCE,shared component; caller routes need runtime reconciliation,src/components/admin/operations/AdminOperationsOverview.tsx:191,Button,"""重新載入營運總覽""",onClick={onRefresh},,staff; exact grants require handler review,runtime role/state not reconciled,UNCLASSIFIED; inspect before execution,,,C-5a633afe5e,shared_caller_pending,S-5a633afe5e,no,yes,BLOCKED,src/components/admin/operations/AdminOperationsOverview.tsx:191,BLOCKED_EXTERNAL,no current rendered action execution,,not exercised in rendered session,,source-declared control; full handler chain not individually verified,not executed on current branch,not observed,"resolve rendered caller and actor/state; isolated role sessions, DB and synthetic browser; provider readback where applicable",NOT_TESTED,,
S-4e00d1c274,SOURCE_CONTROL_OCCURRENCE,shared component; caller routes need runtime reconciliation,src/components/admin/operations/AdminOperationsOverview.tsx:225,JobSummarySection,dynamic/no static accessible name,onOpenJobs={onOpenJobs},,staff; exact grants require handler review,runtime role/state not reconciled,UNCLASSIFIED; inspect before execution,,,C-4e00d1c274,shared_caller_pending,S-4e00d1c274,no,yes,BLOCKED,src/components/admin/operations/AdminOperationsOverview.tsx:225,BLOCKED_EXTERNAL,no current rendered action execution,,not exercised in rendered session,,source-declared control; full handler chain not individually verified,not executed on current branch,not observed,"resolve rendered caller and actor/state; isolated role sessions, DB and synthetic browser; provider readback where applicable",NOT_TESTED,,
S-bcdc35276a,SOURCE_CONTROL_OCCURRENCE,shared component; caller routes need runtime reconciliation,src/components/admin/operations/WhatsappServiceHealth.tsx:50,Button,更新服務狀態,onClick={() => void refresh()},,staff; exact grants require handler review,{loading},UNCLASSIFIED; inspect before execution,,,C-bcdc35276a,shared_caller_pending,S-bcdc35276a,no,yes,BLOCKED,src/components/admin/operations/WhatsappServiceHealth.tsx:50,BLOCKED_EXTERNAL,no current rendered action execution,,not exercised in rendered session,,source-declared control; full handler chain not individually verified,not executed on current branch,not observed,"resolve rendered caller and actor/state; isolated role sessions, DB and synthetic browser; provider readback where applicable",NOT_TESTED,,
S-43b3dbc194,SOURCE_CONTROL_OCCURRENCE,shared component; caller routes need runtime reconciliation,src/components/admin/team/AdminTeamDetailPanel.tsx:113,Button,連結帳戶,"onClick={() => onAction(""link"")}",,staff; exact grants require handler review,runtime role/state not reconciled,UNCLASSIFIED; inspect before execution,,,C-43b3dbc194,shared_caller_pending,S-43b3dbc194,no,yes,BLOCKED,src/components/admin/team/AdminTeamDetailPanel.tsx:113,BLOCKED_EXTERNAL,no current rendered action execution,,not exercised in rendered session,,source-declared control; full handler chain not individually verified,not executed on current branch,not observed,"resolve rendered caller and actor/state; isolated role sessions, DB and synthetic browser; provider readback where applicable",NOT_TESTED,,
S-d8ab55cb87,SOURCE_CONTROL_OCCURRENCE,shared component; caller routes need runtime reconciliation,src/components/admin/team/AdminTeamDetailPanel.tsx:136,Checkbox,{teamRoleLabel(role)},onCheckedChange={() => toggleRole(role)},,staff; exact grants require handler review,{!canManage},UNCLASSIFIED; inspect before execution,,,C-d8ab55cb87,shared_caller_pending,S-d8ab55cb87,no,yes,BLOCKED,src/components/admin/team/AdminTeamDetailPanel.tsx:136,BLOCKED_EXTERNAL,no current rendered action execution,,not exercised in rendered session,,source-declared control; full handler chain not individually verified,not executed on current branch,not observed,"resolve rendered caller and actor/state; isolated role sessions, DB and synthetic browser; provider readback where applicable",NOT_TESTED,,
S-52d522dedb,SOURCE_CONTROL_OCCURRENCE,shared component; caller routes need runtime reconciliation,src/components/admin/team/AdminTeamDetailPanel.tsx:148,Button,變更角色,"onClick={() => onAction(""roles"", { roles })}",,staff; exact grants require handler review,runtime role/state not reconciled,UNCLASSIFIED; inspect before execution,,,C-52d522dedb,shared_caller_pending,S-52d522dedb,no,yes,BLOCKED,src/components/admin/team/AdminTeamDetailPanel.tsx:148,BLOCKED_EXTERNAL,no current rendered action execution,,not exercised in rendered session,,source-declared control; full handler chain not individually verified,not executed on current branch,not observed,"resolve rendered caller and actor/state; isolated role sessions, DB and synthetic browser; provider readback where applicable",NOT_TESTED,,
S-1be691f7d0,SOURCE_CONTROL_OCCURRENCE,shared component; caller routes need runtime reconciliation,src/components/admin/team/AdminTeamDetailPanel.tsx:170,Select,dynamic/no static accessible name,onValueChange={setSuccessorId},,staff; exact grants require handler review,runtime role/state not reconciled,UNCLASSIFIED; inspect before execution,,,C-1be691f7d0,shared_caller_pending,S-1be691f7d0,no,yes,BLOCKED,src/components/admin/team/AdminTeamDetailPanel.tsx:170,BLOCKED_EXTERNAL,no current rendered action execution,,not exercised in rendered session,,source-declared control; full handler chain not individually verified,not executed on current branch,not observed,"resolve rendered caller and actor/state; isolated role sessions, DB and synthetic browser; provider readback where applicable",NOT_TESTED,,
S-40bac7fd67,SOURCE_CONTROL_OCCURRENCE,shared component; caller routes need runtime reconciliation,src/components/admin/team/AdminTeamDetailPanel.tsx:216,Button,更新邀請,"onClick={() => onAction(""resend"")}",,staff; exact grants require handler review,runtime role/state not reconciled,UNCLASSIFIED; inspect before execution,,,C-40bac7fd67,shared_caller_pending,S-40bac7fd67,no,yes,BLOCKED,src/components/admin/team/AdminTeamDetailPanel.tsx:216,BLOCKED_EXTERNAL,no current rendered action execution,,not exercised in rendered session,,source-declared control; full handler chain not individually verified,not executed on current branch,not observed,"resolve rendered caller and actor/state; isolated role sessions, DB and synthetic browser; provider readback where applicable",NOT_TESTED,,
S-47cd092929,SOURCE_CONTROL_OCCURRENCE,shared component; caller routes need runtime reconciliation,src/components/admin/team/AdminTeamDetailPanel.tsx:229,Button,發送密碼重設連結,"onClick={() => onAction(""reset"")}",,staff; exact grants require handler review,runtime role/state not reconciled,UNCLASSIFIED; inspect before execution,,,C-47cd092929,shared_caller_pending,S-47cd092929,no,yes,BLOCKED,src/components/admin/team/AdminTeamDetailPanel.tsx:229,BLOCKED_EXTERNAL,no current rendered action execution,,not exercised in rendered session,,source-declared control; full handler chain not individually verified,not executed on current branch,not observed,"resolve rendered caller and actor/state; isolated role sessions, DB and synthetic browser; provider readback where applicable",NOT_TESTED,,
S-d8df34f57a,SOURCE_CONTROL_OCCURRENCE,shared component; caller routes need runtime reconciliation,src/components/admin/team/AdminTeamDetailPanel.tsx:235,Button,停用帳戶,"onClick={() => onAction(""suspend"", { reassignToStaffId: successorId || null })}",,staff; exact grants require handler review,{detail.ownership.total > 0 && !successorId},UNCLASSIFIED; inspect before execution,,,C-d8df34f57a,shared_caller_pending,S-d8df34f57a,no,yes,BLOCKED,src/components/admin/team/AdminTeamDetailPanel.tsx:235,BLOCKED_EXTERNAL,no current rendered action execution,,not exercised in rendered session,,source-declared control; full handler chain not individually verified,not executed on current branch,not observed,"resolve rendered caller and actor/state; isolated role sessions, DB and synthetic browser; provider readback where applicable",NOT_TESTED,,
S-fbe68c13e4,SOURCE_CONTROL_OCCURRENCE,shared component; caller routes need runtime reconciliation,src/components/admin/team/AdminTeamDetailPanel.tsx:247,Button,重新啟用帳戶,"onClick={() => onAction(""reactivate"")}",,staff; exact grants require handler review,runtime role/state not reconciled,UNCLASSIFIED; inspect before execution,,,C-fbe68c13e4,shared_caller_pending,S-fbe68c13e4,no,yes,BLOCKED,src/components/admin/team/AdminTeamDetailPanel.tsx:247,BLOCKED_EXTERNAL,no current rendered action execution,,not exercised in rendered session,,source-declared control; full handler chain not individually verified,not executed on current branch,not observed,"resolve rendered caller and actor/state; isolated role sessions, DB and synthetic browser; provider readback where applicable",NOT_TESTED,,
S-ac67aa1a6c,SOURCE_CONTROL_OCCURRENCE,shared component; caller routes need runtime reconciliation,src/components/admin/team/AdminTeamDialogs.tsx:114,AdminConfirmDialog,"{details ? ( <dl className=""grid gap-1 rounded-md border bg-muted/40 p-3 text-sm""> <div className=""flex justify-between gap-3""> <dt className=""text-mu",onConfirm={onConfirm} | onOpenChange={onOpenChange},,staff; exact grants require handler review,{disabled},UNCLASSIFIED; inspect before execution,,,C-ac67aa1a6c,shared_caller_pending,S-ac67aa1a6c,no,yes,BLOCKED,src/components/admin/team/AdminTeamDialogs.tsx:114,BLOCKED_EXTERNAL,no current rendered action execution,,not exercised in rendered session,,source-declared control; full handler chain not individually verified,not executed on current branch,not observed,"resolve rendered caller and actor/state; isolated role sessions, DB and synthetic browser; provider readback where applicable",NOT_TESTED,,
S-5e073526bf,SOURCE_CONTROL_OCCURRENCE,shared component; caller routes need runtime reconciliation,src/components/admin/team/AdminTeamDialogs.tsx:141,Input,dynamic/no static accessible name,onChange={(event) => onTypedConfirmationChange?.(event.target.value)},,staff; exact grants require handler review,runtime role/state not reconciled,UNCLASSIFIED; inspect before execution,,,C-5e073526bf,shared_caller_pending,S-5e073526bf,no,yes,BLOCKED,src/components/admin/team/AdminTeamDialogs.tsx:141,BLOCKED_EXTERNAL,no current rendered action execution,,not exercised in rendered session,,source-declared control; full handler chain not individually verified,not executed on current branch,not observed,"resolve rendered caller and actor/state; isolated role sessions, DB and synthetic browser; provider readback where applicable",NOT_TESTED,,
S-0245be67ab,SOURCE_CONTROL_OCCURRENCE,shared component; caller routes need runtime reconciliation,src/components/admin/team/AdminTeamFilters.tsx:41,Input,"""姓名或電郵""",onChange={(event) => onQueryDraftChange(event.target.value)},,staff; exact grants require handler review,runtime role/state not reconciled,UNCLASSIFIED; inspect before execution,,,C-0245be67ab,shared_caller_pending,S-0245be67ab,no,yes,BLOCKED,src/components/admin/team/AdminTeamFilters.tsx:41,BLOCKED_EXTERNAL,no current rendered action execution,,not exercised in rendered session,,source-declared control; full handler chain not individually verified,not executed on current branch,not observed,"resolve rendered caller and actor/state; isolated role sessions, DB and synthetic browser; provider readback where applicable",NOT_TESTED,,
S-39f638080d,SOURCE_CONTROL_OCCURRENCE,shared component; caller routes need runtime reconciliation,src/components/admin/team/AdminTeamFilters.tsx:52,Select,dynamic/no static accessible name,"onValueChange={(value) =>
            onChange({ role: value === ""all"" ? undefined : (value as StaffRole) })
          }",,staff; exact grants require handler review,runtime role/state not reconciled,UNCLASSIFIED; inspect before execution,,,C-39f638080d,shared_caller_pending,S-39f638080d,no,yes,BLOCKED,src/components/admin/team/AdminTeamFilters.tsx:52,BLOCKED_EXTERNAL,no current rendered action execution,,not exercised in rendered session,,source-declared control; full handler chain not individually verified,not executed on current branch,not observed,"resolve rendered caller and actor/state; isolated role sessions, DB and synthetic browser; provider readback where applicable",NOT_TESTED,,
S-6943c24cf3,SOURCE_CONTROL_OCCURRENCE,shared component; caller routes need runtime reconciliation,src/components/admin/team/AdminTeamFilters.tsx:71,Select,dynamic/no static accessible name,"onValueChange={(value) =>
            onChange({ state: value === ""all"" ? undefined : (value as AdminTeamFilterState) })
          }",,staff; exact grants require handler review,runtime role/state not reconciled,UNCLASSIFIED; inspect before execution,,,C-6943c24cf3,shared_caller_pending,S-6943c24cf3,no,yes,BLOCKED,src/components/admin/team/AdminTeamFilters.tsx:71,BLOCKED_EXTERNAL,no current rendered action execution,,not exercised in rendered session,,source-declared control; full handler chain not individually verified,not executed on current branch,not observed,"resolve rendered caller and actor/state; isolated role sessions, DB and synthetic browser; provider readback where applicable",NOT_TESTED,,
S-0ff420e61f,SOURCE_CONTROL_OCCURRENCE,shared component; caller routes need runtime reconciliation,src/components/admin/team/AdminTeamFilters.tsx:90,Button,清除篩選,onClick={onClear},,staff; exact grants require handler review,{!hasFilters},UNCLASSIFIED; inspect before execution,,,C-0ff420e61f,shared_caller_pending,S-0ff420e61f,no,yes,BLOCKED,src/components/admin/team/AdminTeamFilters.tsx:90,BLOCKED_EXTERNAL,no current rendered action execution,,not exercised in rendered session,,source-declared control; full handler chain not individually verified,not executed on current branch,not observed,"resolve rendered caller and actor/state; isolated role sessions, DB and synthetic browser; provider readback where applicable",NOT_TESTED,,
S-cf0915f098,SOURCE_CONTROL_OCCURRENCE,shared component; caller routes need runtime reconciliation,src/components/admin/team/AdminTeamMemberCard.tsx:32,Button,{canManage ? `更多操作：${name}` : `檢視 ${name} 詳情`},onClick={() => onSelect(member.id)},,staff; exact grants require handler review,runtime role/state not reconciled,UNCLASSIFIED; inspect before execution,,,C-cf0915f098,shared_caller_pending,S-cf0915f098,no,yes,BLOCKED,src/components/admin/team/AdminTeamMemberCard.tsx:32,BLOCKED_EXTERNAL,no current rendered action execution,,not exercised in rendered session,,source-declared control; full handler chain not individually verified,not executed on current branch,not observed,"resolve rendered caller and actor/state; isolated role sessions, DB and synthetic browser; provider readback where applicable",NOT_TESTED,,
S-b1315e5ecb,SOURCE_CONTROL_OCCURRENCE,shared component; caller routes need runtime reconciliation,src/components/admin/team/AdminTeamMemberCard.tsx:59,Button,查看詳情,onClick={() => onSelect(member.id)},,staff; exact grants require handler review,runtime role/state not reconciled,UNCLASSIFIED; inspect before execution,,,C-b1315e5ecb,shared_caller_pending,S-b1315e5ecb,no,yes,BLOCKED,src/components/admin/team/AdminTeamMemberCard.tsx:59,BLOCKED_EXTERNAL,no current rendered action execution,,not exercised in rendered session,,source-declared control; full handler chain not individually verified,not executed on current branch,not observed,"resolve rendered caller and actor/state; isolated role sessions, DB and synthetic browser; provider readback where applicable",NOT_TESTED,,
S-d9547f698f,SOURCE_CONTROL_OCCURRENCE,shared component; caller routes need runtime reconciliation,src/components/admin/team/AdminTeamTable.tsx:63,button,{memberName(member)},onClick={() => onSelect(member.id)},,staff; exact grants require handler review,runtime role/state not reconciled,UNCLASSIFIED; inspect before execution,,,C-d9547f698f,shared_caller_pending,S-d9547f698f,no,yes,BLOCKED,src/components/admin/team/AdminTeamTable.tsx:63,BLOCKED_EXTERNAL,no current rendered action execution,,not exercised in rendered session,,source-declared control; full handler chain not individually verified,not executed on current branch,not observed,"resolve rendered caller and actor/state; isolated role sessions, DB and synthetic browser; provider readback where applicable",NOT_TESTED,,
S-6517a09bbd,SOURCE_CONTROL_OCCURRENCE,shared component; caller routes need runtime reconciliation,src/components/admin/team/AdminTeamTable.tsx:99,Button,{`檢視 ${memberName(member)} 詳情`},onClick={() => onSelect(member.id)},,staff; exact grants require handler review,runtime role/state not reconciled,UNCLASSIFIED; inspect before execution,,,C-6517a09bbd,shared_caller_pending,S-6517a09bbd,no,yes,BLOCKED,src/components/admin/team/AdminTeamTable.tsx:99,BLOCKED_EXTERNAL,no current rendered action execution,,not exercised in rendered session,,source-declared control; full handler chain not individually verified,not executed on current branch,not observed,"resolve rendered caller and actor/state; isolated role sessions, DB and synthetic browser; provider readback where applicable",NOT_TESTED,,
S-d9a79738d4,SOURCE_CONTROL_OCCURRENCE,shared component; caller routes need runtime reconciliation,src/components/admin/whatsapp/InboxAccountPicker.tsx:30,Input,dynamic/no static accessible name,"onChange={(event) => onQueryChange(event.target.value)} | onKeyDown={(event) => {
            if (event.key === ""Enter"") {
              event.preventDefault();
              onSearch();
            }
          }}",,staff; exact grants require handler review,{busy},UNCLASSIFIED; inspect before execution,,,C-d9a79738d4,shared_caller_pending,S-d9a79738d4,no,yes,BLOCKED,src/components/admin/whatsapp/InboxAccountPicker.tsx:30,BLOCKED_EXTERNAL,no current rendered action execution,,not exercised in rendered session,,source-declared control; full handler chain not individually verified,not executed on current branch,not observed,"resolve rendered caller and actor/state; isolated role sessions, DB and synthetic browser; provider readback where applicable",NOT_TESTED,,
S-3bed677c45,SOURCE_CONTROL_OCCURRENCE,shared component; caller routes need runtime reconciliation,src/components/admin/whatsapp/InboxAccountPicker.tsx:44,Button,搜尋公司 Inbox 帳戶,onClick={onSearch},,staff; exact grants require handler review,{busy},UNCLASSIFIED; inspect before execution,,,C-3bed677c45,shared_caller_pending,S-3bed677c45,no,yes,BLOCKED,src/components/admin/whatsapp/InboxAccountPicker.tsx:44,BLOCKED_EXTERNAL,no current rendered action execution,,not exercised in rendered session,,source-declared control; full handler chain not individually verified,not executed on current branch,not observed,"resolve rendered caller and actor/state; isolated role sessions, DB and synthetic browser; provider readback where applicable",NOT_TESTED,,
S-1f708a79f9,SOURCE_CONTROL_OCCURRENCE,shared component; caller routes need runtime reconciliation,src/components/admin/whatsapp/InboxAccountPicker.tsx:51,input,dynamic/no static accessible name,onChange={() => onSelect(item.userId)},,staff; exact grants require handler review,{busy},UNCLASSIFIED; inspect before execution,,,C-1f708a79f9,shared_caller_pending,S-1f708a79f9,no,yes,BLOCKED,src/components/admin/whatsapp/InboxAccountPicker.tsx:51,BLOCKED_EXTERNAL,no current rendered action execution,,not exercised in rendered session,,source-declared control; full handler chain not individually verified,not executed on current branch,not observed,"resolve rendered caller and actor/state; isolated role sessions, DB and synthetic browser; provider readback where applicable",NOT_TESTED,,
S-1ccd934fe8,SOURCE_CONTROL_OCCURRENCE,shared component; caller routes need runtime reconciliation,src/components/admin/whatsapp/InboxAccountPicker.tsx:78,Button,載入下一頁帳戶,onClick={onNextPage},,staff; exact grants require handler review,{busy},UNCLASSIFIED; inspect before execution,,,C-1ccd934fe8,shared_caller_pending,S-1ccd934fe8,no,yes,BLOCKED,src/components/admin/whatsapp/InboxAccountPicker.tsx:78,BLOCKED_EXTERNAL,no current rendered action execution,,not exercised in rendered session,,source-declared control; full handler chain not individually verified,not executed on current branch,not observed,"resolve rendered caller and actor/state; isolated role sessions, DB and synthetic browser; provider readback where applicable",NOT_TESTED,,
S-9b317679d0,SOURCE_CONTROL_OCCURRENCE,shared component; caller routes need runtime reconciliation,src/components/admin/whatsapp/StaffMappingWizard.tsx:327,select,"{agents .filter((agent) => agent.active) .map((agent) => ( <option key={agent.id} value={agent.id}> {agent.name ?? ""未命名同事""} · {agent.email ?? ""未提供工作電郵",onChange={(event) => changeStaff(event.target.value)},,staff; exact grants require handler review,runtime role/state not reconciled,UNCLASSIFIED; inspect before execution,,,C-9b317679d0,shared_caller_pending,S-9b317679d0,no,yes,BLOCKED,src/components/admin/whatsapp/StaffMappingWizard.tsx:327,BLOCKED_EXTERNAL,no current rendered action execution,,not exercised in rendered session,,source-declared control; full handler chain not individually verified,not executed on current branch,not observed,"resolve rendered caller and actor/state; isolated role sessions, DB and synthetic browser; provider readback where applicable",NOT_TESTED,,
S-1f942474c9,SOURCE_CONTROL_OCCURRENCE,shared component; caller routes need runtime reconciliation,src/components/admin/whatsapp/StaffMappingWizard.tsx:353,Button,前往 Folder 設定,onClick={() => setFolderSetupOpen(true)},,staff; exact grants require handler review,runtime role/state not reconciled,UNCLASSIFIED; inspect before execution,,,C-1f942474c9,shared_caller_pending,S-1f942474c9,no,yes,BLOCKED,src/components/admin/whatsapp/StaffMappingWizard.tsx:353,BLOCKED_EXTERNAL,no current rendered action execution,,not exercised in rendered session,,source-declared control; full handler chain not individually verified,not executed on current branch,not observed,"resolve rendered caller and actor/state; isolated role sessions, DB and synthetic browser; provider readback where applicable",NOT_TESTED,,
S-beb0970fd5,SOURCE_CONTROL_OCCURRENCE,shared component; caller routes need runtime reconciliation,src/components/admin/whatsapp/StaffMappingWizard.tsx:360,select,{folders.map((folder) => ( <option key={folder.folderKey} value={folder.folderKey}> {folder.displayName} </option> ))},"onChange={(event) => {
                requestGeneration.current += 1;
                setBusy(false);
                setDraft((current) => ({
                  ...current,
                  folderKey: event.target.value,
                  userId: """",
                  review: null,
                  dirty: true,
                }));
                setReviewedVersion(null);
                setCandidates([]);
                setCursor(null);
              }}",,staff; exact grants require handler review,{busy},UNCLASSIFIED; inspect before execution,,,C-beb0970fd5,shared_caller_pending,S-beb0970fd5,no,yes,BLOCKED,src/components/admin/whatsapp/StaffMappingWizard.tsx:360,BLOCKED_EXTERNAL,no current rendered action execution,,not exercised in rendered session,,source-declared control; full handler chain not individually verified,not executed on current branch,not observed,"resolve rendered caller and actor/state; isolated role sessions, DB and synthetic browser; provider readback where applicable",NOT_TESTED,,
S-67c4ad9933,SOURCE_CONTROL_OCCURRENCE,shared component; caller routes need runtime reconciliation,src/components/admin/whatsapp/StaffMappingWizard.tsx:388,InboxAccountPicker,dynamic/no static accessible name,"onSelect={(userId) => {
                requestGeneration.current += 1;
                setBusy(false);
                setDraft((current) => ({ ...current, userId, review: null, dirty: true }));
                setReviewedVersion(null);
              }} | onQueryChange={(value) => {
                requestGeneration.current += 1;
                setBusy(false);
                setQuery(value);
              }} | onSearch={() => void browse()} | onNextPage={() => void browse(cursor)}",,staff; exact grants require handler review,runtime role/state not reconciled,UNCLASSIFIED; inspect before execution,,,C-67c4ad9933,shared_caller_pending,S-67c4ad9933,no,yes,BLOCKED,src/components/admin/whatsapp/StaffMappingWizard.tsx:388,BLOCKED_EXTERNAL,no current rendered action execution,,not exercised in rendered session,,source-declared control; full handler chain not individually verified,not executed on current branch,not observed,"resolve rendered caller and actor/state; isolated role sessions, DB and synthetic browser; provider readback where applicable",NOT_TESTED,,
S-25f47a35ec,SOURCE_CONTROL_OCCURRENCE,shared component; caller routes need runtime reconciliation,src/components/admin/whatsapp/StaffMappingWizard.tsx:410,Button,檢查連接,onClick={() => void verify()},,staff; exact grants require handler review,{busy || !draft.userId || !draft.folderKey},UNCLASSIFIED; inspect before execution,,,C-25f47a35ec,shared_caller_pending,S-25f47a35ec,no,yes,BLOCKED,src/components/admin/whatsapp/StaffMappingWizard.tsx:410,BLOCKED_EXTERNAL,no current rendered action execution,,not exercised in rendered session,,source-declared control; full handler chain not individually verified,not executed on current branch,not observed,"resolve rendered caller and actor/state; isolated role sessions, DB and synthetic browser; provider readback where applicable",NOT_TESTED,,
S-544e67b57c,SOURCE_CONTROL_OCCURRENCE,shared component; caller routes need runtime reconciliation,src/components/admin/whatsapp/StaffMappingWizard.tsx:418,Button,儲存已核實映射,onClick={() => void save()},,staff; exact grants require handler review,"{
                busy ||
                !allowReviewedSave ||
                !canSaveReviewedMapping(draft, reviewedVersion, version, new Date().toISOString())
              }",UNCLASSIFIED; inspect before execution,,,C-544e67b57c,shared_caller_pending,S-544e67b57c,no,yes,BLOCKED,src/components/admin/whatsapp/StaffMappingWizard.tsx:418,BLOCKED_EXTERNAL,no current rendered action execution,,not exercised in rendered session,,source-declared control; full handler chain not individually verified,not executed on current branch,not observed,"resolve rendered caller and actor/state; isolated role sessions, DB and synthetic browser; provider readback where applicable",NOT_TESTED,,
S-e40ebcb68d,SOURCE_CONTROL_OCCURRENCE,shared component; caller routes need runtime reconciliation,src/components/admin/whatsapp/StaffMappingWizard.tsx:446,Input,dynamic/no static accessible name,onChange={(event) => setRetireReason(event.target.value)},,staff; exact grants require handler review,runtime role/state not reconciled,UNCLASSIFIED; inspect before execution,,,C-e40ebcb68d,shared_caller_pending,S-e40ebcb68d,no,yes,BLOCKED,src/components/admin/whatsapp/StaffMappingWizard.tsx:446,BLOCKED_EXTERNAL,no current rendered action execution,,not exercised in rendered session,,source-declared control; full handler chain not individually verified,not executed on current branch,not observed,"resolve rendered caller and actor/state; isolated role sessions, DB and synthetic browser; provider readback where applicable",NOT_TESTED,,
S-d700b72f91,SOURCE_CONTROL_OCCURRENCE,shared component; caller routes need runtime reconciliation,src/components/admin/whatsapp/StaffMappingWizard.tsx:452,Button,停用接單,onClick={() => void retire()},,staff; exact grants require handler review,{busy || retireReason.trim().length < 3},UNCLASSIFIED; inspect before execution,,,C-d700b72f91,shared_caller_pending,S-d700b72f91,no,yes,BLOCKED,src/components/admin/whatsapp/StaffMappingWizard.tsx:452,BLOCKED_EXTERNAL,no current rendered action execution,,not exercised in rendered session,,source-declared control; full handler chain not individually verified,not executed on current branch,not observed,"resolve rendered caller and actor/state; isolated role sessions, DB and synthetic browser; provider readback where applicable",NOT_TESTED,,
S-692fd4e0bb,SOURCE_CONTROL_OCCURRENCE,shared component; caller routes need runtime reconciliation,src/components/admin/whatsapp/StaffMappingWizard.tsx:462,details,dynamic/no static accessible name,onToggle={(event) => setFolderSetupOpen(event.currentTarget.open)},,staff; exact grants require handler review,runtime role/state not reconciled,UNCLASSIFIED; inspect before execution,,,C-692fd4e0bb,shared_caller_pending,S-692fd4e0bb,no,yes,BLOCKED,src/components/admin/whatsapp/StaffMappingWizard.tsx:462,BLOCKED_EXTERNAL,no current rendered action execution,,not exercised in rendered session,,source-declared control; full handler chain not individually verified,not executed on current branch,not observed,"resolve rendered caller and actor/state; isolated role sessions, DB and synthetic browser; provider readback where applicable",NOT_TESTED,,
S-0282f439d7,SOURCE_CONTROL_OCCURRENCE,shared component; caller routes need runtime reconciliation,src/components/admin/whatsapp/StaffMappingWizard.tsx:474,Input,dynamic/no static accessible name,"onChange={(event) =>
                    setFolderForm({ ...folderForm, folderKey: event.target.value })
                  }",,staff; exact grants require handler review,runtime role/state not reconciled,UNCLASSIFIED; inspect before execution,,,C-0282f439d7,shared_caller_pending,S-0282f439d7,no,yes,BLOCKED,src/components/admin/whatsapp/StaffMappingWizard.tsx:474,BLOCKED_EXTERNAL,no current rendered action execution,,not exercised in rendered session,,source-declared control; full handler chain not individually verified,not executed on current branch,not observed,"resolve rendered caller and actor/state; isolated role sessions, DB and synthetic browser; provider readback where applicable",NOT_TESTED,,
S-14c089fbfd,SOURCE_CONTROL_OCCURRENCE,shared component; caller routes need runtime reconciliation,src/components/admin/whatsapp/StaffMappingWizard.tsx:483,Input,dynamic/no static accessible name,"onChange={(event) =>
                    setFolderForm({ ...folderForm, displayName: event.target.value })
                  }",,staff; exact grants require handler review,runtime role/state not reconciled,UNCLASSIFIED; inspect before execution,,,C-14c089fbfd,shared_caller_pending,S-14c089fbfd,no,yes,BLOCKED,src/components/admin/whatsapp/StaffMappingWizard.tsx:483,BLOCKED_EXTERNAL,no current rendered action execution,,not exercised in rendered session,,source-declared control; full handler chain not individually verified,not executed on current branch,not observed,"resolve rendered caller and actor/state; isolated role sessions, DB and synthetic browser; provider readback where applicable",NOT_TESTED,,
S-98f065f85e,SOURCE_CONTROL_OCCURRENCE,shared component; caller routes need runtime reconciliation,src/components/admin/whatsapp/StaffMappingWizard.tsx:492,Input,dynamic/no static accessible name,"onChange={(event) =>
                    setFolderForm({ ...folderForm, providerFolderId: event.target.value })
                  }",,staff; exact grants require handler review,runtime role/state not reconciled,UNCLASSIFIED; inspect before execution,,,C-98f065f85e,shared_caller_pending,S-98f065f85e,no,yes,BLOCKED,src/components/admin/whatsapp/StaffMappingWizard.tsx:492,BLOCKED_EXTERNAL,no current rendered action execution,,not exercised in rendered session,,source-declared control; full handler chain not individually verified,not executed on current branch,not observed,"resolve rendered caller and actor/state; isolated role sessions, DB and synthetic browser; provider readback where applicable",NOT_TESTED,,
S-f2f67f044f,SOURCE_CONTROL_OCCURRENCE,shared component; caller routes need runtime reconciliation,src/components/admin/whatsapp/StaffMappingWizard.tsx:499,Button,儲存 Folder 名稱,"onClick={async () => {
                  setBusy(true);
                  setError("""");
                  try {
                    await saveNamedInboxFolder({
                      ...folderForm,
                      expectedVersion:
                        folders.find((item) => item.folderKey === folderForm.folderKey)?.version ??
                        null,
                    });
                    setFolders(await getInboxFolders());
                    setFolderForm({ folderKey: """", displayName: """", providerFolderId: """" });
                    setNotice(""Folder 名稱已儲存；現在請選同事帳戶並檢查連接。"");
                  } catch {
                    setError(""Folder 未能儲存；請核對公司連接、識別碼及是否已存在。"");
                  } finally {
                    setBusy(false);
                  }
                }}",,staff; exact grants require handler review,"{
                  busy ||
                  !folderForm.folderKey ||
                  !folderForm.displayName ||
                  !folderForm.providerFolderId
                }",UNCLASSIFIED; inspect before execution,,,C-f2f67f044f,shared_caller_pending,S-f2f67f044f,no,yes,BLOCKED,src/components/admin/whatsapp/StaffMappingWizard.tsx:499,BLOCKED_EXTERNAL,no current rendered action execution,,not exercised in rendered session,,source-declared control; full handler chain not individually verified,not executed on current branch,not observed,"resolve rendered caller and actor/state; isolated role sessions, DB and synthetic browser; provider readback where applicable",NOT_TESTED,,
S-b55b6c1813,SOURCE_CONTROL_OCCURRENCE,shared component; caller routes need runtime reconciliation,src/components/admin/whatsapp/StaffMappingWizard.tsx:576,Button,重新核對能力與端點版本,"onClick={async () => {
              try {
                await refresh();
                setError("""");
              } catch {
                setError(""重新核對失敗，請稍後再試。"");
              }
            }}",,staff; exact grants require handler review,runtime role/state not reconciled,UNCLASSIFIED; inspect before execution,,,C-b55b6c1813,shared_caller_pending,S-b55b6c1813,no,yes,BLOCKED,src/components/admin/whatsapp/StaffMappingWizard.tsx:576,BLOCKED_EXTERNAL,no current rendered action execution,,not exercised in rendered session,,source-declared control; full handler chain not individually verified,not executed on current branch,not observed,"resolve rendered caller and actor/state; isolated role sessions, DB and synthetic browser; provider readback where applicable",NOT_TESTED,,
S-7b73aafe72,SOURCE_CONTROL_OCCURRENCE,shared component; caller routes need runtime reconciliation,src/components/admin/whatsapp/StaffMappingWizard.tsx:593,Button,上一步,onClick={() => setStep((current) => current - 1)},,staff; exact grants require handler review,{step === 0 || busy},UNCLASSIFIED; inspect before execution,,,C-7b73aafe72,shared_caller_pending,S-7b73aafe72,no,yes,BLOCKED,src/components/admin/whatsapp/StaffMappingWizard.tsx:593,BLOCKED_EXTERNAL,no current rendered action execution,,not exercised in rendered session,,source-declared control; full handler chain not individually verified,not executed on current branch,not observed,"resolve rendered caller and actor/state; isolated role sessions, DB and synthetic browser; provider readback where applicable",NOT_TESTED,,
S-7343472470,SOURCE_CONTROL_OCCURRENCE,shared component; caller routes need runtime reconciliation,src/components/admin/whatsapp/StaffMappingWizard.tsx:601,Button,下一步,"onClick={async () => {
            if (step === 2) {
              try {
                await refresh();
              } catch {
                setError(""未能核對端點。"");
                return;
              }
            }
            setStep((current) => current + 1);
          }}",,staff; exact grants require handler review,{!draft.staffId || step === 3 || busy},UNCLASSIFIED; inspect before execution,,,C-7343472470,shared_caller_pending,S-7343472470,no,yes,BLOCKED,src/components/admin/whatsapp/StaffMappingWizard.tsx:601,BLOCKED_EXTERNAL,no current rendered action execution,,not exercised in rendered session,,source-declared control; full handler chain not individually verified,not executed on current branch,not observed,"resolve rendered caller and actor/state; isolated role sessions, DB and synthetic browser; provider readback where applicable",NOT_TESTED,,
S-7382e7fa2b,SOURCE_CONTROL_OCCURRENCE,shared component; caller routes need runtime reconciliation,src/components/admin/whatsapp/StaffReadinessBadge.tsx:23,a,{reason.message} ：前往修復,,{reason.actionHref},staff; exact grants require handler review,runtime role/state not reconciled,navigation; destination may have side effects,,,C-7382e7fa2b,shared_caller_pending,S-7382e7fa2b,no,yes,BLOCKED,src/components/admin/whatsapp/StaffReadinessBadge.tsx:23,BLOCKED_EXTERNAL,no current rendered action execution,,not exercised in rendered session,,source-declared control; full handler chain not individually verified,not executed on current branch,not observed,"resolve rendered caller and actor/state; isolated role sessions, DB and synthetic browser; provider readback where applicable",NOT_TESTED,,
S-1c11e70fe6,SOURCE_CONTROL_OCCURRENCE,shared component; caller routes need runtime reconciliation,src/components/admin/whatsapp/StaffTestNotificationDialog.tsx:95,Button,"{transport === ""staff_whatsapp"" ? ""測試同事 WhatsApp"" : ""測試 Inbox 私有備註""}",onClick={showPreview},,staff; exact grants require handler review,{!endpointVersion || busy},UNCLASSIFIED; inspect before execution,,,C-1c11e70fe6,shared_caller_pending,S-1c11e70fe6,no,yes,BLOCKED,src/components/admin/whatsapp/StaffTestNotificationDialog.tsx:95,BLOCKED_EXTERNAL,no current rendered action execution,,not exercised in rendered session,,source-declared control; full handler chain not individually verified,not executed on current branch,not observed,"resolve rendered caller and actor/state; isolated role sessions, DB and synthetic browser; provider readback where applicable",NOT_TESTED,,
S-f490b18f81,SOURCE_CONTROL_OCCURRENCE,shared component; caller routes need runtime reconciliation,src/components/admin/whatsapp/StaffTestNotificationDialog.tsx:167,Input,dynamic/no static accessible name,onChange={(event) => setEvidenceRef(event.target.value)},,staff; exact grants require handler review,runtime role/state not reconciled,UNCLASSIFIED; inspect before execution,,,C-f490b18f81,shared_caller_pending,S-f490b18f81,no,yes,BLOCKED,src/components/admin/whatsapp/StaffTestNotificationDialog.tsx:167,BLOCKED_EXTERNAL,no current rendered action execution,,not exercised in rendered session,,source-declared control; full handler chain not individually verified,not executed on current branch,not observed,"resolve rendered caller and actor/state; isolated role sessions, DB and synthetic browser; provider readback where applicable",NOT_TESTED,,
S-cb15ec5891,SOURCE_CONTROL_OCCURRENCE,shared component; caller routes need runtime reconciliation,src/components/admin/whatsapp/StaffTestNotificationDialog.tsx:173,Button,記錄同事收件確認,"onClick={async () => {
                      setBusy(true);
                      setError("""");
                      try {
                        await confirmStaffTestReceipt({
                          attemptId: status.attemptId,
                          evidenceRef: evidenceRef.trim(),
                        });
                        setStatus(await getStaffTestNotification(status.attemptId));
                      } catch {
                        setError(""未能記錄人工收件確認；請核對證據編號與權限。"");
                      } finally {
                        setBusy(false);
                      }
                    }}",,staff; exact grants require handler review,{busy || !evidenceRef.trim()},UNCLASSIFIED; inspect before execution,,,C-cb15ec5891,shared_caller_pending,S-cb15ec5891,no,yes,BLOCKED,src/components/admin/whatsapp/StaffTestNotificationDialog.tsx:173,BLOCKED_EXTERNAL,no current rendered action execution,,not exercised in rendered session,,source-declared control; full handler chain not individually verified,not executed on current branch,not observed,"resolve rendered caller and actor/state; isolated role sessions, DB and synthetic browser; provider readback where applicable",NOT_TESTED,,
S-03cd8f2e53,SOURCE_CONTROL_OCCURRENCE,shared component; caller routes need runtime reconciliation,src/components/admin/whatsapp/StaffTestNotificationDialog.tsx:197,Button,重新查閱結果,onClick={async () => setStatus(await getStaffTestNotification(status.attemptId))},,staff; exact grants require handler review,runtime role/state not reconciled,UNCLASSIFIED; inspect before execution,,,C-03cd8f2e53,shared_caller_pending,S-03cd8f2e53,no,yes,BLOCKED,src/components/admin/whatsapp/StaffTestNotificationDialog.tsx:197,BLOCKED_EXTERNAL,no current rendered action execution,,not exercised in rendered session,,source-declared control; full handler chain not individually verified,not executed on current branch,not observed,"resolve rendered caller and actor/state; isolated role sessions, DB and synthetic browser; provider readback where applicable",NOT_TESTED,,
S-805f5e9699,SOURCE_CONTROL_OCCURRENCE,shared component; caller routes need runtime reconciliation,src/components/admin/whatsapp/StaffTestNotificationDialog.tsx:207,Button,明確提交試送,onClick={send},,staff; exact grants require handler review,{busy || !preview?.ready || Boolean(status)},UNCLASSIFIED; inspect before execution,,,C-805f5e9699,shared_caller_pending,S-805f5e9699,no,yes,BLOCKED,src/components/admin/whatsapp/StaffTestNotificationDialog.tsx:207,BLOCKED_EXTERNAL,no current rendered action execution,,not exercised in rendered session,,source-declared control; full handler chain not individually verified,not executed on current branch,not observed,"resolve rendered caller and actor/state; isolated role sessions, DB and synthetic browser; provider readback where applicable",NOT_TESTED,,
S-f7e848132e,SOURCE_CONTROL_OCCURRENCE,shared component; caller routes need runtime reconciliation,src/components/admin/whatsapp/StaffTestNotificationDialog.tsx:214,Button,關閉,onClick={() => setOpen(false)},,staff; exact grants require handler review,runtime role/state not reconciled,UNCLASSIFIED; inspect before execution,,,C-f7e848132e,shared_caller_pending,S-f7e848132e,no,yes,BLOCKED,src/components/admin/whatsapp/StaffTestNotificationDialog.tsx:214,BLOCKED_EXTERNAL,no current rendered action execution,,not exercised in rendered session,,source-declared control; full handler chain not individually verified,not executed on current branch,not observed,"resolve rendered caller and actor/state; isolated role sessions, DB and synthetic browser; provider readback where applicable",NOT_TESTED,,
S-ca806dd7b5,SOURCE_CONTROL_OCCURRENCE,shared component; caller routes need runtime reconciliation,src/components/admin/whatsapp/WhatsappBatchImport.tsx:116,select,dynamic/no static accessible name,"onChange={(event) => {
            setFormat(event.target.value as ""csv"" | ""tsv"");
            setErrors([]);
          }}",,staff; exact grants require handler review,runtime role/state not reconciled,UNCLASSIFIED; inspect before execution,,,C-ca806dd7b5,shared_caller_pending,S-ca806dd7b5,no,yes,BLOCKED,src/components/admin/whatsapp/WhatsappBatchImport.tsx:116,BLOCKED_EXTERNAL,no current rendered action execution,,not exercised in rendered session,,source-declared control; full handler chain not individually verified,not executed on current branch,not observed,"resolve rendered caller and actor/state; isolated role sessions, DB and synthetic browser; provider readback where applicable",NOT_TESTED,,
S-c37a5e6e2f,SOURCE_CONTROL_OCCURRENCE,shared component; caller routes need runtime reconciliation,src/components/admin/whatsapp/WhatsappBatchImport.tsx:128,textarea,"""CSV 或貼表格資料""","onChange={(event) => {
          setText(event.target.value);
          setErrors([]);
        }}",,staff; exact grants require handler review,runtime role/state not reconciled,UNCLASSIFIED; inspect before execution,,,C-c37a5e6e2f,shared_caller_pending,S-c37a5e6e2f,no,yes,BLOCKED,src/components/admin/whatsapp/WhatsappBatchImport.tsx:128,BLOCKED_EXTERNAL,no current rendered action execution,,not exercised in rendered session,,source-declared control; full handler chain not individually verified,not executed on current branch,not observed,"resolve rendered caller and actor/state; isolated role sessions, DB and synthetic browser; provider readback where applicable",NOT_TESTED,,
S-ec753a2f74,SOURCE_CONTROL_OCCURRENCE,shared component; caller routes need runtime reconciliation,src/components/admin/whatsapp/WhatsappBatchImport.tsx:160,Button,核對並匯入 {parsed.rows.length} 行,onClick={() => void importRows()},,staff; exact grants require handler review,{disabled || busy || !parsed.rows.length || parsed.errors.length > 0},UNCLASSIFIED; inspect before execution,,,C-ec753a2f74,shared_caller_pending,S-ec753a2f74,no,yes,BLOCKED,src/components/admin/whatsapp/WhatsappBatchImport.tsx:160,BLOCKED_EXTERNAL,no current rendered action execution,,not exercised in rendered session,,source-declared control; full handler chain not individually verified,not executed on current branch,not observed,"resolve rendered caller and actor/state; isolated role sessions, DB and synthetic browser; provider readback where applicable",NOT_TESTED,,
S-ee9fecf1be,SOURCE_CONTROL_OCCURRENCE,shared component; caller routes need runtime reconciliation,src/components/admin/whatsapp/WhatsappBatchResult.tsx:63,Button,複製全部已確認連結,onClick={() => void copyAll()},,staff; exact grants require handler review,runtime role/state not reconciled,UNCLASSIFIED; inspect before execution,,,C-ee9fecf1be,shared_caller_pending,S-ee9fecf1be,no,yes,BLOCKED,src/components/admin/whatsapp/WhatsappBatchResult.tsx:63,BLOCKED_EXTERNAL,no current rendered action execution,,not exercised in rendered session,,source-declared control; full handler chain not individually verified,not executed on current branch,not observed,"resolve rendered caller and actor/state; isolated role sessions, DB and synthetic browser; provider readback where applicable",NOT_TESTED,,
S-423ea78328,SOURCE_CONTROL_OCCURRENCE,shared component; caller routes need runtime reconciliation,src/components/admin/whatsapp/WhatsappBatchResult.tsx:67,Button,匯出 {source} CSV,onClick={() => download(source)},,staff; exact grants require handler review,runtime role/state not reconciled,UNCLASSIFIED; inspect before execution,,,C-423ea78328,shared_caller_pending,S-423ea78328,no,yes,BLOCKED,src/components/admin/whatsapp/WhatsappBatchResult.tsx:67,BLOCKED_EXTERNAL,no current rendered action execution,,not exercised in rendered session,,source-declared control; full handler chain not individually verified,not executed on current branch,not observed,"resolve rendered caller and actor/state; isolated role sessions, DB and synthetic browser; provider readback where applicable",NOT_TESTED,,
S-ec3e0ec513,SOURCE_CONTROL_OCCURRENCE,shared component; caller routes need runtime reconciliation,src/components/admin/whatsapp/WhatsappCoveragePanel.tsx:98,form,dynamic/no static accessible name,"onSubmit={(event) => {
            event.preventDefault();
            setQ(draftQ.trim());
          }}",,staff; exact grants require handler review,runtime role/state not reconciled,UNCLASSIFIED; inspect before execution,,,C-ec3e0ec513,shared_caller_pending,S-ec3e0ec513,no,yes,BLOCKED,src/components/admin/whatsapp/WhatsappCoveragePanel.tsx:98,BLOCKED_EXTERNAL,no current rendered action execution,,not exercised in rendered session,,source-declared control; full handler chain not individually verified,not executed on current branch,not observed,"resolve rendered caller and actor/state; isolated role sessions, DB and synthetic browser; provider readback where applicable",NOT_TESTED,,
S-2639796011,SOURCE_CONTROL_OCCURRENCE,shared component; caller routes need runtime reconciliation,src/components/admin/whatsapp/WhatsappCoveragePanel.tsx:105,Input,"""搜尋覆蓋樓編""",onChange={(event) => setDraftQ(event.target.value)},,staff; exact grants require handler review,runtime role/state not reconciled,UNCLASSIFIED; inspect before execution,,,C-2639796011,shared_caller_pending,S-2639796011,no,yes,BLOCKED,src/components/admin/whatsapp/WhatsappCoveragePanel.tsx:105,BLOCKED_EXTERNAL,no current rendered action execution,,not exercised in rendered session,,source-declared control; full handler chain not individually verified,not executed on current branch,not observed,"resolve rendered caller and actor/state; isolated role sessions, DB and synthetic browser; provider readback where applicable",NOT_TESTED,,
S-62355edde9,SOURCE_CONTROL_OCCURRENCE,shared component; caller routes need runtime reconciliation,src/components/admin/whatsapp/WhatsappCoveragePanel.tsx:111,Button,搜尋,,,staff; exact grants require handler review,{loading || busy},local input/semantic wrapper,,,C-62355edde9,shared_caller_pending,S-62355edde9,no,yes,BLOCKED,src/components/admin/whatsapp/WhatsappCoveragePanel.tsx:111,BLOCKED_EXTERNAL,no current rendered action execution,,not exercised in rendered session,,source-declared control; full handler chain not individually verified,not executed on current branch,not observed,"resolve rendered caller and actor/state; isolated role sessions, DB and synthetic browser; provider readback where applicable",NOT_TESTED,,
S-684457dd12,SOURCE_CONTROL_OCCURRENCE,shared component; caller routes need runtime reconciliation,src/components/admin/whatsapp/WhatsappCoveragePanel.tsx:117,select,dynamic/no static accessible name,"onChange={(event) => setDealType(event.target.value as ""sale"" | ""rent"" | """")}",,staff; exact grants require handler review,runtime role/state not reconciled,UNCLASSIFIED; inspect before execution,,,C-684457dd12,shared_caller_pending,S-684457dd12,no,yes,BLOCKED,src/components/admin/whatsapp/WhatsappCoveragePanel.tsx:117,BLOCKED_EXTERNAL,no current rendered action execution,,not exercised in rendered session,,source-declared control; full handler chain not individually verified,not executed on current branch,not observed,"resolve rendered caller and actor/state; isolated role sessions, DB and synthetic browser; provider readback where applicable",NOT_TESTED,,
S-65a4490241,SOURCE_CONTROL_OCCURRENCE,shared component; caller routes need runtime reconciliation,src/components/admin/whatsapp/WhatsappCoveragePanel.tsx:128,input,dynamic/no static accessible name,onChange={(event) => setMissingOnly(event.target.checked)},,staff; exact grants require handler review,runtime role/state not reconciled,UNCLASSIFIED; inspect before execution,,,C-65a4490241,shared_caller_pending,S-65a4490241,no,yes,BLOCKED,src/components/admin/whatsapp/WhatsappCoveragePanel.tsx:128,BLOCKED_EXTERNAL,no current rendered action execution,,not exercised in rendered session,,source-declared control; full handler chain not individually verified,not executed on current branch,not observed,"resolve rendered caller and actor/state; isolated role sessions, DB and synthetic browser; provider readback where applicable",NOT_TESTED,,
S-312438f58a,SOURCE_CONTROL_OCCURRENCE,shared component; caller routes need runtime reconciliation,src/components/admin/whatsapp/WhatsappCoveragePanel.tsx:154,input,{`選擇補建 ${item.publicListingNo} ${item.dealType}`},"onChange={(event) =>
                    setSelected((current) =>
                      event.target.checked
                        ? [...current, item.propertyId]
                        : current.filter((id) => id !== item.propertyId),
                    )
                  }",,staff; exact grants require handler review,runtime role/state not reconciled,UNCLASSIFIED; inspect before execution,,,C-312438f58a,shared_caller_pending,S-312438f58a,no,yes,BLOCKED,src/components/admin/whatsapp/WhatsappCoveragePanel.tsx:154,BLOCKED_EXTERNAL,no current rendered action execution,,not exercised in rendered session,,source-declared control; full handler chain not individually verified,not executed on current branch,not observed,"resolve rendered caller and actor/state; isolated role sessions, DB and synthetic browser; provider readback where applicable",NOT_TESTED,,
S-653c0c8502,SOURCE_CONTROL_OCCURRENCE,shared component; caller routes need runtime reconciliation,src/components/admin/whatsapp/WhatsappCoveragePanel.tsx:180,Button,選取本頁未覆蓋,"onClick={() =>
            setSelected(
              coverage.items
                .filter((item) => item.status === ""missing"")
                .map((item) => item.propertyId),
            )
          }",,staff; exact grants require handler review,{busy || loading},UNCLASSIFIED; inspect before execution,,,C-653c0c8502,shared_caller_pending,S-653c0c8502,no,yes,BLOCKED,src/components/admin/whatsapp/WhatsappCoveragePanel.tsx:180,BLOCKED_EXTERNAL,no current rendered action execution,,not exercised in rendered session,,source-declared control; full handler chain not individually verified,not executed on current branch,not observed,"resolve rendered caller and actor/state; isolated role sessions, DB and synthetic browser; provider readback where applicable",NOT_TESTED,,
S-35cbee2091,SOURCE_CONTROL_OCCURRENCE,shared component; caller routes need runtime reconciliation,src/components/admin/whatsapp/WhatsappCoveragePanel.tsx:194,Button,預覽補建 {selected.length} 筆,onClick={() => void preview()},,staff; exact grants require handler review,{busy || loading || !selected.length || !coverage?.trackingEnabled},UNCLASSIFIED; inspect before execution,,,C-35cbee2091,shared_caller_pending,S-35cbee2091,no,yes,BLOCKED,src/components/admin/whatsapp/WhatsappCoveragePanel.tsx:194,BLOCKED_EXTERNAL,no current rendered action execution,,not exercised in rendered session,,source-declared control; full handler chain not individually verified,not executed on current branch,not observed,"resolve rendered caller and actor/state; isolated role sessions, DB and synthetic browser; provider readback where applicable",NOT_TESTED,,
S-9f354e6582,SOURCE_CONTROL_OCCURRENCE,shared component; caller routes need runtime reconciliation,src/components/admin/whatsapp/WhatsappLinkWizard.tsx:490,Button,使用這次選擇,onClick={useIncoming},,staff; exact grants require handler review,{busy || !canReplace},UNCLASSIFIED; inspect before execution,,,C-9f354e6582,shared_caller_pending,S-9f354e6582,no,yes,BLOCKED,src/components/admin/whatsapp/WhatsappLinkWizard.tsx:490,BLOCKED_EXTERNAL,no current rendered action execution,,not exercised in rendered session,,source-declared control; full handler chain not individually verified,not executed on current branch,not observed,"resolve rendered caller and actor/state; isolated role sessions, DB and synthetic browser; provider readback where applicable",NOT_TESTED,,
S-60b8ea3236,SOURCE_CONTROL_OCCURRENCE,shared component; caller routes need runtime reconciliation,src/components/admin/whatsapp/WhatsappLinkWizard.tsx:502,input,dynamic/no static accessible name,"onChange={() => setMode(""sales"")}",,staff; exact grants require handler review,runtime role/state not reconciled,UNCLASSIFIED; inspect before execution,,,C-60b8ea3236,shared_caller_pending,S-60b8ea3236,no,yes,BLOCKED,src/components/admin/whatsapp/WhatsappLinkWizard.tsx:502,BLOCKED_EXTERNAL,no current rendered action execution,,not exercised in rendered session,,source-declared control; full handler chain not individually verified,not executed on current branch,not observed,"resolve rendered caller and actor/state; isolated role sessions, DB and synthetic browser; provider readback where applicable",NOT_TESTED,,
S-23f38c9af6,SOURCE_CONTROL_OCCURRENCE,shared component; caller routes need runtime reconciliation,src/components/admin/whatsapp/WhatsappLinkWizard.tsx:506,input,dynamic/no static accessible name,"onChange={() => setMode(""reception"")}",,staff; exact grants require handler review,runtime role/state not reconciled,UNCLASSIFIED; inspect before execution,,,C-23f38c9af6,shared_caller_pending,S-23f38c9af6,no,yes,BLOCKED,src/components/admin/whatsapp/WhatsappLinkWizard.tsx:506,BLOCKED_EXTERNAL,no current rendered action execution,,not exercised in rendered session,,source-declared control; full handler chain not individually verified,not executed on current branch,not observed,"resolve rendered caller and actor/state; isolated role sessions, DB and synthetic browser; provider readback where applicable",NOT_TESTED,,
S-3f86415c3f,SOURCE_CONTROL_OCCURRENCE,shared component; caller routes need runtime reconciliation,src/components/admin/whatsapp/WhatsappLinkWizard.tsx:515,WhatsappBatchImport,dynamic/no static accessible name,"onImported={(result) => {
                setImportedRows(result.rows);
                setImportSummary(result);
                setSelected(result.offers);
                setMode(""sales"");
                setRouting(""reception"");
                setVerified(false);
                setProgress(null);
                sessionStorage.removeItem(linkBatchProgressKey(actorScope));
                setIncomingPending(false);
                onSeedConsumed?.();
                setStep(2);
              }}",,staff; exact grants require handler review,{busy || !canReplace},UNCLASSIFIED; inspect before execution,,,C-3f86415c3f,shared_caller_pending,S-3f86415c3f,no,yes,BLOCKED,src/components/admin/whatsapp/WhatsappLinkWizard.tsx:515,BLOCKED_EXTERNAL,no current rendered action execution,,not exercised in rendered session,,source-declared control; full handler chain not individually verified,not executed on current branch,not observed,"resolve rendered caller and actor/state; isolated role sessions, DB and synthetic browser; provider readback where applicable",NOT_TESTED,,
S-aefed9b51f,SOURCE_CONTROL_OCCURRENCE,shared component; caller routes need runtime reconciliation,src/components/admin/whatsapp/WhatsappLinkWizard.tsx:534,form,dynamic/no static accessible name,"onSubmit={(event) => {
                  event.preventDefault();
                  void run(async () =>
                    setFound(
                      await searchWhatsappLinkOffers(
                        await withStaffAuthHeaders({ data: { q: query } }),
                      ),
                    ),
                  );
                }}",,staff; exact grants require handler review,runtime role/state not reconciled,UNCLASSIFIED; inspect before execution,,,C-aefed9b51f,shared_caller_pending,S-aefed9b51f,no,yes,BLOCKED,src/components/admin/whatsapp/WhatsappLinkWizard.tsx:534,BLOCKED_EXTERNAL,no current rendered action execution,,not exercised in rendered session,,source-declared control; full handler chain not individually verified,not executed on current branch,not observed,"resolve rendered caller and actor/state; isolated role sessions, DB and synthetic browser; provider readback where applicable",NOT_TESTED,,
S-43ddc98a0d,SOURCE_CONTROL_OCCURRENCE,shared component; caller routes need runtime reconciliation,src/components/admin/whatsapp/WhatsappLinkWizard.tsx:547,Input,"""搜尋公開樓編或物業""",onChange={(event) => setQuery(event.target.value)},,staff; exact grants require handler review,runtime role/state not reconciled,UNCLASSIFIED; inspect before execution,,,C-43ddc98a0d,shared_caller_pending,S-43ddc98a0d,no,yes,BLOCKED,src/components/admin/whatsapp/WhatsappLinkWizard.tsx:547,BLOCKED_EXTERNAL,no current rendered action execution,,not exercised in rendered session,,source-declared control; full handler chain not individually verified,not executed on current branch,not observed,"resolve rendered caller and actor/state; isolated role sessions, DB and synthetic browser; provider readback where applicable",NOT_TESTED,,
S-d3fe070937,SOURCE_CONTROL_OCCURRENCE,shared component; caller routes need runtime reconciliation,src/components/admin/whatsapp/WhatsappLinkWizard.tsx:553,Button,搜尋,,,staff; exact grants require handler review,{busy},local input/semantic wrapper,,,C-d3fe070937,shared_caller_pending,S-d3fe070937,no,yes,BLOCKED,src/components/admin/whatsapp/WhatsappLinkWizard.tsx:553,BLOCKED_EXTERNAL,no current rendered action execution,,not exercised in rendered session,,source-declared control; full handler chain not individually verified,not executed on current branch,not observed,"resolve rendered caller and actor/state; isolated role sessions, DB and synthetic browser; provider readback where applicable",NOT_TESTED,,
S-fef9b97e8f,SOURCE_CONTROL_OCCURRENCE,shared component; caller routes need runtime reconciliation,src/components/admin/whatsapp/WhatsappLinkWizard.tsx:559,input,dynamic/no static accessible name,onChange={() => toggle(offer)},,staff; exact grants require handler review,runtime role/state not reconciled,UNCLASSIFIED; inspect before execution,,,C-fef9b97e8f,shared_caller_pending,S-fef9b97e8f,no,yes,BLOCKED,src/components/admin/whatsapp/WhatsappLinkWizard.tsx:559,BLOCKED_EXTERNAL,no current rendered action execution,,not exercised in rendered session,,source-declared control; full handler chain not individually verified,not executed on current branch,not observed,"resolve rendered caller and actor/state; isolated role sessions, DB and synthetic browser; provider readback where applicable",NOT_TESTED,,
S-504d013d60,SOURCE_CONTROL_OCCURRENCE,shared component; caller routes need runtime reconciliation,src/components/admin/whatsapp/WhatsappLinkWizard.tsx:576,button,移除,onClick={() => toggle(offer)},,staff; exact grants require handler review,runtime role/state not reconciled,UNCLASSIFIED; inspect before execution,,,C-504d013d60,shared_caller_pending,S-504d013d60,no,yes,BLOCKED,src/components/admin/whatsapp/WhatsappLinkWizard.tsx:576,BLOCKED_EXTERNAL,no current rendered action execution,,not exercised in rendered session,,source-declared control; full handler chain not individually verified,not executed on current branch,not observed,"resolve rendered caller and actor/state; isolated role sessions, DB and synthetic browser; provider readback where applicable",NOT_TESTED,,
S-459bda33c9,SOURCE_CONTROL_OCCURRENCE,shared component; caller routes need runtime reconciliation,src/components/admin/whatsapp/WhatsappLinkWizard.tsx:588,Button,下一步：來源,onClick={() => setStep(2)},,staff; exact grants require handler review,"{busy || (mode === ""sales"" && !selected.length)}",UNCLASSIFIED; inspect before execution,,,C-459bda33c9,shared_caller_pending,S-459bda33c9,no,yes,BLOCKED,src/components/admin/whatsapp/WhatsappLinkWizard.tsx:588,BLOCKED_EXTERNAL,no current rendered action execution,,not exercised in rendered session,,source-declared control; full handler chain not individually verified,not executed on current branch,not observed,"resolve rendered caller and actor/state; isolated role sessions, DB and synthetic browser; provider readback where applicable",NOT_TESTED,,
S-c27f0502d1,SOURCE_CONTROL_OCCURRENCE,shared component; caller routes need runtime reconciliation,src/components/admin/whatsapp/WhatsappLinkWizard.tsx:606,Button,移除匯入批次,"onClick={() => {
                  setImportedRows(null);
                  setImportSummary(null);
                  setSelected([]);
                  setImportedRows(null);
                  setImportSummary(null);
                  setStep(1);
                }}",,staff; exact grants require handler review,runtime role/state not reconciled,UNCLASSIFIED; inspect before execution,,,C-c27f0502d1,shared_caller_pending,S-c27f0502d1,no,yes,BLOCKED,src/components/admin/whatsapp/WhatsappLinkWizard.tsx:606,BLOCKED_EXTERNAL,no current rendered action execution,,not exercised in rendered session,,source-declared control; full handler chain not individually verified,not executed on current branch,not observed,"resolve rendered caller and actor/state; isolated role sessions, DB and synthetic browser; provider readback where applicable",NOT_TESTED,,
S-b421a18e05,SOURCE_CONTROL_OCCURRENCE,shared component; caller routes need runtime reconciliation,src/components/admin/whatsapp/WhatsappLinkWizard.tsx:626,input,dynamic/no static accessible name,"onChange={(event) =>
                        setSources((current) =>
                          event.target.checked
                            ? [...current, option]
                            : current.filter((item) => item !== option),
                        )
                      }",,staff; exact grants require handler review,runtime role/state not reconciled,UNCLASSIFIED; inspect before execution,,,C-b421a18e05,shared_caller_pending,S-b421a18e05,no,yes,BLOCKED,src/components/admin/whatsapp/WhatsappLinkWizard.tsx:626,BLOCKED_EXTERNAL,no current rendered action execution,,not exercised in rendered session,,source-declared control; full handler chain not individually verified,not executed on current branch,not observed,"resolve rendered caller and actor/state; isolated role sessions, DB and synthetic browser; provider readback where applicable",NOT_TESTED,,
S-f1a5ac5b4c,SOURCE_CONTROL_OCCURRENCE,shared component; caller routes need runtime reconciliation,src/components/admin/whatsapp/WhatsappLinkWizard.tsx:652,Input,dynamic/no static accessible name,"onChange={(event) =>
                            setPlacement((current) => ({
                              ...current,
                              [offer.propertyId + "":"" + item]: event.target.value,
                            }))
                          }",,staff; exact grants require handler review,runtime role/state not reconciled,UNCLASSIFIED; inspect before execution,,,C-f1a5ac5b4c,shared_caller_pending,S-f1a5ac5b4c,no,yes,BLOCKED,src/components/admin/whatsapp/WhatsappLinkWizard.tsx:652,BLOCKED_EXTERNAL,no current rendered action execution,,not exercised in rendered session,,source-declared control; full handler chain not individually verified,not executed on current branch,not observed,"resolve rendered caller and actor/state; isolated role sessions, DB and synthetic browser; provider readback where applicable",NOT_TESTED,,
S-f7c58a9671,SOURCE_CONTROL_OCCURRENCE,shared component; caller routes need runtime reconciliation,src/components/admin/whatsapp/WhatsappLinkWizard.tsx:690,select,dynamic/no static accessible name,"onChange={(event) => {
                    setSource(event.target.value as Source);
                    setPlacement({});
                  }}",,staff; exact grants require handler review,runtime role/state not reconciled,UNCLASSIFIED; inspect before execution,,,C-f7c58a9671,shared_caller_pending,S-f7c58a9671,no,yes,BLOCKED,src/components/admin/whatsapp/WhatsappLinkWizard.tsx:690,BLOCKED_EXTERNAL,no current rendered action execution,,not exercised in rendered session,,source-declared control; full handler chain not individually verified,not executed on current branch,not observed,"resolve rendered caller and actor/state; isolated role sessions, DB and synthetic browser; provider readback where applicable",NOT_TESTED,,
S-cf6af21320,SOURCE_CONTROL_OCCURRENCE,shared component; caller routes need runtime reconciliation,src/components/admin/whatsapp/WhatsappLinkWizard.tsx:707,Input,dynamic/no static accessible name,"onChange={(event) =>
                      setPlacement((current) => ({
                        ...current,
                        reception: event.target.value,
                      }))
                    }",,staff; exact grants require handler review,runtime role/state not reconciled,UNCLASSIFIED; inspect before execution,,,C-cf6af21320,shared_caller_pending,S-cf6af21320,no,yes,BLOCKED,src/components/admin/whatsapp/WhatsappLinkWizard.tsx:707,BLOCKED_EXTERNAL,no current rendered action execution,,not exercised in rendered session,,source-declared control; full handler chain not individually verified,not executed on current branch,not observed,"resolve rendered caller and actor/state; isolated role sessions, DB and synthetic browser; provider readback where applicable",NOT_TESTED,,
S-3babc09705,SOURCE_CONTROL_OCCURRENCE,shared component; caller routes need runtime reconciliation,src/components/admin/whatsapp/WhatsappLinkWizard.tsx:721,input,dynamic/no static accessible name,onChange={(event) => setVerified(event.target.checked)},,staff; exact grants require handler review,runtime role/state not reconciled,UNCLASSIFIED; inspect before execution,,,C-3babc09705,shared_caller_pending,S-3babc09705,no,yes,BLOCKED,src/components/admin/whatsapp/WhatsappLinkWizard.tsx:721,BLOCKED_EXTERNAL,no current rendered action execution,,not exercised in rendered session,,source-declared control; full handler chain not individually verified,not executed on current branch,not observed,"resolve rendered caller and actor/state; isolated role sessions, DB and synthetic browser; provider readback where applicable",NOT_TESTED,,
S-10c6398033,SOURCE_CONTROL_OCCURRENCE,shared component; caller routes need runtime reconciliation,src/components/admin/whatsapp/WhatsappLinkWizard.tsx:730,Button,上一步,onClick={() => setStep(1)},,staff; exact grants require handler review,runtime role/state not reconciled,UNCLASSIFIED; inspect before execution,,,C-10c6398033,shared_caller_pending,S-10c6398033,no,yes,BLOCKED,src/components/admin/whatsapp/WhatsappLinkWizard.tsx:730,BLOCKED_EXTERNAL,no current rendered action execution,,not exercised in rendered session,,source-declared control; full handler chain not individually verified,not executed on current branch,not observed,"resolve rendered caller and actor/state; isolated role sessions, DB and synthetic browser; provider readback where applicable",NOT_TESTED,,
S-dcc17302f4,SOURCE_CONTROL_OCCURRENCE,shared component; caller routes need runtime reconciliation,src/components/admin/whatsapp/WhatsappLinkWizard.tsx:733,Button,下一步：跟進,onClick={() => setStep(3)},,staff; exact grants require handler review,runtime role/state not reconciled,UNCLASSIFIED; inspect before execution,,,C-dcc17302f4,shared_caller_pending,S-dcc17302f4,no,yes,BLOCKED,src/components/admin/whatsapp/WhatsappLinkWizard.tsx:733,BLOCKED_EXTERNAL,no current rendered action execution,,not exercised in rendered session,,source-declared control; full handler chain not individually verified,not executed on current branch,not observed,"resolve rendered caller and actor/state; isolated role sessions, DB and synthetic browser; provider readback where applicable",NOT_TESTED,,
S-adcd7358b7,SOURCE_CONTROL_OCCURRENCE,shared component; caller routes need runtime reconciliation,src/components/admin/whatsapp/WhatsappLinkWizard.tsx:747,select,"{mode === ""sales"" ? ( <option value=""property-agent"">跟樓盤已指派代理</option> ) : null} {mode === ""sales"" ? <option value=""per-row"">逐行指定同事</option> : null}",onChange={(event) => setRouting(event.target.value as Routing)},,staff; exact grants require handler review,runtime role/state not reconciled,UNCLASSIFIED; inspect before execution,,,C-adcd7358b7,shared_caller_pending,S-adcd7358b7,no,yes,BLOCKED,src/components/admin/whatsapp/WhatsappLinkWizard.tsx:747,BLOCKED_EXTERNAL,no current rendered action execution,,not exercised in rendered session,,source-declared control; full handler chain not individually verified,not executed on current branch,not observed,"resolve rendered caller and actor/state; isolated role sessions, DB and synthetic browser; provider readback where applicable",NOT_TESTED,,
S-ab0a05467d,SOURCE_CONTROL_OCCURRENCE,shared component; caller routes need runtime reconciliation,src/components/admin/whatsapp/WhatsappLinkWizard.tsx:773,select,{agents .filter((agent) => agent.active !== false) .map((agent) => ( <option key={agent.id} value={agent.id}> {agent.name ?? agent.email ?? agent.id} ,onChange={(event) => setStaffId(event.target.value)},,staff; exact grants require handler review,runtime role/state not reconciled,UNCLASSIFIED; inspect before execution,,,C-ab0a05467d,shared_caller_pending,S-ab0a05467d,no,yes,BLOCKED,src/components/admin/whatsapp/WhatsappLinkWizard.tsx:773,BLOCKED_EXTERNAL,no current rendered action execution,,not exercised in rendered session,,source-declared control; full handler chain not individually verified,not executed on current branch,not observed,"resolve rendered caller and actor/state; isolated role sessions, DB and synthetic browser; provider readback where applicable",NOT_TESTED,,
S-2d71f2e579,SOURCE_CONTROL_OCCURRENCE,shared component; caller routes need runtime reconciliation,src/components/admin/whatsapp/WhatsappLinkWizard.tsx:794,select,{agents .filter((agent) => agent.active !== false) .map((agent) => ( <option key={agent.id} value={agent.id}> {agent.name ?? agent.email ?? agent.id} ,"onChange={(event) =>
                          setPerRowStaff((current) => ({
                            ...current,
                            [offer.propertyId]: event.target.value,
                          }))
                        }",,staff; exact grants require handler review,runtime role/state not reconciled,UNCLASSIFIED; inspect before execution,,,C-2d71f2e579,shared_caller_pending,S-2d71f2e579,no,yes,BLOCKED,src/components/admin/whatsapp/WhatsappLinkWizard.tsx:794,BLOCKED_EXTERNAL,no current rendered action execution,,not exercised in rendered session,,source-declared control; full handler chain not individually verified,not executed on current branch,not observed,"resolve rendered caller and actor/state; isolated role sessions, DB and synthetic browser; provider readback where applicable",NOT_TESTED,,
S-726c889f86,SOURCE_CONTROL_OCCURRENCE,shared component; caller routes need runtime reconciliation,src/components/admin/whatsapp/WhatsappLinkWizard.tsx:823,Button,上一步,onClick={() => setStep(2)},,staff; exact grants require handler review,runtime role/state not reconciled,UNCLASSIFIED; inspect before execution,,,C-726c889f86,shared_caller_pending,S-726c889f86,no,yes,BLOCKED,src/components/admin/whatsapp/WhatsappLinkWizard.tsx:823,BLOCKED_EXTERNAL,no current rendered action execution,,not exercised in rendered session,,source-declared control; full handler chain not individually verified,not executed on current branch,not observed,"resolve rendered caller and actor/state; isolated role sessions, DB and synthetic browser; provider readback where applicable",NOT_TESTED,,
S-a5a4619f67,SOURCE_CONTROL_OCCURRENCE,shared component; caller routes need runtime reconciliation,src/components/admin/whatsapp/WhatsappLinkWizard.tsx:826,Button,預覽核對,onClick={() => void run(dryRun)},,staff; exact grants require handler review,{busy},UNCLASSIFIED; inspect before execution,,,C-a5a4619f67,shared_caller_pending,S-a5a4619f67,no,yes,BLOCKED,src/components/admin/whatsapp/WhatsappLinkWizard.tsx:826,BLOCKED_EXTERNAL,no current rendered action execution,,not exercised in rendered session,,source-declared control; full handler chain not individually verified,not executed on current branch,not observed,"resolve rendered caller and actor/state; isolated role sessions, DB and synthetic browser; provider readback where applicable",NOT_TESTED,,
S-e93a09bc24,SOURCE_CONTROL_OCCURRENCE,shared component; caller routes need runtime reconciliation,src/components/admin/whatsapp/WhatsappLinkWizard.tsx:863,input,dynamic/no static accessible name,"onChange={(event) =>
                            setSelectedEligible((current) =>
                              event.target.checked
                                ? [...current, row.rowKey]
                                : current.filter((key) => key !== row.rowKey),
                            )
                          }",,staff; exact grants require handler review,runtime role/state not reconciled,UNCLASSIFIED; inspect before execution,,,C-e93a09bc24,shared_caller_pending,S-e93a09bc24,no,yes,BLOCKED,src/components/admin/whatsapp/WhatsappLinkWizard.tsx:863,BLOCKED_EXTERNAL,no current rendered action execution,,not exercised in rendered session,,source-declared control; full handler chain not individually verified,not executed on current branch,not observed,"resolve rendered caller and actor/state; isolated role sessions, DB and synthetic browser; provider readback where applicable",NOT_TESTED,,
S-b1125d5371,SOURCE_CONTROL_OCCURRENCE,shared component; caller routes need runtime reconciliation,src/components/admin/whatsapp/WhatsappLinkWizard.tsx:880,Input,dynamic/no static accessible name,"onChange={(event) =>
                        patchRepairRow(row.rowKey, { placementId: event.target.value })
                      }",,staff; exact grants require handler review,runtime role/state not reconciled,UNCLASSIFIED; inspect before execution,,,C-b1125d5371,shared_caller_pending,S-b1125d5371,no,yes,BLOCKED,src/components/admin/whatsapp/WhatsappLinkWizard.tsx:880,BLOCKED_EXTERNAL,no current rendered action execution,,not exercised in rendered session,,source-declared control; full handler chain not individually verified,not executed on current branch,not observed,"resolve rendered caller and actor/state; isolated role sessions, DB and synthetic browser; provider readback where applicable",NOT_TESTED,,
S-3948ff62e9,SOURCE_CONTROL_OCCURRENCE,shared component; caller routes need runtime reconciliation,src/components/admin/whatsapp/WhatsappLinkWizard.tsx:890,select,dynamic/no static accessible name,"onChange={(event) =>
                          patchRepairRow(row.rowKey, {
                            placementSource: event.target.value as Source,
                          })
                        }",,staff; exact grants require handler review,runtime role/state not reconciled,UNCLASSIFIED; inspect before execution,,,C-3948ff62e9,shared_caller_pending,S-3948ff62e9,no,yes,BLOCKED,src/components/admin/whatsapp/WhatsappLinkWizard.tsx:890,BLOCKED_EXTERNAL,no current rendered action execution,,not exercised in rendered session,,source-declared control; full handler chain not individually verified,not executed on current branch,not observed,"resolve rendered caller and actor/state; isolated role sessions, DB and synthetic browser; provider readback where applicable",NOT_TESTED,,
S-e07e0a9f67,SOURCE_CONTROL_OCCURRENCE,shared component; caller routes need runtime reconciliation,src/components/admin/whatsapp/WhatsappLinkWizard.tsx:907,select,{agents .filter((agent) => agent.active !== false) .map((agent) => ( <option key={agent.id} value={agent.id}> {agent.name ?? agent.email ?? agent.id} ,"onChange={(event) =>
                          patchRepairRow(row.rowKey, {
                            requestedStaffId: event.target.value || null,
                          })
                        }",,staff; exact grants require handler review,runtime role/state not reconciled,UNCLASSIFIED; inspect before execution,,,C-e07e0a9f67,shared_caller_pending,S-e07e0a9f67,no,yes,BLOCKED,src/components/admin/whatsapp/WhatsappLinkWizard.tsx:907,BLOCKED_EXTERNAL,no current rendered action execution,,not exercised in rendered session,,source-declared control; full handler chain not individually verified,not executed on current branch,not observed,"resolve rendered caller and actor/state; isolated role sessions, DB and synthetic browser; provider readback where applicable",NOT_TESTED,,
S-30ae6cc3f5,SOURCE_CONTROL_OCCURRENCE,shared component; caller routes need runtime reconciliation,src/components/admin/whatsapp/WhatsappLinkWizard.tsx:928,input,dynamic/no static accessible name,"onChange={(event) =>
                        patchRepairRow(row.rowKey, {
                          placementVerified: event.target.checked,
                        })
                      }",,staff; exact grants require handler review,runtime role/state not reconciled,UNCLASSIFIED; inspect before execution,,,C-30ae6cc3f5,shared_caller_pending,S-30ae6cc3f5,no,yes,BLOCKED,src/components/admin/whatsapp/WhatsappLinkWizard.tsx:928,BLOCKED_EXTERNAL,no current rendered action execution,,not exercised in rendered session,,source-declared control; full handler chain not individually verified,not executed on current branch,not observed,"resolve rendered caller and actor/state; isolated role sessions, DB and synthetic browser; provider readback where applicable",NOT_TESTED,,
S-6b4f6c75c5,SOURCE_CONTROL_OCCURRENCE,shared component; caller routes need runtime reconciliation,src/components/admin/whatsapp/WhatsappLinkWizard.tsx:954,Button,修改設定,onClick={modifySettings},,staff; exact grants require handler review,{busy || !canReplace},UNCLASSIFIED; inspect before execution,,,C-6b4f6c75c5,shared_caller_pending,S-6b4f6c75c5,no,yes,BLOCKED,src/components/admin/whatsapp/WhatsappLinkWizard.tsx:954,BLOCKED_EXTERNAL,no current rendered action execution,,not exercised in rendered session,,source-declared control; full handler chain not individually verified,not executed on current branch,not observed,"resolve rendered caller and actor/state; isolated role sessions, DB and synthetic browser; provider readback where applicable",NOT_TESTED,,
S-961b10f92b,SOURCE_CONTROL_OCCURRENCE,shared component; caller routes need runtime reconciliation,src/components/admin/whatsapp/WhatsappLinkWizard.tsx:957,Button,修正 Haze 設定,onClick={() => void run(async () => returnToSettings())},,staff; exact grants require handler review,{busy || !canReplace},UNCLASSIFIED; inspect before execution,,,C-961b10f92b,shared_caller_pending,S-961b10f92b,no,yes,BLOCKED,src/components/admin/whatsapp/WhatsappLinkWizard.tsx:957,BLOCKED_EXTERNAL,no current rendered action execution,,not exercised in rendered session,,source-declared control; full handler chain not individually verified,not executed on current branch,not observed,"resolve rendered caller and actor/state; isolated role sessions, DB and synthetic browser; provider readback where applicable",NOT_TESTED,,
S-0d8cd01dc2,SOURCE_CONTROL_OCCURRENCE,shared component; caller routes need runtime reconciliation,src/components/admin/whatsapp/WhatsappLinkWizard.tsx:964,Button,重新預覽修正,onClick={() => void run(() => previewEdited(repairRows ?? progress.rows))},,staff; exact grants require handler review,{busy || !previewDirty},UNCLASSIFIED; inspect before execution,,,C-0d8cd01dc2,shared_caller_pending,S-0d8cd01dc2,no,yes,BLOCKED,src/components/admin/whatsapp/WhatsappLinkWizard.tsx:964,BLOCKED_EXTERNAL,no current rendered action execution,,not exercised in rendered session,,source-declared control; full handler chain not individually verified,not executed on current branch,not observed,"resolve rendered caller and actor/state; isolated role sessions, DB and synthetic browser; provider readback where applicable",NOT_TESTED,,
S-87cc488562,SOURCE_CONTROL_OCCURRENCE,shared component; caller routes need runtime reconciliation,src/components/admin/whatsapp/WhatsappLinkWizard.tsx:979,input,dynamic/no static accessible name,onChange={(event) => setConfirmSubset(event.target.checked)},,staff; exact grants require handler review,runtime role/state not reconciled,UNCLASSIFIED; inspect before execution,,,C-87cc488562,shared_caller_pending,S-87cc488562,no,yes,BLOCKED,src/components/admin/whatsapp/WhatsappLinkWizard.tsx:979,BLOCKED_EXTERNAL,no current rendered action execution,,not exercised in rendered session,,source-declared control; full handler chain not individually verified,not executed on current branch,not observed,"resolve rendered caller and actor/state; isolated role sessions, DB and synthetic browser; provider readback where applicable",NOT_TESTED,,
S-243bdb648e,SOURCE_CONTROL_OCCURRENCE,shared component; caller routes need runtime reconciliation,src/components/admin/whatsapp/WhatsappLinkWizard.tsx:986,Button,只提交已核對的合格行：先重新預覽,onClick={() => void run(previewSubset)},,staff; exact grants require handler review,{busy || previewDirty || !confirmSubset || !selectedEligible.length},UNCLASSIFIED; inspect before execution,,,C-243bdb648e,shared_caller_pending,S-243bdb648e,no,yes,BLOCKED,src/components/admin/whatsapp/WhatsappLinkWizard.tsx:986,BLOCKED_EXTERNAL,no current rendered action execution,,not exercised in rendered session,,source-declared control; full handler chain not individually verified,not executed on current branch,not observed,"resolve rendered caller and actor/state; isolated role sessions, DB and synthetic browser; provider readback where applicable",NOT_TESTED,,
S-4c195098ef,SOURCE_CONTROL_OCCURRENCE,shared component; caller routes need runtime reconciliation,src/components/admin/whatsapp/WhatsappLinkWizard.tsx:994,Button,確認建立 {progress.rows.length} 筆,onClick={() => void run(submit)},,staff; exact grants require handler review,{busy || previewDirty || progress.preview.counts.blocked > 0},UNCLASSIFIED; inspect before execution,,,C-4c195098ef,shared_caller_pending,S-4c195098ef,no,yes,BLOCKED,src/components/admin/whatsapp/WhatsappLinkWizard.tsx:994,BLOCKED_EXTERNAL,no current rendered action execution,,not exercised in rendered session,,source-declared control; full handler chain not individually verified,not executed on current branch,not observed,"resolve rendered caller and actor/state; isolated role sessions, DB and synthetic browser; provider readback where applicable",NOT_TESTED,,
S-0a7d56ac6a,SOURCE_CONTROL_OCCURRENCE,shared component; caller routes need runtime reconciliation,src/components/admin/whatsapp/WhatsappLinkWizard.tsx:1006,Button,查回伺服器結果,onClick={() => void run(recover)},,staff; exact grants require handler review,{busy},UNCLASSIFIED; inspect before execution,,,C-0a7d56ac6a,shared_caller_pending,S-0a7d56ac6a,no,yes,BLOCKED,src/components/admin/whatsapp/WhatsappLinkWizard.tsx:1006,BLOCKED_EXTERNAL,no current rendered action execution,,not exercised in rendered session,,source-declared control; full handler chain not individually verified,not executed on current branch,not observed,"resolve rendered caller and actor/state; isolated role sessions, DB and synthetic browser; provider readback where applicable",NOT_TESTED,,
S-031c6e4de7,SOURCE_CONTROL_OCCURRENCE,shared component; caller routes need runtime reconciliation,src/components/admin/whatsapp/WhatsappLinkWizard.tsx:1010,Button,繼續同一批次,onClick={() => void run(submit)},,staff; exact grants require handler review,"{busy || progress.completed.some((chunk) => chunk.state === ""rejected"")}",UNCLASSIFIED; inspect before execution,,,C-031c6e4de7,shared_caller_pending,S-031c6e4de7,no,yes,BLOCKED,src/components/admin/whatsapp/WhatsappLinkWizard.tsx:1010,BLOCKED_EXTERNAL,no current rendered action execution,,not exercised in rendered session,,source-declared control; full handler chain not individually verified,not executed on current branch,not observed,"resolve rendered caller and actor/state; isolated role sessions, DB and synthetic browser; provider readback where applicable",NOT_TESTED,,
S-fbe1520a74,SOURCE_CONTROL_OCCURRENCE,shared component; caller routes need runtime reconciliation,src/components/admin/whatsapp/WhatsappLinkWizard.tsx:1018,Button,只修正已知失敗的 {knownFailedBatchRows(progress).length} 行,"onClick={() => {
                  const failed = knownFailedBatchRows(progress);
                  setImportedRows(failed);
                  setSelected([]);
                  setVerified(false);
                  sessionStorage.removeItem(linkBatchProgressKey(actorScope));
                  setProgress(null);
                  setStep(2);
                }}",,staff; exact grants require handler review,{busy},UNCLASSIFIED; inspect before execution,,,C-fbe1520a74,shared_caller_pending,S-fbe1520a74,no,yes,BLOCKED,src/components/admin/whatsapp/WhatsappLinkWizard.tsx:1018,BLOCKED_EXTERNAL,no current rendered action execution,,not exercised in rendered session,,source-declared control; full handler chain not individually verified,not executed on current branch,not observed,"resolve rendered caller and actor/state; isolated role sessions, DB and synthetic browser; provider readback where applicable",NOT_TESTED,,
S-fa34c7af19,SOURCE_CONTROL_OCCURRENCE,shared component; caller routes need runtime reconciliation,src/components/admin/whatsapp/WhatsappLinkWizard.tsx:1035,Button,開始新批次,"onClick={() => {
                  sessionStorage.removeItem(linkBatchProgressKey(actorScope));
                  setProgress(null);
                  setSelected([]);
                  setStep(1);
                }}",,staff; exact grants require handler review,{busy},UNCLASSIFIED; inspect before execution,,,C-fa34c7af19,shared_caller_pending,S-fa34c7af19,no,yes,BLOCKED,src/components/admin/whatsapp/WhatsappLinkWizard.tsx:1035,BLOCKED_EXTERNAL,no current rendered action execution,,not exercised in rendered session,,source-declared control; full handler chain not individually verified,not executed on current branch,not observed,"resolve rendered caller and actor/state; isolated role sessions, DB and synthetic browser; provider readback where applicable",NOT_TESTED,,
S-c7d9366e26,SOURCE_CONTROL_OCCURRENCE,shared component; caller routes need runtime reconciliation,src/components/admin/whatsapp/WhatsappLinksTable.tsx:178,form,dynamic/no static accessible name,"onSubmit={(event) => {
            event.preventDefault();
            updateFilter({ ...filter, q: draftQ.trim() || undefined });
          }}",,staff; exact grants require handler review,runtime role/state not reconciled,UNCLASSIFIED; inspect before execution,,,C-c7d9366e26,shared_caller_pending,S-c7d9366e26,no,yes,BLOCKED,src/components/admin/whatsapp/WhatsappLinksTable.tsx:178,BLOCKED_EXTERNAL,no current rendered action execution,,not exercised in rendered session,,source-declared control; full handler chain not individually verified,not executed on current branch,not observed,"resolve rendered caller and actor/state; isolated role sessions, DB and synthetic browser; provider readback where applicable",NOT_TESTED,,
S-ca8ed569d3,SOURCE_CONTROL_OCCURRENCE,shared component; caller routes need runtime reconciliation,src/components/admin/whatsapp/WhatsappLinksTable.tsx:185,Input,"""搜尋連結或公開樓編""",onChange={(event) => setDraftQ(event.target.value)},,staff; exact grants require handler review,runtime role/state not reconciled,UNCLASSIFIED; inspect before execution,,,C-ca8ed569d3,shared_caller_pending,S-ca8ed569d3,no,yes,BLOCKED,src/components/admin/whatsapp/WhatsappLinksTable.tsx:185,BLOCKED_EXTERNAL,no current rendered action execution,,not exercised in rendered session,,source-declared control; full handler chain not individually verified,not executed on current branch,not observed,"resolve rendered caller and actor/state; isolated role sessions, DB and synthetic browser; provider readback where applicable",NOT_TESTED,,
S-cc31fb9417,SOURCE_CONTROL_OCCURRENCE,shared component; caller routes need runtime reconciliation,src/components/admin/whatsapp/WhatsappLinksTable.tsx:191,Button,搜尋,,,staff; exact grants require handler review,{busy},local input/semantic wrapper,,,C-cc31fb9417,shared_caller_pending,S-cc31fb9417,no,yes,BLOCKED,src/components/admin/whatsapp/WhatsappLinksTable.tsx:191,BLOCKED_EXTERNAL,no current rendered action execution,,not exercised in rendered session,,source-declared control; full handler chain not individually verified,not executed on current branch,not observed,"resolve rendered caller and actor/state; isolated role sessions, DB and synthetic browser; provider readback where applicable",NOT_TESTED,,
S-d41fd7acec,SOURCE_CONTROL_OCCURRENCE,shared component; caller routes need runtime reconciliation,src/components/admin/whatsapp/WhatsappLinksTable.tsx:195,select,dynamic/no static accessible name,"onChange={(event) =>
              updateFilter({
                ...filter,
                source: event.target.value
                  ? (event.target.value as LinkPageFilter[""source""])
                  : undefined,
              })
            }",,staff; exact grants require handler review,runtime role/state not reconciled,UNCLASSIFIED; inspect before execution,,,C-d41fd7acec,shared_caller_pending,S-d41fd7acec,no,yes,BLOCKED,src/components/admin/whatsapp/WhatsappLinksTable.tsx:195,BLOCKED_EXTERNAL,no current rendered action execution,,not exercised in rendered session,,source-declared control; full handler chain not individually verified,not executed on current branch,not observed,"resolve rendered caller and actor/state; isolated role sessions, DB and synthetic browser; provider readback where applicable",NOT_TESTED,,
S-bfe52eb8cc,SOURCE_CONTROL_OCCURRENCE,shared component; caller routes need runtime reconciliation,src/components/admin/whatsapp/WhatsappLinksTable.tsx:216,select,{staff.map((person) => ( <option key={person.id} value={person.id}> {person.name ?? person.email ?? person.id} </option> ))},"onChange={(event) =>
              updateFilter({ ...filter, staffId: event.target.value || undefined })
            }",,staff; exact grants require handler review,runtime role/state not reconciled,UNCLASSIFIED; inspect before execution,,,C-bfe52eb8cc,shared_caller_pending,S-bfe52eb8cc,no,yes,BLOCKED,src/components/admin/whatsapp/WhatsappLinksTable.tsx:216,BLOCKED_EXTERNAL,no current rendered action execution,,not exercised in rendered session,,source-declared control; full handler chain not individually verified,not executed on current branch,not observed,"resolve rendered caller and actor/state; isolated role sessions, DB and synthetic browser; provider readback where applicable",NOT_TESTED,,
S-7b1ff940ff,SOURCE_CONTROL_OCCURRENCE,shared component; caller routes need runtime reconciliation,src/components/admin/whatsapp/WhatsappLinksTable.tsx:233,select,dynamic/no static accessible name,"onChange={(event) =>
              updateFilter({
                ...filter,
                enabled: event.target.value === """" ? undefined : event.target.value === ""true"",
              })
            }",,staff; exact grants require handler review,runtime role/state not reconciled,UNCLASSIFIED; inspect before execution,,,C-7b1ff940ff,shared_caller_pending,S-7b1ff940ff,no,yes,BLOCKED,src/components/admin/whatsapp/WhatsappLinksTable.tsx:233,BLOCKED_EXTERNAL,no current rendered action execution,,not exercised in rendered session,,source-declared control; full handler chain not individually verified,not executed on current branch,not observed,"resolve rendered caller and actor/state; isolated role sessions, DB and synthetic browser; provider readback where applicable",NOT_TESTED,,
S-8cba327555,SOURCE_CONTROL_OCCURRENCE,shared component; caller routes need runtime reconciliation,src/components/admin/whatsapp/WhatsappLinksTable.tsx:250,select,dynamic/no static accessible name,"onChange={(event) =>
              updateFilter({ ...filter, pageSize: Number(event.target.value) as 25 | 50 | 100 })
            }",,staff; exact grants require handler review,runtime role/state not reconciled,UNCLASSIFIED; inspect before execution,,,C-8cba327555,shared_caller_pending,S-8cba327555,no,yes,BLOCKED,src/components/admin/whatsapp/WhatsappLinksTable.tsx:250,BLOCKED_EXTERNAL,no current rendered action execution,,not exercised in rendered session,,source-declared control; full handler chain not individually verified,not executed on current branch,not observed,"resolve rendered caller and actor/state; isolated role sessions, DB and synthetic browser; provider readback where applicable",NOT_TESTED,,
S-f420bf4b4b,SOURCE_CONTROL_OCCURRENCE,shared component; caller routes need runtime reconciliation,src/components/admin/whatsapp/WhatsappLinksTable.tsx:266,button,重新載入,onClick={reload},,staff; exact grants require handler review,runtime role/state not reconciled,UNCLASSIFIED; inspect before execution,,,C-f420bf4b4b,shared_caller_pending,S-f420bf4b4b,no,yes,BLOCKED,src/components/admin/whatsapp/WhatsappLinksTable.tsx:266,BLOCKED_EXTERNAL,no current rendered action execution,,not exercised in rendered session,,source-declared control; full handler chain not individually verified,not executed on current branch,not observed,"resolve rendered caller and actor/state; isolated role sessions, DB and synthetic browser; provider readback where applicable",NOT_TESTED,,
S-7ac9748cbb,SOURCE_CONTROL_OCCURRENCE,shared component; caller routes need runtime reconciliation,src/components/admin/whatsapp/WhatsappLinksTable.tsx:279,Input,dynamic/no static accessible name,onFocus={(event) => event.target.select()},,staff; exact grants require handler review,runtime role/state not reconciled,UNCLASSIFIED; inspect before execution,,,C-7ac9748cbb,shared_caller_pending,S-7ac9748cbb,no,yes,BLOCKED,src/components/admin/whatsapp/WhatsappLinksTable.tsx:279,BLOCKED_EXTERNAL,no current rendered action execution,,not exercised in rendered session,,source-declared control; full handler chain not individually verified,not executed on current branch,not observed,"resolve rendered caller and actor/state; isolated role sessions, DB and synthetic browser; provider readback where applicable",NOT_TESTED,,
S-b2928ed0de,SOURCE_CONTROL_OCCURRENCE,shared component; caller routes need runtime reconciliation,src/components/admin/whatsapp/WhatsappLinksTable.tsx:286,Button,匯出已選,"onClick={() => void run(() => exportRows(""selected""))}",,staff; exact grants require handler review,{busy || selected.length === 0},UNCLASSIFIED; inspect before execution,,,C-b2928ed0de,shared_caller_pending,S-b2928ed0de,no,yes,BLOCKED,src/components/admin/whatsapp/WhatsappLinksTable.tsx:286,BLOCKED_EXTERNAL,no current rendered action execution,,not exercised in rendered session,,source-declared control; full handler chain not individually verified,not executed on current branch,not observed,"resolve rendered caller and actor/state; isolated role sessions, DB and synthetic browser; provider readback where applicable",NOT_TESTED,,
S-019f403498,SOURCE_CONTROL_OCCURRENCE,shared component; caller routes need runtime reconciliation,src/components/admin/whatsapp/WhatsappLinksTable.tsx:293,Button,匯出全部符合篩選,"onClick={() => void run(() => exportRows(""all""))}",,staff; exact grants require handler review,{busy || !page?.total},UNCLASSIFIED; inspect before execution,,,C-019f403498,shared_caller_pending,S-019f403498,no,yes,BLOCKED,src/components/admin/whatsapp/WhatsappLinksTable.tsx:293,BLOCKED_EXTERNAL,no current rendered action execution,,not exercised in rendered session,,source-declared control; full handler chain not individually verified,not executed on current branch,not observed,"resolve rendered caller and actor/state; isolated role sessions, DB and synthetic browser; provider readback where applicable",NOT_TESTED,,
S-adcd0c766e,SOURCE_CONTROL_OCCURRENCE,shared component; caller routes need runtime reconciliation,src/components/admin/whatsapp/WhatsappLinksTable.tsx:309,input,{`選擇連結 ${link.code}`},"onChange={(event) =>
                  setSelected((current) =>
                    event.target.checked
                      ? [...current, link.id]
                      : current.filter((id) => id !== link.id),
                  )
                }",,staff; exact grants require handler review,runtime role/state not reconciled,UNCLASSIFIED; inspect before execution,,,C-adcd0c766e,shared_caller_pending,S-adcd0c766e,no,yes,BLOCKED,src/components/admin/whatsapp/WhatsappLinksTable.tsx:309,BLOCKED_EXTERNAL,no current rendered action execution,,not exercised in rendered session,,source-declared control; full handler chain not individually verified,not executed on current branch,not observed,"resolve rendered caller and actor/state; isolated role sessions, DB and synthetic browser; provider readback where applicable",NOT_TESTED,,
S-0619a411ca,SOURCE_CONTROL_OCCURRENCE,shared component; caller routes need runtime reconciliation,src/components/admin/whatsapp/WhatsappLinksTable.tsx:348,Button,複製,onClick={() => void copy(link)},,staff; exact grants require handler review,{busy},UNCLASSIFIED; inspect before execution,,,C-0619a411ca,shared_caller_pending,S-0619a411ca,no,yes,BLOCKED,src/components/admin/whatsapp/WhatsappLinksTable.tsx:348,BLOCKED_EXTERNAL,no current rendered action execution,,not exercised in rendered session,,source-declared control; full handler chain not individually verified,not executed on current branch,not observed,"resolve rendered caller and actor/state; isolated role sessions, DB and synthetic browser; provider readback where applicable",NOT_TESTED,,
S-81390d5586,SOURCE_CONTROL_OCCURRENCE,shared component; caller routes need runtime reconciliation,src/components/admin/whatsapp/WhatsappLinksTable.tsx:351,Button,編輯,"onClick={() => {
                  setEditing(link);
                  setEditStaff(link.requestedStaffId ?? """");
                  setEditVerified(Boolean(link.placementVerifiedAt));
                }}",,staff; exact grants require handler review,{busy},UNCLASSIFIED; inspect before execution,,,C-81390d5586,shared_caller_pending,S-81390d5586,no,yes,BLOCKED,src/components/admin/whatsapp/WhatsappLinksTable.tsx:351,BLOCKED_EXTERNAL,no current rendered action execution,,not exercised in rendered session,,source-declared control; full handler chain not individually verified,not executed on current branch,not observed,"resolve rendered caller and actor/state; isolated role sessions, DB and synthetic browser; provider readback where applicable",NOT_TESTED,,
S-94c3a3f7db,SOURCE_CONTROL_OCCURRENCE,shared component; caller routes need runtime reconciliation,src/components/admin/whatsapp/WhatsappLinksTable.tsx:363,Button,"{link.enabled ? ""停用"" : ""重新啟用""}","onClick={() => void run(() => save(link, !link.enabled))}",,staff; exact grants require handler review,{busy},UNCLASSIFIED; inspect before execution,,,C-94c3a3f7db,shared_caller_pending,S-94c3a3f7db,no,yes,BLOCKED,src/components/admin/whatsapp/WhatsappLinksTable.tsx:363,BLOCKED_EXTERNAL,no current rendered action execution,,not exercised in rendered session,,source-declared control; full handler chain not individually verified,not executed on current branch,not observed,"resolve rendered caller and actor/state; isolated role sessions, DB and synthetic browser; provider readback where applicable",NOT_TESTED,,
S-de5c3080ca,SOURCE_CONTROL_OCCURRENCE,shared component; caller routes need runtime reconciliation,src/components/admin/whatsapp/WhatsappLinksTable.tsx:376,Button,上一頁,"onClick={() => {
            const previous = history.at(-1);
            setHistory((value) => value.slice(0, -1));
            setCursor(previous || undefined);
            setSelected([]);
          }}",,staff; exact grants require handler review,{busy || !history.length},UNCLASSIFIED; inspect before execution,,,C-de5c3080ca,shared_caller_pending,S-de5c3080ca,no,yes,BLOCKED,src/components/admin/whatsapp/WhatsappLinksTable.tsx:376,BLOCKED_EXTERNAL,no current rendered action execution,,not exercised in rendered session,,source-declared control; full handler chain not individually verified,not executed on current branch,not observed,"resolve rendered caller and actor/state; isolated role sessions, DB and synthetic browser; provider readback where applicable",NOT_TESTED,,
S-d307b45c89,SOURCE_CONTROL_OCCURRENCE,shared component; caller routes need runtime reconciliation,src/components/admin/whatsapp/WhatsappLinksTable.tsx:391,Button,下一頁,"onClick={() => {
            setHistory((value) => [...value, cursor ?? """"]);
            setCursor(page?.nextCursor ?? undefined);
            setSelected([]);
          }}",,staff; exact grants require handler review,{busy || !page?.nextCursor},UNCLASSIFIED; inspect before execution,,,C-d307b45c89,shared_caller_pending,S-d307b45c89,no,yes,BLOCKED,src/components/admin/whatsapp/WhatsappLinksTable.tsx:391,BLOCKED_EXTERNAL,no current rendered action execution,,not exercised in rendered session,,source-declared control; full handler chain not individually verified,not executed on current branch,not observed,"resolve rendered caller and actor/state; isolated role sessions, DB and synthetic browser; provider readback where applicable",NOT_TESTED,,
S-d21c52895b,SOURCE_CONTROL_OCCURRENCE,shared component; caller routes need runtime reconciliation,src/components/admin/whatsapp/WhatsappLinksTable.tsx:417,select,{staff.map((person) => ( <option key={person.id} value={person.id}> {person.name ?? person.email ?? person.id} </option> ))},onChange={(event) => setEditStaff(event.target.value)},,staff; exact grants require handler review,runtime role/state not reconciled,UNCLASSIFIED; inspect before execution,,,C-d21c52895b,shared_caller_pending,S-d21c52895b,no,yes,BLOCKED,src/components/admin/whatsapp/WhatsappLinksTable.tsx:417,BLOCKED_EXTERNAL,no current rendered action execution,,not exercised in rendered session,,source-declared control; full handler chain not individually verified,not executed on current branch,not observed,"resolve rendered caller and actor/state; isolated role sessions, DB and synthetic browser; provider readback where applicable",NOT_TESTED,,
S-89aa632d14,SOURCE_CONTROL_OCCURRENCE,shared component; caller routes need runtime reconciliation,src/components/admin/whatsapp/WhatsappLinksTable.tsx:431,input,dynamic/no static accessible name,onChange={(event) => setEditVerified(event.target.checked)},,staff; exact grants require handler review,runtime role/state not reconciled,UNCLASSIFIED; inspect before execution,,,C-89aa632d14,shared_caller_pending,S-89aa632d14,no,yes,BLOCKED,src/components/admin/whatsapp/WhatsappLinksTable.tsx:431,BLOCKED_EXTERNAL,no current rendered action execution,,not exercised in rendered session,,source-declared control; full handler chain not individually verified,not executed on current branch,not observed,"resolve rendered caller and actor/state; isolated role sessions, DB and synthetic browser; provider readback where applicable",NOT_TESTED,,
S-7e68a5f705,SOURCE_CONTROL_OCCURRENCE,shared component; caller routes need runtime reconciliation,src/components/admin/whatsapp/WhatsappLinksTable.tsx:439,Button,取消,onClick={() => setEditing(null)},,staff; exact grants require handler review,runtime role/state not reconciled,UNCLASSIFIED; inspect before execution,,,C-7e68a5f705,shared_caller_pending,S-7e68a5f705,no,yes,BLOCKED,src/components/admin/whatsapp/WhatsappLinksTable.tsx:439,BLOCKED_EXTERNAL,no current rendered action execution,,not exercised in rendered session,,source-declared control; full handler chain not individually verified,not executed on current branch,not observed,"resolve rendered caller and actor/state; isolated role sessions, DB and synthetic browser; provider readback where applicable",NOT_TESTED,,
S-20b1665936,SOURCE_CONTROL_OCCURRENCE,shared component; caller routes need runtime reconciliation,src/components/admin/whatsapp/WhatsappLinksTable.tsx:442,Button,儲存新版本,"onClick={() =>
                  void run(() => save(editing, editing.enabled, editStaff, editVerified))
                }",,staff; exact grants require handler review,{busy},UNCLASSIFIED; inspect before execution,,,C-20b1665936,shared_caller_pending,S-20b1665936,no,yes,BLOCKED,src/components/admin/whatsapp/WhatsappLinksTable.tsx:442,BLOCKED_EXTERNAL,no current rendered action execution,,not exercised in rendered session,,source-declared control; full handler chain not individually verified,not executed on current branch,not observed,"resolve rendered caller and actor/state; isolated role sessions, DB and synthetic browser; provider readback where applicable",NOT_TESTED,,
S-fda7f3122c,SOURCE_CONTROL_OCCURRENCE,shared component; caller routes need runtime reconciliation,src/components/dashboard/ImageUploader.tsx:122,Button,"{uploading ? ( <Loader2 className=""mr-2 h-4 w-4 animate-spin"" /> ) : ( <Upload className=""mr-2 h-4 w-4"" /> )} {uploading ? `上載中 ${progress?.done ?? 0}",onClick={() => inputRef.current?.click()},,public/shared,{disabled || uploading},UNCLASSIFIED; inspect before execution,,,C-fda7f3122c,shared_caller_pending,S-fda7f3122c,no,yes,NOT_TESTED,src/components/dashboard/ImageUploader.tsx:122,NOT_TESTED,no current rendered action execution,,not exercised in rendered session,,source-declared control; full handler chain not individually verified,not executed on current branch,not observed,resolve rendered caller and actor/state; rendered browser action and content/readback not executed on current SHA,NOT_TESTED,,
S-e324a613ba,SOURCE_CONTROL_OCCURRENCE,shared component; caller routes need runtime reconciliation,src/components/dashboard/ImageUploader.tsx:140,Input,dynamic/no static accessible name,onChange={(e) => handleFiles(e.target.files)},,public/shared,runtime role/state not reconciled,UNCLASSIFIED; inspect before execution,,,C-e324a613ba,shared_caller_pending,S-e324a613ba,no,yes,NOT_TESTED,src/components/dashboard/ImageUploader.tsx:140,NOT_TESTED,no current rendered action execution,,not exercised in rendered session,,source-declared control; full handler chain not individually verified,not executed on current branch,not observed,resolve rendered caller and actor/state; rendered browser action and content/readback not executed on current SHA,NOT_TESTED,,
S-23d87eba6a,SOURCE_CONTROL_OCCURRENCE,shared component; caller routes need runtime reconciliation,src/components/dashboard/ImageUploader.tsx:168,Button,重新選擇檔案上載,onClick={() => inputRef.current?.click()},,public/shared,runtime role/state not reconciled,UNCLASSIFIED; inspect before execution,,,C-23d87eba6a,shared_caller_pending,S-23d87eba6a,no,yes,NOT_TESTED,src/components/dashboard/ImageUploader.tsx:168,NOT_TESTED,no current rendered action execution,,not exercised in rendered session,,source-declared control; full handler chain not individually verified,not executed on current branch,not observed,resolve rendered caller and actor/state; rendered browser action and content/readback not executed on current SHA,NOT_TESTED,,
S-6868bdfdc7,SOURCE_CONTROL_OCCURRENCE,shared component; caller routes need runtime reconciliation,src/components/dashboard/ImageUploader.tsx:176,Button,知道了,onClick={() => setFailures([])},,public/shared,runtime role/state not reconciled,UNCLASSIFIED; inspect before execution,,,C-6868bdfdc7,shared_caller_pending,S-6868bdfdc7,no,yes,NOT_TESTED,src/components/dashboard/ImageUploader.tsx:176,NOT_TESTED,no current rendered action execution,,not exercised in rendered session,,source-declared control; full handler chain not individually verified,not executed on current branch,not observed,resolve rendered caller and actor/state; rendered browser action and content/readback not executed on current SHA,NOT_TESTED,,
S-b2bea2aca8,SOURCE_CONTROL_OCCURRENCE,shared component; caller routes need runtime reconciliation,src/components/dashboard/ImageUploader.tsx:186,li,"{i === 0 && ( <span className=""absolute left-1.5 top-1.5 rounded bg-primary px-1.5 py-0.5 text-[10px] font-medium text-primary-foreground""> 封面 </span>","onDragStart={() => setDragIdx(i)} | onDragOver={(e) => e.preventDefault()} | onDrop={() => {
                if (dragIdx !== null) reorder(dragIdx, i);
                setDragIdx(null);
              }}",,public/shared,runtime role/state not reconciled,UNCLASSIFIED; inspect before execution,,,C-b2bea2aca8,shared_caller_pending,S-b2bea2aca8,no,yes,NOT_TESTED,src/components/dashboard/ImageUploader.tsx:186,NOT_TESTED,no current rendered action execution,,not exercised in rendered session,,source-declared control; full handler chain not individually verified,not executed on current branch,not observed,resolve rendered caller and actor/state; rendered browser action and content/readback not executed on current SHA,NOT_TESTED,,
S-b78e04e865,SOURCE_CONTROL_OCCURRENCE,shared component; caller routes need runtime reconciliation,src/components/dashboard/ImageUploader.tsx:211,button,{`移除相片 ${i + 1}`},onClick={() => removeAt(i)},,public/shared,runtime role/state not reconciled,UNCLASSIFIED; inspect before execution,,,C-b78e04e865,shared_caller_pending,S-b78e04e865,no,yes,NOT_TESTED,src/components/dashboard/ImageUploader.tsx:211,NOT_TESTED,no current rendered action execution,,not exercised in rendered session,,source-declared control; full handler chain not individually verified,not executed on current branch,not observed,resolve rendered caller and actor/state; rendered browser action and content/readback not executed on current SHA,NOT_TESTED,,
S-8e0ca4e3ed,SOURCE_CONTROL_OCCURRENCE,shared component; caller routes need runtime reconciliation,src/components/dashboard/ImageUploader.tsx:226,button,{`將相片 ${i + 1} 上移`},"onClick={() => reorder(i, i - 1)}",,public/shared,{disabled || i === 0},UNCLASSIFIED; inspect before execution,,,C-8e0ca4e3ed,shared_caller_pending,S-8e0ca4e3ed,no,yes,NOT_TESTED,src/components/dashboard/ImageUploader.tsx:226,NOT_TESTED,no current rendered action execution,,not exercised in rendered session,,source-declared control; full handler chain not individually verified,not executed on current branch,not observed,resolve rendered caller and actor/state; rendered browser action and content/readback not executed on current SHA,NOT_TESTED,,
S-ccae939d4b,SOURCE_CONTROL_OCCURRENCE,shared component; caller routes need runtime reconciliation,src/components/dashboard/ImageUploader.tsx:235,button,{`將相片 ${i + 1} 下移`},"onClick={() => reorder(i, i + 1)}",,public/shared,{disabled || i === value.length - 1},UNCLASSIFIED; inspect before execution,,,C-ccae939d4b,shared_caller_pending,S-ccae939d4b,no,yes,NOT_TESTED,src/components/dashboard/ImageUploader.tsx:235,NOT_TESTED,no current rendered action execution,,not exercised in rendered session,,source-declared control; full handler chain not individually verified,not executed on current branch,not observed,resolve rendered caller and actor/state; rendered browser action and content/readback not executed on current SHA,NOT_TESTED,,
S-d42192ce1c,SOURCE_CONTROL_OCCURRENCE,shared component; caller routes need runtime reconciliation,src/components/dashboard/PropertyForm.tsx:290,form,{leaveGuardDialog},onSubmit={handleSubmit},,public/shared,runtime role/state not reconciled,UNCLASSIFIED; inspect before execution,,,C-d42192ce1c,shared_caller_pending,S-d42192ce1c,no,yes,NOT_TESTED,src/components/dashboard/PropertyForm.tsx:290,NOT_TESTED,no current rendered action execution,,not exercised in rendered session,,source-declared control; full handler chain not individually verified,not executed on current branch,not observed,resolve rendered caller and actor/state; rendered browser action and content/readback not executed on current SHA,NOT_TESTED,,
S-8bd1386316,SOURCE_CONTROL_OCCURRENCE,shared component; caller routes need runtime reconciliation,src/components/dashboard/PropertyForm.tsx:294,Input,dynamic/no static accessible name,"onChange={(e) => set(""listing_no"", e.target.value)}",,public/shared,runtime role/state not reconciled,UNCLASSIFIED; inspect before execution,,,C-8bd1386316,shared_caller_pending,S-8bd1386316,no,yes,NOT_TESTED,src/components/dashboard/PropertyForm.tsx:294,NOT_TESTED,no current rendered action execution,,not exercised in rendered session,,source-declared control; full handler chain not individually verified,not executed on current branch,not observed,resolve rendered caller and actor/state; rendered browser action and content/readback not executed on current SHA,NOT_TESTED,,
S-11e9a65730,SOURCE_CONTROL_OCCURRENCE,shared component; caller routes need runtime reconciliation,src/components/dashboard/PropertyForm.tsx:304,Input,dynamic/no static accessible name,"onChange={(e) => set(""title_zh"", e.target.value)}",,public/shared,runtime role/state not reconciled,UNCLASSIFIED; inspect before execution,,,C-11e9a65730,shared_caller_pending,S-11e9a65730,no,yes,NOT_TESTED,src/components/dashboard/PropertyForm.tsx:304,NOT_TESTED,no current rendered action execution,,not exercised in rendered session,,source-declared control; full handler chain not individually verified,not executed on current branch,not observed,resolve rendered caller and actor/state; rendered browser action and content/readback not executed on current SHA,NOT_TESTED,,
S-797da3cbe3,SOURCE_CONTROL_OCCURRENCE,shared component; caller routes need runtime reconciliation,src/components/dashboard/PropertyForm.tsx:314,Select,dynamic/no static accessible name,"onValueChange={(v) => set(""deal_type"", v as ""sale"" | ""rent"")}",,public/shared,runtime role/state not reconciled,UNCLASSIFIED; inspect before execution,,,C-797da3cbe3,shared_caller_pending,S-797da3cbe3,no,yes,NOT_TESTED,src/components/dashboard/PropertyForm.tsx:314,NOT_TESTED,no current rendered action execution,,not exercised in rendered session,,source-declared control; full handler chain not individually verified,not executed on current branch,not observed,resolve rendered caller and actor/state; rendered browser action and content/readback not executed on current SHA,NOT_TESTED,,
S-92e594e29f,SOURCE_CONTROL_OCCURRENCE,shared component; caller routes need runtime reconciliation,src/components/dashboard/PropertyForm.tsx:328,Select,dynamic/no static accessible name,"onValueChange={(v) => set(""status"", v as typeof form.status)}",,public/shared,runtime role/state not reconciled,UNCLASSIFIED; inspect before execution,,,C-92e594e29f,shared_caller_pending,S-92e594e29f,no,yes,NOT_TESTED,src/components/dashboard/PropertyForm.tsx:328,NOT_TESTED,no current rendered action execution,,not exercised in rendered session,,source-declared control; full handler chain not individually verified,not executed on current branch,not observed,resolve rendered caller and actor/state; rendered browser action and content/readback not executed on current SHA,NOT_TESTED,,
S-32299f30ad,SOURCE_CONTROL_OCCURRENCE,shared component; caller routes need runtime reconciliation,src/components/dashboard/PropertyForm.tsx:342,Select,dynamic/no static accessible name,"onValueChange={(v) => set(""agent_id"", v === ""none"" ? """" : v)}",,public/shared,runtime role/state not reconciled,UNCLASSIFIED; inspect before execution,,,C-32299f30ad,shared_caller_pending,S-32299f30ad,no,yes,NOT_TESTED,src/components/dashboard/PropertyForm.tsx:342,NOT_TESTED,no current rendered action execution,,not exercised in rendered session,,source-declared control; full handler chain not individually verified,not executed on current branch,not observed,resolve rendered caller and actor/state; rendered browser action and content/readback not executed on current SHA,NOT_TESTED,,
S-212dad7d54,SOURCE_CONTROL_OCCURRENCE,shared component; caller routes need runtime reconciliation,src/components/dashboard/PropertyForm.tsx:364,Select,dynamic/no static accessible name,"onValueChange={(v) => {
              const id = v === ""none"" ? """" : v;
              const est = estates.find((e) => e.id === id);
              set(""estate_id"", id);
              if (est) set(""district_slug"", est.district_slug);
            }}",,public/shared,runtime role/state not reconciled,UNCLASSIFIED; inspect before execution,,,C-212dad7d54,shared_caller_pending,S-212dad7d54,no,yes,NOT_TESTED,src/components/dashboard/PropertyForm.tsx:364,NOT_TESTED,no current rendered action execution,,not exercised in rendered session,,source-declared control; full handler chain not individually verified,not executed on current branch,not observed,resolve rendered caller and actor/state; rendered browser action and content/readback not executed on current SHA,NOT_TESTED,,
S-e9e4561165,SOURCE_CONTROL_OCCURRENCE,shared component; caller routes need runtime reconciliation,src/components/dashboard/PropertyForm.tsx:387,Input,dynamic/no static accessible name,"onChange={(e) => set(""district_slug"", e.target.value)}",,public/shared,runtime role/state not reconciled,UNCLASSIFIED; inspect before execution,,,C-e9e4561165,shared_caller_pending,S-e9e4561165,no,yes,NOT_TESTED,src/components/dashboard/PropertyForm.tsx:387,NOT_TESTED,no current rendered action execution,,not exercised in rendered session,,source-declared control; full handler chain not individually verified,not executed on current branch,not observed,resolve rendered caller and actor/state; rendered browser action and content/readback not executed on current SHA,NOT_TESTED,,
S-84a22766c4,SOURCE_CONTROL_OCCURRENCE,shared component; caller routes need runtime reconciliation,src/components/dashboard/PropertyForm.tsx:397,Input,dynamic/no static accessible name,"onChange={(e) => set(""address"", e.target.value)}",,public/shared,runtime role/state not reconciled,UNCLASSIFIED; inspect before execution,,,C-84a22766c4,shared_caller_pending,S-84a22766c4,no,yes,NOT_TESTED,src/components/dashboard/PropertyForm.tsx:397,NOT_TESTED,no current rendered action execution,,not exercised in rendered session,,source-declared control; full handler chain not individually verified,not executed on current branch,not observed,resolve rendered caller and actor/state; rendered browser action and content/readback not executed on current SHA,NOT_TESTED,,
S-ddd37eccbf,SOURCE_CONTROL_OCCURRENCE,shared component; caller routes need runtime reconciliation,src/components/dashboard/PropertyForm.tsx:409,Input,dynamic/no static accessible name,"onChange={(e) => set(""price"", e.target.value)}",,public/shared,runtime role/state not reconciled,UNCLASSIFIED; inspect before execution,,,C-ddd37eccbf,shared_caller_pending,S-ddd37eccbf,no,yes,NOT_TESTED,src/components/dashboard/PropertyForm.tsx:409,NOT_TESTED,no current rendered action execution,,not exercised in rendered session,,source-declared control; full handler chain not individually verified,not executed on current branch,not observed,resolve rendered caller and actor/state; rendered browser action and content/readback not executed on current SHA,NOT_TESTED,,
S-b36362e66e,SOURCE_CONTROL_OCCURRENCE,shared component; caller routes need runtime reconciliation,src/components/dashboard/PropertyForm.tsx:419,Input,dynamic/no static accessible name,"onChange={(e) => set(""rent"", e.target.value)}",,public/shared,runtime role/state not reconciled,UNCLASSIFIED; inspect before execution,,,C-b36362e66e,shared_caller_pending,S-b36362e66e,no,yes,NOT_TESTED,src/components/dashboard/PropertyForm.tsx:419,NOT_TESTED,no current rendered action execution,,not exercised in rendered session,,source-declared control; full handler chain not individually verified,not executed on current branch,not observed,resolve rendered caller and actor/state; rendered browser action and content/readback not executed on current SHA,NOT_TESTED,,
S-a58231287c,SOURCE_CONTROL_OCCURRENCE,shared component; caller routes need runtime reconciliation,src/components/dashboard/PropertyForm.tsx:429,Input,dynamic/no static accessible name,"onChange={(e) => set(""saleable_area"", e.target.value)}",,public/shared,runtime role/state not reconciled,UNCLASSIFIED; inspect before execution,,,C-a58231287c,shared_caller_pending,S-a58231287c,no,yes,NOT_TESTED,src/components/dashboard/PropertyForm.tsx:429,NOT_TESTED,no current rendered action execution,,not exercised in rendered session,,source-declared control; full handler chain not individually verified,not executed on current branch,not observed,resolve rendered caller and actor/state; rendered browser action and content/readback not executed on current SHA,NOT_TESTED,,
S-a47c5b2a73,SOURCE_CONTROL_OCCURRENCE,shared component; caller routes need runtime reconciliation,src/components/dashboard/PropertyForm.tsx:439,Input,dynamic/no static accessible name,"onChange={(e) => set(""floor"", e.target.value)}",,public/shared,runtime role/state not reconciled,UNCLASSIFIED; inspect before execution,,,C-a47c5b2a73,shared_caller_pending,S-a47c5b2a73,no,yes,NOT_TESTED,src/components/dashboard/PropertyForm.tsx:439,NOT_TESTED,no current rendered action execution,,not exercised in rendered session,,source-declared control; full handler chain not individually verified,not executed on current branch,not observed,resolve rendered caller and actor/state; rendered browser action and content/readback not executed on current SHA,NOT_TESTED,,
S-76332c2978,SOURCE_CONTROL_OCCURRENCE,shared component; caller routes need runtime reconciliation,src/components/dashboard/PropertyForm.tsx:448,Input,dynamic/no static accessible name,"onChange={(e) => set(""bedrooms"", e.target.value)}",,public/shared,runtime role/state not reconciled,UNCLASSIFIED; inspect before execution,,,C-76332c2978,shared_caller_pending,S-76332c2978,no,yes,NOT_TESTED,src/components/dashboard/PropertyForm.tsx:448,NOT_TESTED,no current rendered action execution,,not exercised in rendered session,,source-declared control; full handler chain not individually verified,not executed on current branch,not observed,resolve rendered caller and actor/state; rendered browser action and content/readback not executed on current SHA,NOT_TESTED,,
S-64c54b9195,SOURCE_CONTROL_OCCURRENCE,shared component; caller routes need runtime reconciliation,src/components/dashboard/PropertyForm.tsx:459,Input,dynamic/no static accessible name,"onChange={(e) => set(""bathrooms"", e.target.value)}",,public/shared,runtime role/state not reconciled,UNCLASSIFIED; inspect before execution,,,C-64c54b9195,shared_caller_pending,S-64c54b9195,no,yes,NOT_TESTED,src/components/dashboard/PropertyForm.tsx:459,NOT_TESTED,no current rendered action execution,,not exercised in rendered session,,source-declared control; full handler chain not individually verified,not executed on current branch,not observed,resolve rendered caller and actor/state; rendered browser action and content/readback not executed on current SHA,NOT_TESTED,,
S-c21fe26568,SOURCE_CONTROL_OCCURRENCE,shared component; caller routes need runtime reconciliation,src/components/dashboard/PropertyForm.tsx:473,Textarea,dynamic/no static accessible name,"onChange={(e) => set(""description"", e.target.value)}",,public/shared,runtime role/state not reconciled,UNCLASSIFIED; inspect before execution,,,C-c21fe26568,shared_caller_pending,S-c21fe26568,no,yes,NOT_TESTED,src/components/dashboard/PropertyForm.tsx:473,NOT_TESTED,no current rendered action execution,,not exercised in rendered session,,source-declared control; full handler chain not individually verified,not executed on current branch,not observed,resolve rendered caller and actor/state; rendered browser action and content/readback not executed on current SHA,NOT_TESTED,,
S-1dc29416da,SOURCE_CONTROL_OCCURRENCE,shared component; caller routes need runtime reconciliation,src/components/dashboard/PropertyForm.tsx:483,Input,"""https://www.youtube.com/watch?v=...""","onChange={(e) => set(""video_url"", e.target.value)}",,public/shared,runtime role/state not reconciled,UNCLASSIFIED; inspect before execution,,,C-1dc29416da,shared_caller_pending,S-1dc29416da,no,yes,NOT_TESTED,src/components/dashboard/PropertyForm.tsx:483,NOT_TESTED,no current rendered action execution,,not exercised in rendered session,,source-declared control; full handler chain not individually verified,not executed on current branch,not observed,resolve rendered caller and actor/state; rendered browser action and content/readback not executed on current SHA,NOT_TESTED,,
S-5f810d0139,SOURCE_CONTROL_OCCURRENCE,shared component; caller routes need runtime reconciliation,src/components/dashboard/PropertyForm.tsx:494,Input,dynamic/no static accessible name,"onChange={(e) => set(""title_en"", e.target.value)}",,public/shared,runtime role/state not reconciled,UNCLASSIFIED; inspect before execution,,,C-5f810d0139,shared_caller_pending,S-5f810d0139,no,yes,NOT_TESTED,src/components/dashboard/PropertyForm.tsx:494,NOT_TESTED,no current rendered action execution,,not exercised in rendered session,,source-declared control; full handler chain not individually verified,not executed on current branch,not observed,resolve rendered caller and actor/state; rendered browser action and content/readback not executed on current SHA,NOT_TESTED,,
S-f6d7f7f35a,SOURCE_CONTROL_OCCURRENCE,shared component; caller routes need runtime reconciliation,src/components/dashboard/PropertyForm.tsx:503,Textarea,dynamic/no static accessible name,"onChange={(e) => set(""features"", e.target.value)}",,public/shared,runtime role/state not reconciled,UNCLASSIFIED; inspect before execution,,,C-f6d7f7f35a,shared_caller_pending,S-f6d7f7f35a,no,yes,NOT_TESTED,src/components/dashboard/PropertyForm.tsx:503,NOT_TESTED,no current rendered action execution,,not exercised in rendered session,,source-declared control; full handler chain not individually verified,not executed on current branch,not observed,resolve rendered caller and actor/state; rendered browser action and content/readback not executed on current SHA,NOT_TESTED,,
S-3552fc8fd7,SOURCE_CONTROL_OCCURRENCE,shared component; caller routes need runtime reconciliation,src/components/dashboard/PropertyForm.tsx:513,Input,dynamic/no static accessible name,"onChange={(e) => set(""seo_title"", e.target.value)}",,public/shared,runtime role/state not reconciled,UNCLASSIFIED; inspect before execution,,,C-3552fc8fd7,shared_caller_pending,S-3552fc8fd7,no,yes,NOT_TESTED,src/components/dashboard/PropertyForm.tsx:513,NOT_TESTED,no current rendered action execution,,not exercised in rendered session,,source-declared control; full handler chain not individually verified,not executed on current branch,not observed,resolve rendered caller and actor/state; rendered browser action and content/readback not executed on current SHA,NOT_TESTED,,
S-f5ea782f05,SOURCE_CONTROL_OCCURRENCE,shared component; caller routes need runtime reconciliation,src/components/dashboard/PropertyForm.tsx:522,Textarea,dynamic/no static accessible name,"onChange={(e) => set(""seo_description"", e.target.value)}",,public/shared,runtime role/state not reconciled,UNCLASSIFIED; inspect before execution,,,C-f5ea782f05,shared_caller_pending,S-f5ea782f05,no,yes,NOT_TESTED,src/components/dashboard/PropertyForm.tsx:522,NOT_TESTED,no current rendered action execution,,not exercised in rendered session,,source-declared control; full handler chain not individually verified,not executed on current branch,not observed,resolve rendered caller and actor/state; rendered browser action and content/readback not executed on current SHA,NOT_TESTED,,
S-d363f1408a,SOURCE_CONTROL_OCCURRENCE,shared component; caller routes need runtime reconciliation,src/components/dashboard/PropertyForm.tsx:534,ImageUploader,dynamic/no static accessible name,onChange={setImages},,public/shared,runtime role/state not reconciled,UNCLASSIFIED; inspect before execution,,,C-d363f1408a,shared_caller_pending,S-d363f1408a,no,yes,NOT_TESTED,src/components/dashboard/PropertyForm.tsx:534,NOT_TESTED,no current rendered action execution,,not exercised in rendered session,,source-declared control; full handler chain not individually verified,not executed on current branch,not observed,resolve rendered caller and actor/state; rendered browser action and content/readback not executed on current SHA,NOT_TESTED,,
S-f0818f9f42,SOURCE_CONTROL_OCCURRENCE,shared component; caller routes need runtime reconciliation,src/components/dashboard/PropertyForm.tsx:543,Switch,dynamic/no static accessible name,"onCheckedChange={(v) => set(""featured"", v)}",,public/shared,runtime role/state not reconciled,UNCLASSIFIED; inspect before execution,,,C-f0818f9f42,shared_caller_pending,S-f0818f9f42,no,yes,NOT_TESTED,src/components/dashboard/PropertyForm.tsx:543,NOT_TESTED,no current rendered action execution,,not exercised in rendered session,,source-declared control; full handler chain not individually verified,not executed on current branch,not observed,resolve rendered caller and actor/state; rendered browser action and content/readback not executed on current SHA,NOT_TESTED,,
S-bf8e148d1a,SOURCE_CONTROL_OCCURRENCE,shared component; caller routes need runtime reconciliation,src/components/dashboard/PropertyForm.tsx:553,AdminContentCopilot,dynamic/no static accessible name,"onApply={(patch) => {
          setForm((current) => applyPropertyContentCopilotPatch(current, patch));
          clearErrors(Object.keys(patch));
        }}",,public/shared,runtime role/state not reconciled,UNCLASSIFIED; inspect before execution,,,C-bf8e148d1a,shared_caller_pending,S-bf8e148d1a,no,yes,NOT_TESTED,src/components/dashboard/PropertyForm.tsx:553,NOT_TESTED,no current rendered action execution,,not exercised in rendered session,,source-declared control; full handler chain not individually verified,not executed on current branch,not observed,resolve rendered caller and actor/state; rendered browser action and content/readback not executed on current SHA,NOT_TESTED,,
S-d8882483dc,SOURCE_CONTROL_OCCURRENCE,shared component; caller routes need runtime reconciliation,src/components/dashboard/PropertyForm.tsx:573,Button,"{submitting ? ""儲存中…"" : property ? ""更新放盤"" : ""建立放盤""}",,,public/shared,{submitting},local input/semantic wrapper,,,C-d8882483dc,shared_caller_pending,S-d8882483dc,no,yes,NOT_TESTED,src/components/dashboard/PropertyForm.tsx:573,NOT_TESTED,no current rendered action execution,,not exercised in rendered session,,source-declared control; full handler chain not individually verified,not executed on current branch,not observed,resolve rendered caller and actor/state; rendered browser action and content/readback not executed on current SHA,NOT_TESTED,,
S-aa3b9805a1,SOURCE_CONTROL_OCCURRENCE,shared component; caller routes need runtime reconciliation,src/components/dashboard/TransactionForm.tsx:187,form,dynamic/no static accessible name,onSubmit={handleSubmit},,public/shared,runtime role/state not reconciled,UNCLASSIFIED; inspect before execution,,,C-aa3b9805a1,shared_caller_pending,S-aa3b9805a1,no,yes,NOT_TESTED,src/components/dashboard/TransactionForm.tsx:187,NOT_TESTED,no current rendered action execution,,not exercised in rendered session,,source-declared control; full handler chain not individually verified,not executed on current branch,not observed,resolve rendered caller and actor/state; rendered browser action and content/readback not executed on current SHA,NOT_TESTED,,
S-c7a1f5a97e,SOURCE_CONTROL_OCCURRENCE,shared component; caller routes need runtime reconciliation,src/components/dashboard/TransactionForm.tsx:190,Select,dynamic/no static accessible name,"onValueChange={(v) => set(""estate_id"", v)}",,public/shared,runtime role/state not reconciled,UNCLASSIFIED; inspect before execution,,,C-c7a1f5a97e,shared_caller_pending,S-c7a1f5a97e,no,yes,NOT_TESTED,src/components/dashboard/TransactionForm.tsx:190,NOT_TESTED,no current rendered action execution,,not exercised in rendered session,,source-declared control; full handler chain not individually verified,not executed on current branch,not observed,resolve rendered caller and actor/state; rendered browser action and content/readback not executed on current SHA,NOT_TESTED,,
S-4c9d3b5c76,SOURCE_CONTROL_OCCURRENCE,shared component; caller routes need runtime reconciliation,src/components/dashboard/TransactionForm.tsx:204,Select,dynamic/no static accessible name,"onValueChange={(v) => set(""deal_type"", v as ""sale"" | ""rent"")}",,public/shared,runtime role/state not reconciled,UNCLASSIFIED; inspect before execution,,,C-4c9d3b5c76,shared_caller_pending,S-4c9d3b5c76,no,yes,NOT_TESTED,src/components/dashboard/TransactionForm.tsx:204,NOT_TESTED,no current rendered action execution,,not exercised in rendered session,,source-declared control; full handler chain not individually verified,not executed on current branch,not observed,resolve rendered caller and actor/state; rendered browser action and content/readback not executed on current SHA,NOT_TESTED,,
S-253df7ecf8,SOURCE_CONTROL_OCCURRENCE,shared component; caller routes need runtime reconciliation,src/components/dashboard/TransactionForm.tsx:222,Input,dynamic/no static accessible name,"onChange={(e) => set(""price"", e.target.value)}",,public/shared,runtime role/state not reconciled,UNCLASSIFIED; inspect before execution,,,C-253df7ecf8,shared_caller_pending,S-253df7ecf8,no,yes,NOT_TESTED,src/components/dashboard/TransactionForm.tsx:222,NOT_TESTED,no current rendered action execution,,not exercised in rendered session,,source-declared control; full handler chain not individually verified,not executed on current branch,not observed,resolve rendered caller and actor/state; rendered browser action and content/readback not executed on current SHA,NOT_TESTED,,
S-4568584c61,SOURCE_CONTROL_OCCURRENCE,shared component; caller routes need runtime reconciliation,src/components/dashboard/TransactionForm.tsx:233,Input,dynamic/no static accessible name,"onChange={(e) => set(""saleable_area"", e.target.value)}",,public/shared,runtime role/state not reconciled,UNCLASSIFIED; inspect before execution,,,C-4568584c61,shared_caller_pending,S-4568584c61,no,yes,NOT_TESTED,src/components/dashboard/TransactionForm.tsx:233,NOT_TESTED,no current rendered action execution,,not exercised in rendered session,,source-declared control; full handler chain not individually verified,not executed on current branch,not observed,resolve rendered caller and actor/state; rendered browser action and content/readback not executed on current SHA,NOT_TESTED,,
S-716b47e6af,SOURCE_CONTROL_OCCURRENCE,shared component; caller routes need runtime reconciliation,src/components/dashboard/TransactionForm.tsx:244,Input,dynamic/no static accessible name,"onChange={(e) => set(""deal_date"", e.target.value)}",,public/shared,runtime role/state not reconciled,UNCLASSIFIED; inspect before execution,,,C-716b47e6af,shared_caller_pending,S-716b47e6af,no,yes,NOT_TESTED,src/components/dashboard/TransactionForm.tsx:244,NOT_TESTED,no current rendered action execution,,not exercised in rendered session,,source-declared control; full handler chain not individually verified,not executed on current branch,not observed,resolve rendered caller and actor/state; rendered browser action and content/readback not executed on current SHA,NOT_TESTED,,
S-858b5707ee,SOURCE_CONTROL_OCCURRENCE,shared component; caller routes need runtime reconciliation,src/components/dashboard/TransactionForm.tsx:254,Input,dynamic/no static accessible name,"onChange={(e) => set(""block"", e.target.value)}",,public/shared,runtime role/state not reconciled,UNCLASSIFIED; inspect before execution,,,C-858b5707ee,shared_caller_pending,S-858b5707ee,no,yes,NOT_TESTED,src/components/dashboard/TransactionForm.tsx:254,NOT_TESTED,no current rendered action execution,,not exercised in rendered session,,source-declared control; full handler chain not individually verified,not executed on current branch,not observed,resolve rendered caller and actor/state; rendered browser action and content/readback not executed on current SHA,NOT_TESTED,,
S-57f8bab209,SOURCE_CONTROL_OCCURRENCE,shared component; caller routes need runtime reconciliation,src/components/dashboard/TransactionForm.tsx:263,Input,dynamic/no static accessible name,"onChange={(e) => set(""unit"", e.target.value)}",,public/shared,runtime role/state not reconciled,UNCLASSIFIED; inspect before execution,,,C-57f8bab209,shared_caller_pending,S-57f8bab209,no,yes,NOT_TESTED,src/components/dashboard/TransactionForm.tsx:263,NOT_TESTED,no current rendered action execution,,not exercised in rendered session,,source-declared control; full handler chain not individually verified,not executed on current branch,not observed,resolve rendered caller and actor/state; rendered browser action and content/readback not executed on current SHA,NOT_TESTED,,
S-8821f215e8,SOURCE_CONTROL_OCCURRENCE,shared component; caller routes need runtime reconciliation,src/components/dashboard/TransactionForm.tsx:272,Input,"""例：高層 / 中層 / 低層""","onChange={(e) => set(""floor_band"", e.target.value)}",,public/shared,runtime role/state not reconciled,UNCLASSIFIED; inspect before execution,,,C-8821f215e8,shared_caller_pending,S-8821f215e8,no,yes,NOT_TESTED,src/components/dashboard/TransactionForm.tsx:272,NOT_TESTED,no current rendered action execution,,not exercised in rendered session,,source-declared control; full handler chain not individually verified,not executed on current branch,not observed,resolve rendered caller and actor/state; rendered browser action and content/readback not executed on current SHA,NOT_TESTED,,
S-8f1c479994,SOURCE_CONTROL_OCCURRENCE,shared component; caller routes need runtime reconciliation,src/components/dashboard/TransactionForm.tsx:282,Input,dynamic/no static accessible name,"onChange={(e) => set(""source"", e.target.value)}",,public/shared,runtime role/state not reconciled,UNCLASSIFIED; inspect before execution,,,C-8f1c479994,shared_caller_pending,S-8f1c479994,no,yes,NOT_TESTED,src/components/dashboard/TransactionForm.tsx:282,NOT_TESTED,no current rendered action execution,,not exercised in rendered session,,source-declared control; full handler chain not individually verified,not executed on current branch,not observed,resolve rendered caller and actor/state; rendered browser action and content/readback not executed on current SHA,NOT_TESTED,,
S-c9f993c3f2,SOURCE_CONTROL_OCCURRENCE,shared component; caller routes need runtime reconciliation,src/components/dashboard/TransactionForm.tsx:291,Input,dynamic/no static accessible name,"onChange={(e) => set(""source_url"", e.target.value)}",,public/shared,runtime role/state not reconciled,UNCLASSIFIED; inspect before execution,,,C-c9f993c3f2,shared_caller_pending,S-c9f993c3f2,no,yes,NOT_TESTED,src/components/dashboard/TransactionForm.tsx:291,NOT_TESTED,no current rendered action execution,,not exercised in rendered session,,source-declared control; full handler chain not individually verified,not executed on current branch,not observed,resolve rendered caller and actor/state; rendered browser action and content/readback not executed on current SHA,NOT_TESTED,,
S-db07dfcdc6,SOURCE_CONTROL_OCCURRENCE,shared component; caller routes need runtime reconciliation,src/components/dashboard/TransactionForm.tsx:301,Switch,dynamic/no static accessible name,"onCheckedChange={(v) => {
                set(""verified"", v);
                if (!v) set(""published"", false);
              }}",,public/shared,runtime role/state not reconciled,UNCLASSIFIED; inspect before execution,,,C-db07dfcdc6,shared_caller_pending,S-db07dfcdc6,no,yes,NOT_TESTED,src/components/dashboard/TransactionForm.tsx:301,NOT_TESTED,no current rendered action execution,,not exercised in rendered session,,source-declared control; full handler chain not individually verified,not executed on current branch,not observed,resolve rendered caller and actor/state; rendered browser action and content/readback not executed on current SHA,NOT_TESTED,,
S-ac07dfa029,SOURCE_CONTROL_OCCURRENCE,shared component; caller routes need runtime reconciliation,src/components/dashboard/TransactionForm.tsx:314,Switch,dynamic/no static accessible name,"onCheckedChange={(v) => set(""published"", v)}",,public/shared,{!form.verified},UNCLASSIFIED; inspect before execution,,,C-ac07dfa029,shared_caller_pending,S-ac07dfa029,no,yes,NOT_TESTED,src/components/dashboard/TransactionForm.tsx:314,NOT_TESTED,no current rendered action execution,,not exercised in rendered session,,source-declared control; full handler chain not individually verified,not executed on current branch,not observed,resolve rendered caller and actor/state; rendered browser action and content/readback not executed on current SHA,NOT_TESTED,,
S-0f8416ffc6,SOURCE_CONTROL_OCCURRENCE,shared component; caller routes need runtime reconciliation,src/components/dashboard/TransactionForm.tsx:329,Button,"{submitting ? ""儲存中…"" : transaction ? ""更新成交"" : ""建立成交""}",,,public/shared,{submitting},local input/semantic wrapper,,,C-0f8416ffc6,shared_caller_pending,S-0f8416ffc6,no,yes,NOT_TESTED,src/components/dashboard/TransactionForm.tsx:329,NOT_TESTED,no current rendered action execution,,not exercised in rendered session,,source-declared control; full handler chain not individually verified,not executed on current branch,not observed,resolve rendered caller and actor/state; rendered browser action and content/readback not executed on current SHA,NOT_TESTED,,
S-2703513b94,SOURCE_CONTROL_OCCURRENCE,shared component; caller routes need runtime reconciliation,src/components/layout/DataNote.tsx:28,a,{source},,{sourceUrl},public/shared,runtime role/state not reconciled,navigation; destination may have side effects,,,C-2703513b94,shared_caller_pending,S-2703513b94,no,yes,NOT_TESTED,src/components/layout/DataNote.tsx:28,NOT_TESTED,no current rendered action execution,,not exercised in rendered session,,source-declared control; full handler chain not individually verified,not executed on current branch,not observed,resolve rendered caller and actor/state; rendered browser action and content/readback not executed on current SHA,NOT_TESTED,,
S-c8963fb688,SOURCE_CONTROL_OCCURRENCE,shared component; caller routes need runtime reconciliation,src/components/live-agent/LiveAgentLauncher.tsx:12,Button,"""問樓助手""","onClick={async () => {
        setLoading(true);
        setFailed(false);
        try {
          const module = await import(""./LiveAgentWidget"");
          setWidget(() => module.LiveAgentWidget);
        } catch {
          setFailed(true);
        } finally {
          setLoading(false);
        }
      }}",,public/shared,{loading || !ready},UNCLASSIFIED; inspect before execution,,,C-c8963fb688,shared_caller_pending,S-c8963fb688,no,yes,NOT_TESTED,src/components/live-agent/LiveAgentLauncher.tsx:12,NOT_TESTED,no current rendered action execution,,not exercised in rendered session,,source-declared control; full handler chain not individually verified,not executed on current branch,not observed,resolve rendered caller and actor/state; rendered browser action and content/readback not executed on current SHA,NOT_TESTED,,
S-83f985fa49,SOURCE_CONTROL_OCCURRENCE,shared component; caller routes need runtime reconciliation,src/components/live-agent/LiveAgentWidget.tsx:143,DialogPrimitive.Root,dynamic/no static accessible name,onOpenChange={setOpen},,public/shared,runtime role/state not reconciled,UNCLASSIFIED; inspect before execution,,,C-83f985fa49,container_wrapper_candidate,S-83f985fa49,no,yes,NOT_TESTED,src/components/live-agent/LiveAgentWidget.tsx:143,NOT_TESTED,no current rendered action execution,,not exercised in rendered session,,source-declared control; full handler chain not individually verified,not executed on current branch,not observed,resolve rendered caller and actor/state; rendered browser action and content/readback not executed on current SHA,NOT_TESTED,,
S-4ead2fb9a3,SOURCE_CONTROL_OCCURRENCE,shared component; caller routes need runtime reconciliation,src/components/live-agent/LiveAgentWidget.tsx:145,Button,問樓助手,,,public/shared,runtime role/state not reconciled,local input/semantic wrapper,,,C-4ead2fb9a3,shared_caller_pending,S-4ead2fb9a3,no,yes,NOT_TESTED,src/components/live-agent/LiveAgentWidget.tsx:145,NOT_TESTED,no current rendered action execution,,not exercised in rendered session,,source-declared control; full handler chain not individually verified,not executed on current branch,not observed,resolve rendered caller and actor/state; rendered browser action and content/readback not executed on current SHA,NOT_TESTED,,
S-91ec7f5642,SOURCE_CONTROL_OCCURRENCE,shared component; caller routes need runtime reconciliation,src/components/live-agent/LiveAgentWidget.tsx:154,DialogPrimitive.Content,dynamic/no static accessible name,"onOpenAutoFocus={(event) => {
            event.preventDefault();
            inputRef.current?.focus();
          }} | onInteractOutside={(event) => event.preventDefault()}",,public/shared,runtime role/state not reconciled,UNCLASSIFIED; inspect before execution,,,C-91ec7f5642,container_wrapper_candidate,S-91ec7f5642,no,yes,NOT_TESTED,src/components/live-agent/LiveAgentWidget.tsx:154,NOT_TESTED,no current rendered action execution,,not exercised in rendered session,,source-declared control; full handler chain not individually verified,not executed on current branch,not observed,resolve rendered caller and actor/state; rendered browser action and content/readback not executed on current SHA,NOT_TESTED,,
S-e952cd9975,SOURCE_CONTROL_OCCURRENCE,shared component; caller routes need runtime reconciliation,src/components/live-agent/LiveAgentWidget.tsx:171,Button,"""關閉即時客服""",onClick={() => setOpen(false)},,public/shared,runtime role/state not reconciled,UNCLASSIFIED; inspect before execution,,,C-e952cd9975,shared_caller_pending,S-e952cd9975,no,yes,NOT_TESTED,src/components/live-agent/LiveAgentWidget.tsx:171,NOT_TESTED,no current rendered action execution,,not exercised in rendered session,,source-declared control; full handler chain not individually verified,not executed on current branch,not observed,resolve rendered caller and actor/state; rendered browser action and content/readback not executed on current SHA,NOT_TESTED,,
S-dd7dfadbb1,SOURCE_CONTROL_OCCURRENCE,shared component; caller routes need runtime reconciliation,src/components/live-agent/LiveAgentWidget.tsx:185,Button,{choice},onClick={() => sendMessage(choice)},,public/shared,{loading},UNCLASSIFIED; inspect before execution,,,C-dd7dfadbb1,shared_caller_pending,S-dd7dfadbb1,no,yes,NOT_TESTED,src/components/live-agent/LiveAgentWidget.tsx:185,NOT_TESTED,no current rendered action execution,,not exercised in rendered session,,source-declared control; full handler chain not individually verified,not executed on current branch,not observed,resolve rendered caller and actor/state; rendered browser action and content/readback not executed on current SHA,NOT_TESTED,,
S-b7bff6fc0e,SOURCE_CONTROL_OCCURRENCE,shared component; caller routes need runtime reconciliation,src/components/live-agent/LiveAgentWidget.tsx:219,Input,"""轉接 WhatsApp 電話""",onChange={(event) => setHandoffPhone(event.target.value)},,public/shared,runtime role/state not reconciled,UNCLASSIFIED; inspect before execution,,,C-b7bff6fc0e,shared_caller_pending,S-b7bff6fc0e,no,yes,NOT_TESTED,src/components/live-agent/LiveAgentWidget.tsx:219,NOT_TESTED,no current rendered action execution,,not exercised in rendered session,,source-declared control; full handler chain not individually verified,not executed on current branch,not observed,resolve rendered caller and actor/state; rendered browser action and content/readback not executed on current SHA,NOT_TESTED,,
S-a7ef2e9c5e,SOURCE_CONTROL_OCCURRENCE,shared component; caller routes need runtime reconciliation,src/components/live-agent/LiveAgentWidget.tsx:227,Checkbox,"""同意 WhatsApp 跟進聯絡""",onCheckedChange={(checked) => setHandoffConsent(checked === true)},,public/shared,runtime role/state not reconciled,UNCLASSIFIED; inspect before execution,,,C-a7ef2e9c5e,shared_caller_pending,S-a7ef2e9c5e,no,yes,NOT_TESTED,src/components/live-agent/LiveAgentWidget.tsx:227,NOT_TESTED,no current rendered action execution,,not exercised in rendered session,,source-declared control; full handler chain not individually verified,not executed on current branch,not observed,resolve rendered caller and actor/state; rendered browser action and content/readback not executed on current SHA,NOT_TESTED,,
S-0511502d3e,SOURCE_CONTROL_OCCURRENCE,shared component; caller routes need runtime reconciliation,src/components/live-agent/LiveAgentWidget.tsx:234,Button,"{handoffLoading ? ( <LoaderCircle className=""h-4 w-4 animate-spin"" /> ) : ( <Phone className=""h-4 w-4"" /> )} 轉介代理",onClick={requestHandoff},,public/shared,{handoffLoading},UNCLASSIFIED; inspect before execution,,,C-0511502d3e,shared_caller_pending,S-0511502d3e,no,yes,NOT_TESTED,src/components/live-agent/LiveAgentWidget.tsx:234,NOT_TESTED,no current rendered action execution,,not exercised in rendered session,,source-declared control; full handler chain not individually verified,not executed on current branch,not observed,resolve rendered caller and actor/state; rendered browser action and content/readback not executed on current SHA,NOT_TESTED,,
S-48d775300a,SOURCE_CONTROL_OCCURRENCE,shared component; caller routes need runtime reconciliation,src/components/live-agent/LiveAgentWidget.tsx:252,form,dynamic/no static accessible name,"onSubmit={(event) => {
              event.preventDefault();
              sendMessage();
            }}",,public/shared,runtime role/state not reconciled,UNCLASSIFIED; inspect before execution,,,C-48d775300a,shared_caller_pending,S-48d775300a,no,yes,NOT_TESTED,src/components/live-agent/LiveAgentWidget.tsx:252,NOT_TESTED,no current rendered action execution,,not exercised in rendered session,,source-declared control; full handler chain not individually verified,not executed on current branch,not observed,resolve rendered caller and actor/state; rendered browser action and content/readback not executed on current SHA,NOT_TESTED,,
S-e33b60bbbc,SOURCE_CONTROL_OCCURRENCE,shared component; caller routes need runtime reconciliation,src/components/live-agent/LiveAgentWidget.tsx:259,Input,"""即時客服訊息""",onChange={(event) => setInput(event.target.value)},,public/shared,runtime role/state not reconciled,UNCLASSIFIED; inspect before execution,,,C-e33b60bbbc,shared_caller_pending,S-e33b60bbbc,no,yes,NOT_TESTED,src/components/live-agent/LiveAgentWidget.tsx:259,NOT_TESTED,no current rendered action execution,,not exercised in rendered session,,source-declared control; full handler chain not individually verified,not executed on current branch,not observed,resolve rendered caller and actor/state; rendered browser action and content/readback not executed on current SHA,NOT_TESTED,,
S-f0848b0cf5,SOURCE_CONTROL_OCCURRENCE,shared component; caller routes need runtime reconciliation,src/components/live-agent/LiveAgentWidget.tsx:267,Button,"""傳送""",,,public/shared,{loading || !input.trim()},local input/semantic wrapper,,,C-f0848b0cf5,shared_caller_pending,S-f0848b0cf5,no,yes,NOT_TESTED,src/components/live-agent/LiveAgentWidget.tsx:267,NOT_TESTED,no current rendered action execution,,not exercised in rendered session,,source-declared control; full handler chain not individually verified,not executed on current branch,not observed,resolve rendered caller and actor/state; rendered browser action and content/readback not executed on current SHA,NOT_TESTED,,
S-66d79532ea,SOURCE_CONTROL_OCCURRENCE,shared component; caller routes need runtime reconciliation,src/components/media/AppImage.tsx:64,img,dynamic/no static accessible name,"onError={(event) => {
          setFailed(true);
          onError?.(event);
        }}",,public/shared,runtime role/state not reconciled,UNCLASSIFIED; inspect before execution,,,C-66d79532ea,shared_caller_pending,S-66d79532ea,no,yes,NOT_TESTED,src/components/media/AppImage.tsx:64,NOT_TESTED,no current rendered action execution,,not exercised in rendered session,,source-declared control; full handler chain not individually verified,not executed on current branch,not observed,resolve rendered caller and actor/state; rendered browser action and content/readback not executed on current SHA,NOT_TESTED,,
S-4655fa6f52,SOURCE_CONTROL_OCCURRENCE,shared component; caller routes need runtime reconciliation,src/components/property/PropertyDecisionActions.tsx:131,Button,dynamic/no static accessible name,,,public/shared,runtime role/state not reconciled,local input/semantic wrapper,,,C-4655fa6f52,shared_caller_pending,S-4655fa6f52,no,yes,NOT_TESTED,src/components/property/PropertyDecisionActions.tsx:131,NOT_TESTED,no current rendered action execution,,not exercised in rendered session,,source-declared control; full handler chain not individually verified,not executed on current branch,not observed,resolve rendered caller and actor/state; rendered browser action and content/readback not executed on current SHA,NOT_TESTED,,
S-3f262c9726,SOURCE_CONTROL_OCCURRENCE,shared component; caller routes need runtime reconciliation,src/components/property/PropertyDecisionActions.tsx:132,a,致電,,{phoneHref},public/shared,runtime role/state not reconciled,navigation; destination may have side effects,,,C-3f262c9726,shared_caller_pending,S-3f262c9726,no,yes,NOT_TESTED,src/components/property/PropertyDecisionActions.tsx:132,NOT_TESTED,no current rendered action execution,,not exercised in rendered session,,source-declared control; full handler chain not individually verified,not executed on current branch,not observed,resolve rendered caller and actor/state; rendered browser action and content/readback not executed on current SHA,NOT_TESTED,,
S-1eaf1cb59c,SOURCE_CONTROL_OCCURRENCE,shared component; caller routes need runtime reconciliation,src/components/property/PropertyDecisionActions.tsx:137,Button,dynamic/no static accessible name,,,public/shared,runtime role/state not reconciled,local input/semantic wrapper,,,C-1eaf1cb59c,shared_caller_pending,S-4655fa6f52,yes,yes,NOT_TESTED,src/components/property/PropertyDecisionActions.tsx:137,NOT_TESTED,no current rendered action execution,,not exercised in rendered session,,source-declared control; full handler chain not individually verified,not executed on current branch,not observed,resolve rendered caller and actor/state; rendered browser action and content/readback not executed on current SHA,NOT_TESTED,,
S-5a5652bc69,SOURCE_CONTROL_OCCURRENCE,shared component; caller routes need runtime reconciliation,src/components/property/PropertyDecisionActions.tsx:138,a,WhatsApp,onClick={handleWhatsAppClick},"{whatsappHref ?? ""/contact""}",public/shared,runtime role/state not reconciled,navigation; destination may have side effects,,,C-5a5652bc69,shared_caller_pending,S-5a5652bc69,no,yes,NOT_TESTED,src/components/property/PropertyDecisionActions.tsx:138,NOT_TESTED,no current rendered action execution,,not exercised in rendered session,,source-declared control; full handler chain not individually verified,not executed on current branch,not observed,resolve rendered caller and actor/state; rendered browser action and content/readback not executed on current SHA,NOT_TESTED,,
S-6957c74ab2,SOURCE_CONTROL_OCCURRENCE,shared component; caller routes need runtime reconciliation,src/components/property/PropertyDecisionActions.tsx:149,Button,{decision.inquiryLabel},onClick={onInquiry},,public/shared,runtime role/state not reconciled,UNCLASSIFIED; inspect before execution,,,C-6957c74ab2,shared_caller_pending,S-6957c74ab2,no,yes,NOT_TESTED,src/components/property/PropertyDecisionActions.tsx:149,NOT_TESTED,no current rendered action execution,,not exercised in rendered session,,source-declared control; full handler chain not individually verified,not executed on current branch,not observed,resolve rendered caller and actor/state; rendered browser action and content/readback not executed on current SHA,NOT_TESTED,,
S-3bcd7e0d2c,SOURCE_CONTROL_OCCURRENCE,shared component; caller routes need runtime reconciliation,src/components/property/PropertyDecisionActions.tsx:247,Button,dynamic/no static accessible name,,,public/shared,runtime role/state not reconciled,local input/semantic wrapper,,,C-3bcd7e0d2c,shared_caller_pending,S-4655fa6f52,yes,yes,NOT_TESTED,src/components/property/PropertyDecisionActions.tsx:247,NOT_TESTED,no current rendered action execution,,not exercised in rendered session,,source-declared control; full handler chain not individually verified,not executed on current branch,not observed,resolve rendered caller and actor/state; rendered browser action and content/readback not executed on current SHA,NOT_TESTED,,
S-676e233b21,SOURCE_CONTROL_OCCURRENCE,shared component; caller routes need runtime reconciliation,src/components/property/PropertyDecisionActions.tsx:248,a,致電,,{phoneHref},public/shared,runtime role/state not reconciled,navigation; destination may have side effects,,,C-676e233b21,shared_caller_pending,S-3f262c9726,yes,yes,NOT_TESTED,src/components/property/PropertyDecisionActions.tsx:248,NOT_TESTED,no current rendered action execution,,not exercised in rendered session,,source-declared control; full handler chain not individually verified,not executed on current branch,not observed,resolve rendered caller and actor/state; rendered browser action and content/readback not executed on current SHA,NOT_TESTED,,
S-cfba9789dd,SOURCE_CONTROL_OCCURRENCE,shared component; caller routes need runtime reconciliation,src/components/property/PropertyDecisionActions.tsx:253,Button,dynamic/no static accessible name,,,public/shared,runtime role/state not reconciled,local input/semantic wrapper,,,C-cfba9789dd,shared_caller_pending,S-4655fa6f52,yes,yes,NOT_TESTED,src/components/property/PropertyDecisionActions.tsx:253,NOT_TESTED,no current rendered action execution,,not exercised in rendered session,,source-declared control; full handler chain not individually verified,not executed on current branch,not observed,resolve rendered caller and actor/state; rendered browser action and content/readback not executed on current SHA,NOT_TESTED,,
S-066b95d946,SOURCE_CONTROL_OCCURRENCE,shared component; caller routes need runtime reconciliation,src/components/property/PropertyDecisionActions.tsx:254,a,WhatsApp,onClick={handleWhatsAppClick},"{whatsappHref ?? ""/contact""}",public/shared,runtime role/state not reconciled,navigation; destination may have side effects,,,C-066b95d946,shared_caller_pending,S-5a5652bc69,yes,yes,NOT_TESTED,src/components/property/PropertyDecisionActions.tsx:254,NOT_TESTED,no current rendered action execution,,not exercised in rendered session,,source-declared control; full handler chain not individually verified,not executed on current branch,not observed,resolve rendered caller and actor/state; rendered browser action and content/readback not executed on current SHA,NOT_TESTED,,
S-edf0052c54,SOURCE_CONTROL_OCCURRENCE,shared component; caller routes need runtime reconciliation,src/components/property/PropertyDecisionActions.tsx:265,Button,{decision.inquiryLabel},onClick={onInquiry},,public/shared,runtime role/state not reconciled,UNCLASSIFIED; inspect before execution,,,C-edf0052c54,shared_caller_pending,S-6957c74ab2,yes,yes,NOT_TESTED,src/components/property/PropertyDecisionActions.tsx:265,NOT_TESTED,no current rendered action execution,,not exercised in rendered session,,source-declared control; full handler chain not individually verified,not executed on current branch,not observed,resolve rendered caller and actor/state; rendered browser action and content/readback not executed on current SHA,NOT_TESTED,,
S-1810d7523c,SOURCE_CONTROL_OCCURRENCE,shared component; caller routes need runtime reconciliation,src/components/property/PropertyDecisionActions.tsx:320,Button,dynamic/no static accessible name,,,public/shared,runtime role/state not reconciled,local input/semantic wrapper,,,C-1810d7523c,shared_caller_pending,S-4655fa6f52,yes,yes,NOT_TESTED,src/components/property/PropertyDecisionActions.tsx:320,NOT_TESTED,no current rendered action execution,,not exercised in rendered session,,source-declared control; full handler chain not individually verified,not executed on current branch,not observed,resolve rendered caller and actor/state; rendered browser action and content/readback not executed on current SHA,NOT_TESTED,,
S-77021b278d,SOURCE_CONTROL_OCCURRENCE,shared component; caller routes need runtime reconciliation,src/components/property/PropertyDecisionActions.tsx:321,a,"{mortgage ? ""詳細計算"" : ""開啟按揭計算機""}",,{decision.mortgageHref},public/shared,runtime role/state not reconciled,navigation; destination may have side effects,,,C-77021b278d,shared_caller_pending,S-77021b278d,no,yes,NOT_TESTED,src/components/property/PropertyDecisionActions.tsx:321,NOT_TESTED,no current rendered action execution,,not exercised in rendered session,,source-declared control; full handler chain not individually verified,not executed on current branch,not observed,resolve rendered caller and actor/state; rendered browser action and content/readback not executed on current SHA,NOT_TESTED,,
S-bffe6f901c,SOURCE_CONTROL_OCCURRENCE,shared component; caller routes need runtime reconciliation,src/components/property/PropertyDecisionActions.tsx:335,Button,dynamic/no static accessible name,,,public/shared,runtime role/state not reconciled,local input/semantic wrapper,,,C-bffe6f901c,shared_caller_pending,S-4655fa6f52,yes,yes,NOT_TESTED,src/components/property/PropertyDecisionActions.tsx:335,NOT_TESTED,no current rendered action execution,,not exercised in rendered session,,source-declared control; full handler chain not individually verified,not executed on current branch,not observed,resolve rendered caller and actor/state; rendered browser action and content/readback not executed on current SHA,NOT_TESTED,,
S-0fe5c42632,SOURCE_CONTROL_OCCURRENCE,shared component; caller routes need runtime reconciliation,src/components/property/PropertyDecisionActions.tsx:336,a,{callLabel},,{phoneHref},public/shared,runtime role/state not reconciled,navigation; destination may have side effects,,,C-0fe5c42632,shared_caller_pending,S-0fe5c42632,no,yes,NOT_TESTED,src/components/property/PropertyDecisionActions.tsx:336,NOT_TESTED,no current rendered action execution,,not exercised in rendered session,,source-declared control; full handler chain not individually verified,not executed on current branch,not observed,resolve rendered caller and actor/state; rendered browser action and content/readback not executed on current SHA,NOT_TESTED,,
S-2e95793dec,SOURCE_CONTROL_OCCURRENCE,shared component; caller routes need runtime reconciliation,src/components/property/PropertyDecisionActions.tsx:341,Button,dynamic/no static accessible name,,,public/shared,runtime role/state not reconciled,local input/semantic wrapper,,,C-2e95793dec,shared_caller_pending,S-4655fa6f52,yes,yes,NOT_TESTED,src/components/property/PropertyDecisionActions.tsx:341,NOT_TESTED,no current rendered action execution,,not exercised in rendered session,,source-declared control; full handler chain not individually verified,not executed on current branch,not observed,resolve rendered caller and actor/state; rendered browser action and content/readback not executed on current SHA,NOT_TESTED,,
S-3abd93e013,SOURCE_CONTROL_OCCURRENCE,shared component; caller routes need runtime reconciliation,src/components/property/PropertyDecisionActions.tsx:342,a,{whatsappLabel},onClick={handleWhatsAppClick},"{whatsappHref ?? ""/contact""}",public/shared,runtime role/state not reconciled,navigation; destination may have side effects,,,C-3abd93e013,shared_caller_pending,S-3abd93e013,no,yes,NOT_TESTED,src/components/property/PropertyDecisionActions.tsx:342,NOT_TESTED,no current rendered action execution,,not exercised in rendered session,,source-declared control; full handler chain not individually verified,not executed on current branch,not observed,resolve rendered caller and actor/state; rendered browser action and content/readback not executed on current SHA,NOT_TESTED,,
S-af921c05d7,SOURCE_CONTROL_OCCURRENCE,shared component; caller routes need runtime reconciliation,src/components/property/PropertyDecisionActions.tsx:353,Button,dynamic/no static accessible name,,,public/shared,runtime role/state not reconciled,local input/semantic wrapper,,,C-af921c05d7,shared_caller_pending,S-4655fa6f52,yes,yes,NOT_TESTED,src/components/property/PropertyDecisionActions.tsx:353,NOT_TESTED,no current rendered action execution,,not exercised in rendered session,,source-declared control; full handler chain not individually verified,not executed on current branch,not observed,resolve rendered caller and actor/state; rendered browser action and content/readback not executed on current SHA,NOT_TESTED,,
S-23754e121a,SOURCE_CONTROL_OCCURRENCE,shared component; caller routes need runtime reconciliation,src/components/property/PropertyDecisionActions.tsx:354,a,{mortgageLabel},,{decision.mortgageHref},public/shared,runtime role/state not reconciled,navigation; destination may have side effects,,,C-23754e121a,shared_caller_pending,S-23754e121a,no,yes,NOT_TESTED,src/components/property/PropertyDecisionActions.tsx:354,NOT_TESTED,no current rendered action execution,,not exercised in rendered session,,source-declared control; full handler chain not individually verified,not executed on current branch,not observed,resolve rendered caller and actor/state; rendered browser action and content/readback not executed on current SHA,NOT_TESTED,,
S-fbc8ec5f98,SOURCE_CONTROL_OCCURRENCE,shared component; caller routes need runtime reconciliation,src/components/site/AgentContactMedia.tsx:32,a,{`放大查看 ${media.name} 名片`},,{media.card},public/shared,runtime role/state not reconciled,navigation; destination may have side effects,,,C-fbc8ec5f98,shared_caller_pending,S-fbc8ec5f98,no,yes,NOT_TESTED,src/components/site/AgentContactMedia.tsx:32,NOT_TESTED,no current rendered action execution,,not exercised in rendered session,,source-declared control; full handler chain not individually verified,not executed on current branch,not observed,resolve rendered caller and actor/state; rendered browser action and content/readback not executed on current SHA,NOT_TESTED,,
S-278b78e840,SOURCE_CONTROL_OCCURRENCE,shared component; caller routes need runtime reconciliation,src/components/site/AgentContactMedia.tsx:48,Button,dynamic/no static accessible name,,,public/shared,runtime role/state not reconciled,local input/semantic wrapper,,,C-278b78e840,shared_caller_pending,S-278b78e840,no,yes,NOT_TESTED,src/components/site/AgentContactMedia.tsx:48,NOT_TESTED,no current rendered action execution,,not exercised in rendered session,,source-declared control; full handler chain not individually verified,not executed on current branch,not observed,resolve rendered caller and actor/state; rendered browser action and content/readback not executed on current SHA,NOT_TESTED,,
S-14899631f2,SOURCE_CONTROL_OCCURRENCE,shared component; caller routes need runtime reconciliation,src/components/site/AgentContactMedia.tsx:49,a,放大名片,,{media.card},public/shared,runtime role/state not reconciled,navigation; destination may have side effects,,,C-14899631f2,shared_caller_pending,S-14899631f2,no,yes,NOT_TESTED,src/components/site/AgentContactMedia.tsx:49,NOT_TESTED,no current rendered action execution,,not exercised in rendered session,,source-declared control; full handler chain not individually verified,not executed on current branch,not observed,resolve rendered caller and actor/state; rendered browser action and content/readback not executed on current SHA,NOT_TESTED,,
S-40bb4c2278,SOURCE_CONTROL_OCCURRENCE,shared component; caller routes need runtime reconciliation,src/components/site/AgentContactMedia.tsx:53,Button,dynamic/no static accessible name,,,public/shared,runtime role/state not reconciled,local input/semantic wrapper,,,C-40bb4c2278,shared_caller_pending,S-278b78e840,yes,yes,NOT_TESTED,src/components/site/AgentContactMedia.tsx:53,NOT_TESTED,no current rendered action execution,,not exercised in rendered session,,source-declared control; full handler chain not individually verified,not executed on current branch,not observed,resolve rendered caller and actor/state; rendered browser action and content/readback not executed on current SHA,NOT_TESTED,,
S-590fb45691,SOURCE_CONTROL_OCCURRENCE,shared component; caller routes need runtime reconciliation,src/components/site/AgentContactMedia.tsx:54,a,儲存名片,,{media.card},public/shared,runtime role/state not reconciled,navigation; destination may have side effects,,,C-590fb45691,shared_caller_pending,S-590fb45691,no,yes,NOT_TESTED,src/components/site/AgentContactMedia.tsx:54,NOT_TESTED,no current rendered action execution,,not exercised in rendered session,,source-declared control; full handler chain not individually verified,not executed on current branch,not observed,resolve rendered caller and actor/state; rendered browser action and content/readback not executed on current SHA,NOT_TESTED,,
S-2560ee6306,SOURCE_CONTROL_OCCURRENCE,shared component; caller routes need runtime reconciliation,src/components/site/AgentContactMedia.tsx:69,Button,dynamic/no static accessible name,,,public/shared,runtime role/state not reconciled,local input/semantic wrapper,,,C-2560ee6306,shared_caller_pending,S-278b78e840,yes,yes,NOT_TESTED,src/components/site/AgentContactMedia.tsx:69,NOT_TESTED,no current rendered action execution,,not exercised in rendered session,,source-declared control; full handler chain not individually verified,not executed on current branch,not observed,resolve rendered caller and actor/state; rendered browser action and content/readback not executed on current SHA,NOT_TESTED,,
S-c6ef45b9ce,SOURCE_CONTROL_OCCURRENCE,shared component; caller routes need runtime reconciliation,src/components/site/AgentContactMedia.tsx:70,a,開啟 WhatsApp,onClick={onWhatsAppClick},{media.whatsappUrl},public/shared,runtime role/state not reconciled,navigation; destination may have side effects,,,C-c6ef45b9ce,shared_caller_pending,S-c6ef45b9ce,no,yes,NOT_TESTED,src/components/site/AgentContactMedia.tsx:70,NOT_TESTED,no current rendered action execution,,not exercised in rendered session,,source-declared control; full handler chain not individually verified,not executed on current branch,not observed,resolve rendered caller and actor/state; rendered browser action and content/readback not executed on current SHA,NOT_TESTED,,
S-09a196dffa,SOURCE_CONTROL_OCCURRENCE,shared component; caller routes need runtime reconciliation,src/components/site/AgentContactMedia.tsx:79,a,儲存 QR Code,,{media.qr},public/shared,runtime role/state not reconciled,navigation; destination may have side effects,,,C-09a196dffa,shared_caller_pending,S-09a196dffa,no,yes,NOT_TESTED,src/components/site/AgentContactMedia.tsx:79,NOT_TESTED,no current rendered action execution,,not exercised in rendered session,,source-declared control; full handler chain not individually verified,not executed on current branch,not observed,resolve rendered caller and actor/state; rendered browser action and content/readback not executed on current SHA,NOT_TESTED,,
S-7edd95a172,SOURCE_CONTROL_OCCURRENCE,shared component; caller routes need runtime reconciliation,src/components/site/BlogEstateComparisonTable.tsx:44,Link,{estate.nameZh},,"""/estate/$slug""",public/shared,runtime role/state not reconciled,navigation; destination may have side effects,,,C-7edd95a172,shared_caller_pending,S-7edd95a172,no,yes,NOT_TESTED,src/components/site/BlogEstateComparisonTable.tsx:44,NOT_TESTED,no current rendered action execution,,not exercised in rendered session,,source-declared control; full handler chain not individually verified,not executed on current branch,not observed,resolve rendered caller and actor/state; rendered browser action and content/readback not executed on current SHA,NOT_TESTED,,
S-c5b13929cf,SOURCE_CONTROL_OCCURRENCE,shared component; caller routes need runtime reconciliation,src/components/site/CorridorInventory.tsx:28,Link,dynamic/no static accessible name,,"""/property/$listingNo""",public/shared,runtime role/state not reconciled,navigation; destination may have side effects,,,C-c5b13929cf,shared_caller_pending,S-c5b13929cf,no,yes,NOT_TESTED,src/components/site/CorridorInventory.tsx:28,NOT_TESTED,no current rendered action execution,,not exercised in rendered session,,source-declared control; full handler chain not individually verified,not executed on current branch,not observed,resolve rendered caller and actor/state; rendered browser action and content/readback not executed on current SHA,NOT_TESTED,,
S-018e1e5381,SOURCE_CONTROL_OCCURRENCE,shared component; caller routes need runtime reconciliation,src/components/site/CorridorInventory.tsx:140,Link,{children},,"""/listings""",public/shared,runtime role/state not reconciled,navigation; destination may have side effects,,,C-018e1e5381,shared_caller_pending,S-018e1e5381,no,yes,NOT_TESTED,src/components/site/CorridorInventory.tsx:140,NOT_TESTED,no current rendered action execution,,not exercised in rendered session,,source-declared control; full handler chain not individually verified,not executed on current branch,not observed,resolve rendered caller and actor/state; rendered browser action and content/readback not executed on current SHA,NOT_TESTED,,
S-1cf6f395d8,SOURCE_CONTROL_OCCURRENCE,shared component; caller routes need runtime reconciliation,src/components/site/CorridorInventory.tsx:170,Button,dynamic/no static accessible name,,,public/shared,runtime role/state not reconciled,local input/semantic wrapper,,,C-1cf6f395d8,shared_caller_pending,S-1cf6f395d8,no,yes,NOT_TESTED,src/components/site/CorridorInventory.tsx:170,NOT_TESTED,no current rendered action execution,,not exercised in rendered session,,source-declared control; full handler chain not individually verified,not executed on current branch,not observed,resolve rendered caller and actor/state; rendered browser action and content/readback not executed on current SHA,NOT_TESTED,,
S-cfa75b077c,SOURCE_CONTROL_OCCURRENCE,shared component; caller routes need runtime reconciliation,src/components/site/CorridorInventory.tsx:171,Link,全部放盤,,"""/listings""",public/shared,runtime role/state not reconciled,navigation; destination may have side effects,,,C-cfa75b077c,shared_caller_pending,S-cfa75b077c,no,yes,NOT_TESTED,src/components/site/CorridorInventory.tsx:171,NOT_TESTED,no current rendered action execution,,not exercised in rendered session,,source-declared control; full handler chain not individually verified,not executed on current branch,not observed,resolve rendered caller and actor/state; rendered browser action and content/readback not executed on current SHA,NOT_TESTED,,
S-f3a52881dd,SOURCE_CONTROL_OCCURRENCE,shared component; caller routes need runtime reconciliation,src/components/site/CorridorInventory.tsx:175,Button,dynamic/no static accessible name,,,public/shared,runtime role/state not reconciled,local input/semantic wrapper,,,C-f3a52881dd,shared_caller_pending,S-1cf6f395d8,yes,yes,NOT_TESTED,src/components/site/CorridorInventory.tsx:175,NOT_TESTED,no current rendered action execution,,not exercised in rendered session,,source-declared control; full handler chain not individually verified,not executed on current branch,not observed,resolve rendered caller and actor/state; rendered browser action and content/readback not executed on current SHA,NOT_TESTED,,
S-35629694fb,SOURCE_CONTROL_OCCURRENCE,shared component; caller routes need runtime reconciliation,src/components/site/CorridorInventory.tsx:176,a,WhatsApp 查詢,,{whatsappUrl(inquiryText)},public/shared,runtime role/state not reconciled,navigation; destination may have side effects,,,C-35629694fb,shared_caller_pending,S-35629694fb,no,yes,NOT_TESTED,src/components/site/CorridorInventory.tsx:176,NOT_TESTED,no current rendered action execution,,not exercised in rendered session,,source-declared control; full handler chain not individually verified,not executed on current branch,not observed,resolve rendered caller and actor/state; rendered browser action and content/readback not executed on current SHA,NOT_TESTED,,
S-e012a96494,SOURCE_CONTROL_OCCURRENCE,shared component; caller routes need runtime reconciliation,src/components/site/EstateComparisonTable.tsx:58,Link,{estate.nameZh},,"""/estate/$slug""",public/shared,runtime role/state not reconciled,navigation; destination may have side effects,,,C-e012a96494,shared_caller_pending,S-e012a96494,no,yes,NOT_TESTED,src/components/site/EstateComparisonTable.tsx:58,NOT_TESTED,no current rendered action execution,,not exercised in rendered session,,source-declared control; full handler chain not individually verified,not executed on current branch,not observed,resolve rendered caller and actor/state; rendered browser action and content/readback not executed on current SHA,NOT_TESTED,,
S-c3696a1586,SOURCE_CONTROL_OCCURRENCE,shared component; caller routes need runtime reconciliation,src/components/site/EstateDirectory.tsx:59,SiteLink,dynamic/no static accessible name,onClick={onLinkClick},{`/estate/${encodeURIComponent(estate.slug)}`},public/shared,runtime role/state not reconciled,navigation; destination may have side effects,,,C-c3696a1586,shared_caller_pending,S-c3696a1586,no,yes,NOT_TESTED,src/components/site/EstateDirectory.tsx:59,NOT_TESTED,no current rendered action execution,,not exercised in rendered session,,source-declared control; full handler chain not individually verified,not executed on current branch,not observed,resolve rendered caller and actor/state; rendered browser action and content/readback not executed on current SHA,NOT_TESTED,,
S-2a06bb06cb,SOURCE_CONTROL_OCCURRENCE,shared component; caller routes need runtime reconciliation,src/components/site/EstateDirectory.tsx:70,SiteLink,"{`${estate.nameZh}${deal === ""sale"" ? ""出售"" : ""出租""} ${estate[deal]} 個放盤`}",onClick={onLinkClick},"{estateListingHref(estate.slug, deal)}",public/shared,runtime role/state not reconciled,navigation; destination may have side effects,,,C-2a06bb06cb,shared_caller_pending,S-2a06bb06cb,no,yes,NOT_TESTED,src/components/site/EstateDirectory.tsx:70,NOT_TESTED,no current rendered action execution,,not exercised in rendered session,,source-declared control; full handler chain not individually verified,not executed on current branch,not observed,resolve rendered caller and actor/state; rendered browser action and content/readback not executed on current SHA,NOT_TESTED,,
S-366cf91562,SOURCE_CONTROL_OCCURRENCE,shared component; caller routes need runtime reconciliation,src/components/site/EstateDirectory.tsx:100,input,"""搜尋屋苑""",onChange={(e) => setQuery(e.target.value)},,public/shared,runtime role/state not reconciled,UNCLASSIFIED; inspect before execution,,,C-366cf91562,shared_caller_pending,S-366cf91562,no,yes,NOT_TESTED,src/components/site/EstateDirectory.tsx:100,NOT_TESTED,no current rendered action execution,,not exercised in rendered session,,source-declared control; full handler chain not individually verified,not executed on current branch,not observed,resolve rendered caller and actor/state; rendered browser action and content/readback not executed on current SHA,NOT_TESTED,,
S-df452aaee0,SOURCE_CONTROL_OCCURRENCE,shared component; caller routes need runtime reconciliation,src/components/site/EstateDirectory.tsx:117,SiteLink,{label},onClick={onLinkClick},{href},public/shared,runtime role/state not reconciled,navigation; destination may have side effects,,,C-df452aaee0,shared_caller_pending,S-df452aaee0,no,yes,NOT_TESTED,src/components/site/EstateDirectory.tsx:117,NOT_TESTED,no current rendered action execution,,not exercised in rendered session,,source-declared control; full handler chain not individually verified,not executed on current branch,not observed,resolve rendered caller and actor/state; rendered browser action and content/readback not executed on current SHA,NOT_TESTED,,
S-e322bb6534,SOURCE_CONTROL_OCCURRENCE,shared component; caller routes need runtime reconciliation,src/components/site/EstateDirectory.tsx:131,button,重試,onClick={() => setAttempt((v) => v + 1)},,public/shared,runtime role/state not reconciled,UNCLASSIFIED; inspect before execution,,,C-e322bb6534,shared_caller_pending,S-e322bb6534,no,yes,NOT_TESTED,src/components/site/EstateDirectory.tsx:131,NOT_TESTED,no current rendered action execution,,not exercised in rendered session,,source-declared control; full handler chain not individually verified,not executed on current branch,not observed,resolve rendered caller and actor/state; rendered browser action and content/readback not executed on current SHA,NOT_TESTED,,
S-d875bb4cf7,SOURCE_CONTROL_OCCURRENCE,shared component; caller routes need runtime reconciliation,src/components/site/EstateDirectory.tsx:152,button,清除搜尋,"onClick={() => setQuery("""")}",,public/shared,runtime role/state not reconciled,UNCLASSIFIED; inspect before execution,,,C-d875bb4cf7,shared_caller_pending,S-d875bb4cf7,no,yes,NOT_TESTED,src/components/site/EstateDirectory.tsx:152,NOT_TESTED,no current rendered action execution,,not exercised in rendered session,,source-declared control; full handler chain not individually verified,not executed on current branch,not observed,resolve rendered caller and actor/state; rendered browser action and content/readback not executed on current SHA,NOT_TESTED,,
S-042fa77f65,SOURCE_CONTROL_OCCURRENCE,shared component; caller routes need runtime reconciliation,src/components/site/EstateDirectory.tsx:198,SiteLink,查看全部放盤 →,onClick={onLinkClick},"""/listings""",public/shared,runtime role/state not reconciled,navigation; destination may have side effects,,,C-042fa77f65,shared_caller_pending,S-042fa77f65,no,yes,NOT_TESTED,src/components/site/EstateDirectory.tsx:198,NOT_TESTED,no current rendered action execution,,not exercised in rendered session,,source-declared control; full handler chain not individually verified,not executed on current branch,not observed,resolve rendered caller and actor/state; rendered browser action and content/readback not executed on current SHA,NOT_TESTED,,
S-6e86f5199e,SOURCE_CONTROL_OCCURRENCE,shared component; caller routes need runtime reconciliation,src/components/site/EstateDirectory.tsx:205,SiteLink,屋苑評測 →,onClick={onLinkClick},"""/estate-reviews""",public/shared,runtime role/state not reconciled,navigation; destination may have side effects,,,C-6e86f5199e,shared_caller_pending,S-6e86f5199e,no,yes,NOT_TESTED,src/components/site/EstateDirectory.tsx:205,NOT_TESTED,no current rendered action execution,,not exercised in rendered session,,source-declared control; full handler chain not individually verified,not executed on current branch,not observed,resolve rendered caller and actor/state; rendered browser action and content/readback not executed on current SHA,NOT_TESTED,,
S-6d2ec915bd,SOURCE_CONTROL_OCCURRENCE,shared component; caller routes need runtime reconciliation,src/components/site/EstateGroupGrid.tsx:112,Link,{card},,"""/estate/$slug""",public/shared,runtime role/state not reconciled,navigation; destination may have side effects,,,C-6d2ec915bd,shared_caller_pending,S-6d2ec915bd,no,yes,NOT_TESTED,src/components/site/EstateGroupGrid.tsx:112,NOT_TESTED,no current rendered action execution,,not exercised in rendered session,,source-declared control; full handler chain not individually verified,not executed on current branch,not observed,resolve rendered caller and actor/state; rendered browser action and content/readback not executed on current SHA,NOT_TESTED,,
S-3ccddd2196,SOURCE_CONTROL_OCCURRENCE,shared component; caller routes need runtime reconciliation,src/components/site/EstateGroupGrid.tsx:201,a,dynamic/no static accessible name,,{whatsappUrl(`你好，想查詢${districtLabel}屋苑放盤`)},public/shared,runtime role/state not reconciled,navigation; destination may have side effects,,,C-3ccddd2196,shared_caller_pending,S-3ccddd2196,no,yes,NOT_TESTED,src/components/site/EstateGroupGrid.tsx:201,NOT_TESTED,no current rendered action execution,,not exercised in rendered session,,source-declared control; full handler chain not individually verified,not executed on current branch,not observed,resolve rendered caller and actor/state; rendered browser action and content/readback not executed on current SHA,NOT_TESTED,,
S-44bd1e6938,SOURCE_CONTROL_OCCURRENCE,shared component; caller routes need runtime reconciliation,src/components/site/EstateGroupGrid.tsx:206,Button,WhatsApp 查詢,,,public/shared,runtime role/state not reconciled,local input/semantic wrapper,,,C-44bd1e6938,shared_caller_pending,S-44bd1e6938,no,yes,NOT_TESTED,src/components/site/EstateGroupGrid.tsx:206,NOT_TESTED,no current rendered action execution,,not exercised in rendered session,,source-declared control; full handler chain not individually verified,not executed on current branch,not observed,resolve rendered caller and actor/state; rendered browser action and content/readback not executed on current SHA,NOT_TESTED,,
S-a893ca4b4e,SOURCE_CONTROL_OCCURRENCE,shared component; caller routes need runtime reconciliation,src/components/site/EstateGroupGrid.tsx:230,button,dynamic/no static accessible name,onClick={() => setOtherOpen((open) => !open)},,public/shared,runtime role/state not reconciled,UNCLASSIFIED; inspect before execution,,,C-a893ca4b4e,shared_caller_pending,S-a893ca4b4e,no,yes,NOT_TESTED,src/components/site/EstateGroupGrid.tsx:230,NOT_TESTED,no current rendered action execution,,not exercised in rendered session,,source-declared control; full handler chain not individually verified,not executed on current branch,not observed,resolve rendered caller and actor/state; rendered browser action and content/readback not executed on current SHA,NOT_TESTED,,
S-d57eaa34d2,SOURCE_CONTROL_OCCURRENCE,shared component; caller routes need runtime reconciliation,src/components/site/EstateGroupGrid.tsx:270,Button,查看更多屋苑,onClick={() => setExpanded(true)},,public/shared,runtime role/state not reconciled,UNCLASSIFIED; inspect before execution,,,C-d57eaa34d2,shared_caller_pending,S-d57eaa34d2,no,yes,NOT_TESTED,src/components/site/EstateGroupGrid.tsx:270,NOT_TESTED,no current rendered action execution,,not exercised in rendered session,,source-declared control; full handler chain not individually verified,not executed on current branch,not observed,resolve rendered caller and actor/state; rendered browser action and content/readback not executed on current SHA,NOT_TESTED,,
S-26441a21b5,SOURCE_CONTROL_OCCURRENCE,shared component; caller routes need runtime reconciliation,src/components/site/IntentWhatsAppCTA.tsx:41,Button,dynamic/no static accessible name,,,public/shared,runtime role/state not reconciled,local input/semantic wrapper,,,C-26441a21b5,shared_caller_pending,S-26441a21b5,no,yes,NOT_TESTED,src/components/site/IntentWhatsAppCTA.tsx:41,NOT_TESTED,no current rendered action execution,,not exercised in rendered session,,source-declared control; full handler chain not individually verified,not executed on current branch,not observed,resolve rendered caller and actor/state; rendered browser action and content/readback not executed on current SHA,NOT_TESTED,,
S-db6edad0ec,SOURCE_CONTROL_OCCURRENCE,shared component; caller routes need runtime reconciliation,src/components/site/IntentWhatsAppCTA.tsx:48,a,{item.label},"onClick={() =>
                track(
                  {
                    name: ""whatsapp_cta_click"",
                    payload: { intent: item.intent, source: context?.source ?? ""intent-cta"" },
                  },
                  buildContext(),
                )
              }","{whatsappIntentUrl(item.intent, context)}",public/shared,runtime role/state not reconciled,navigation; destination may have side effects,,,C-db6edad0ec,shared_caller_pending,S-db6edad0ec,no,yes,NOT_TESTED,src/components/site/IntentWhatsAppCTA.tsx:48,NOT_TESTED,no current rendered action execution,,not exercised in rendered session,,source-declared control; full handler chain not individually verified,not executed on current branch,not observed,resolve rendered caller and actor/state; rendered browser action and content/readback not executed on current SHA,NOT_TESTED,,
S-b2f4083fe3,SOURCE_CONTROL_OCCURRENCE,shared component; caller routes need runtime reconciliation,src/components/site/MortgageCalculator.tsx:136,Input,{label},"onFocus={onStartEditing} | onChange={(event) => onDraftChange(event.target.value)} | onBlur={onCommitDraft} | onKeyDown={(event) => {
          if (event.key === ""Enter"") event.currentTarget.blur();
        }}",,public/shared,runtime role/state not reconciled,UNCLASSIFIED; inspect before execution,,,C-b2f4083fe3,shared_caller_pending,S-b2f4083fe3,no,yes,NOT_TESTED,src/components/site/MortgageCalculator.tsx:136,NOT_TESTED,no current rendered action execution,,not exercised in rendered session,,source-declared control; full handler chain not individually verified,not executed on current branch,not observed,resolve rendered caller and actor/state; rendered browser action and content/readback not executed on current SHA,NOT_TESTED,,
S-a5f7d96aff,SOURCE_CONTROL_OCCURRENCE,shared component; caller routes need runtime reconciliation,src/components/site/MortgageCalculator.tsx:199,Slider,{label},"onValueChange={(nextValue) => onSliderCommit(getSliderValue(nextValue, committedValue))}",,public/shared,runtime role/state not reconciled,UNCLASSIFIED; inspect before execution,,,C-a5f7d96aff,shared_caller_pending,S-a5f7d96aff,no,yes,NOT_TESTED,src/components/site/MortgageCalculator.tsx:199,NOT_TESTED,no current rendered action execution,,not exercised in rendered session,,source-declared control; full handler chain not individually verified,not executed on current branch,not observed,resolve rendered caller and actor/state; rendered browser action and content/readback not executed on current SHA,NOT_TESTED,,
S-d05082fe75,SOURCE_CONTROL_OCCURRENCE,shared component; caller routes need runtime reconciliation,src/components/site/MortgageCalculator.tsx:207,DraftInput,dynamic/no static accessible name,onStartEditing={onStartEditing} | onDraftChange={onDraftChange} | onCommitDraft={onCommitDraft},,public/shared,runtime role/state not reconciled,UNCLASSIFIED; inspect before execution,,,C-d05082fe75,shared_caller_pending,S-d05082fe75,no,yes,NOT_TESTED,src/components/site/MortgageCalculator.tsx:207,NOT_TESTED,no current rendered action execution,,not exercised in rendered session,,source-declared control; full handler chain not individually verified,not executed on current branch,not observed,resolve rendered caller and actor/state; rendered browser action and content/readback not executed on current SHA,NOT_TESTED,,
S-6698f11e56,SOURCE_CONTROL_OCCURRENCE,shared component; caller routes need runtime reconciliation,src/components/site/MortgageCalculator.tsx:362,Field,{formatMoney(state.inputs.price)},"onStartEditing={() => startEditing(""price"")} | onDraftChange={(value) => updateDraft(""price"", value)} | onCommitDraft={() => commitDraft(""price"")} | onSliderCommit={(value) => commitSlider(""price"", value)}",,public/shared,runtime role/state not reconciled,UNCLASSIFIED; inspect before execution,,,C-6698f11e56,shared_caller_pending,S-6698f11e56,no,yes,NOT_TESTED,src/components/site/MortgageCalculator.tsx:362,NOT_TESTED,no current rendered action execution,,not exercised in rendered session,,source-declared control; full handler chain not individually verified,not executed on current branch,not observed,resolve rendered caller and actor/state; rendered browser action and content/readback not executed on current SHA,NOT_TESTED,,
S-236e3f96ee,SOURCE_CONTROL_OCCURRENCE,shared component; caller routes need runtime reconciliation,src/components/site/MortgageCalculator.tsx:378,Field,{state.inputs.ltv} %,"onStartEditing={() => startEditing(""ltv"")} | onDraftChange={(value) => updateDraft(""ltv"", value)} | onCommitDraft={() => commitDraft(""ltv"")} | onSliderCommit={(value) => commitSlider(""ltv"", value)}",,public/shared,runtime role/state not reconciled,UNCLASSIFIED; inspect before execution,,,C-236e3f96ee,shared_caller_pending,S-236e3f96ee,no,yes,NOT_TESTED,src/components/site/MortgageCalculator.tsx:378,NOT_TESTED,no current rendered action execution,,not exercised in rendered session,,source-declared control; full handler chain not individually verified,not executed on current branch,not observed,resolve rendered caller and actor/state; rendered browser action and content/readback not executed on current SHA,NOT_TESTED,,
S-fb1956cabd,SOURCE_CONTROL_OCCURRENCE,shared component; caller routes need runtime reconciliation,src/components/site/MortgageCalculator.tsx:394,Field,{state.inputs.years} 年,"onStartEditing={() => startEditing(""years"")} | onDraftChange={(value) => updateDraft(""years"", value)} | onCommitDraft={() => commitDraft(""years"")} | onSliderCommit={(value) => commitSlider(""years"", value)}",,public/shared,runtime role/state not reconciled,UNCLASSIFIED; inspect before execution,,,C-fb1956cabd,shared_caller_pending,S-fb1956cabd,no,yes,NOT_TESTED,src/components/site/MortgageCalculator.tsx:394,NOT_TESTED,no current rendered action execution,,not exercised in rendered session,,source-declared control; full handler chain not individually verified,not executed on current branch,not observed,resolve rendered caller and actor/state; rendered browser action and content/readback not executed on current SHA,NOT_TESTED,,
S-8dffc5da94,SOURCE_CONTROL_OCCURRENCE,shared component; caller routes need runtime reconciliation,src/components/site/MortgageCalculator.tsx:410,Field,{state.inputs.annualInterestRate.toFixed(2)} %,"onStartEditing={() => startEditing(""annualInterestRate"")} | onDraftChange={(value) => updateDraft(""annualInterestRate"", value)} | onCommitDraft={() => commitDraft(""annualInterestRate"")} | onSliderCommit={(value) => commitSlider(""annualInterestRate"", value)}",,public/shared,runtime role/state not reconciled,UNCLASSIFIED; inspect before execution,,,C-8dffc5da94,shared_caller_pending,S-8dffc5da94,no,yes,NOT_TESTED,src/components/site/MortgageCalculator.tsx:410,NOT_TESTED,no current rendered action execution,,not exercised in rendered session,,source-declared control; full handler chain not individually verified,not executed on current branch,not observed,resolve rendered caller and actor/state; rendered browser action and content/readback not executed on current SHA,NOT_TESTED,,
S-a22dc69239,SOURCE_CONTROL_OCCURRENCE,shared component; caller routes need runtime reconciliation,src/components/site/MortgageCalculator.tsx:426,Field,+ {state.inputs.stressRate.toFixed(2)} %,"onStartEditing={() => startEditing(""stressRate"")} | onDraftChange={(value) => updateDraft(""stressRate"", value)} | onCommitDraft={() => commitDraft(""stressRate"")} | onSliderCommit={(value) => commitSlider(""stressRate"", value)}",,public/shared,runtime role/state not reconciled,UNCLASSIFIED; inspect before execution,,,C-a22dc69239,shared_caller_pending,S-a22dc69239,no,yes,NOT_TESTED,src/components/site/MortgageCalculator.tsx:426,NOT_TESTED,no current rendered action execution,,not exercised in rendered session,,source-declared control; full handler chain not individually verified,not executed on current branch,not observed,resolve rendered caller and actor/state; rendered browser action and content/readback not executed on current SHA,NOT_TESTED,,
S-bc0b400ef8,SOURCE_CONTROL_OCCURRENCE,shared component; caller routes need runtime reconciliation,src/components/site/MortgageCalculator.tsx:455,DraftInput,"""選填""","onStartEditing={() => startEditing(""monthlyIncome"")} | onDraftChange={(value) => updateDraft(""monthlyIncome"", value)} | onCommitDraft={() => commitDraft(""monthlyIncome"")}",,public/shared,runtime role/state not reconciled,UNCLASSIFIED; inspect before execution,,,C-bc0b400ef8,shared_caller_pending,S-bc0b400ef8,no,yes,NOT_TESTED,src/components/site/MortgageCalculator.tsx:455,NOT_TESTED,no current rendered action execution,,not exercised in rendered session,,source-declared control; full handler chain not individually verified,not executed on current branch,not observed,resolve rendered caller and actor/state; rendered browser action and content/readback not executed on current SHA,NOT_TESTED,,
S-0e1ab9eeaa,SOURCE_CONTROL_OCCURRENCE,shared component; caller routes need runtime reconciliation,src/components/site/MortgageCalculator.tsx:469,DraftInput,"""選填""","onStartEditing={() => startEditing(""monthlyDebtExpenses"")} | onDraftChange={(value) => updateDraft(""monthlyDebtExpenses"", value)} | onCommitDraft={() => commitDraft(""monthlyDebtExpenses"")}",,public/shared,runtime role/state not reconciled,UNCLASSIFIED; inspect before execution,,,C-0e1ab9eeaa,shared_caller_pending,S-0e1ab9eeaa,no,yes,NOT_TESTED,src/components/site/MortgageCalculator.tsx:469,NOT_TESTED,no current rendered action execution,,not exercised in rendered session,,source-declared control; full handler chain not individually verified,not executed on current branch,not observed,resolve rendered caller and actor/state; rendered browser action and content/readback not executed on current SHA,NOT_TESTED,,
S-e95c16c556,SOURCE_CONTROL_OCCURRENCE,shared component; caller routes need runtime reconciliation,src/components/site/MortgageCalculator.tsx:548,Button,儲存此方案作比較,onClick={handleSaveScenario},,public/shared,{!canSaveScenario},UNCLASSIFIED; inspect before execution,,,C-e95c16c556,shared_caller_pending,S-e95c16c556,no,yes,NOT_TESTED,src/components/site/MortgageCalculator.tsx:548,NOT_TESTED,no current rendered action execution,,not exercised in rendered session,,source-declared control; full handler chain not individually verified,not executed on current branch,not observed,resolve rendered caller and actor/state; rendered browser action and content/readback not executed on current SHA,NOT_TESTED,,
S-3d812ba388,SOURCE_CONTROL_OCCURRENCE,shared component; caller routes need runtime reconciliation,src/components/site/MortgageCalculator.tsx:603,Button,{`移除方案 ${index + 1}`},onClick={() => handleRemoveScenario(scenario.id)},,public/shared,runtime role/state not reconciled,UNCLASSIFIED; inspect before execution,,,C-3d812ba388,shared_caller_pending,S-3d812ba388,no,yes,NOT_TESTED,src/components/site/MortgageCalculator.tsx:603,NOT_TESTED,no current rendered action execution,,not exercised in rendered session,,source-declared control; full handler chain not individually verified,not executed on current branch,not observed,resolve rendered caller and actor/state; rendered browser action and content/readback not executed on current SHA,NOT_TESTED,,
S-e20fa64497,SOURCE_CONTROL_OCCURRENCE,shared component; caller routes need runtime reconciliation,src/components/site/MortgageCalculator.tsx:670,Collapsible,dynamic/no static accessible name,onOpenChange={setShowAmortization},,public/shared,runtime role/state not reconciled,UNCLASSIFIED; inspect before execution,,,C-e20fa64497,shared_caller_pending,S-e20fa64497,no,yes,NOT_TESTED,src/components/site/MortgageCalculator.tsx:670,NOT_TESTED,no current rendered action execution,,not exercised in rendered session,,source-declared control; full handler chain not individually verified,not executed on current branch,not observed,resolve rendered caller and actor/state; rendered browser action and content/readback not executed on current SHA,NOT_TESTED,,
S-fa540691da,SOURCE_CONTROL_OCCURRENCE,shared component; caller routes need runtime reconciliation,src/components/site/MortgageCalculator.tsx:672,Button,"{showAmortization ? ""隱藏年度還款明細"" : ""顯示年度還款明細""}",,,public/shared,runtime role/state not reconciled,local input/semantic wrapper,,,C-fa540691da,shared_caller_pending,S-fa540691da,no,yes,NOT_TESTED,src/components/site/MortgageCalculator.tsx:672,NOT_TESTED,no current rendered action execution,,not exercised in rendered session,,source-declared control; full handler chain not individually verified,not executed on current branch,not observed,resolve rendered caller and actor/state; rendered browser action and content/readback not executed on current SHA,NOT_TESTED,,
S-cfad2681e3,SOURCE_CONTROL_OCCURRENCE,shared component; caller routes need runtime reconciliation,src/components/site/MortgageCalculator.tsx:758,a,按揭證券公司按揭保險計劃,,"""https://www.hkmc.com.hk/eng/our_business/mortgage_insurance_programme.html""",public/shared,runtime role/state not reconciled,navigation; destination may have side effects,,,C-cfad2681e3,shared_caller_pending,S-cfad2681e3,no,yes,NOT_TESTED,src/components/site/MortgageCalculator.tsx:758,NOT_TESTED,no current rendered action execution,,not exercised in rendered session,,source-declared control; full handler chain not individually verified,not executed on current branch,not observed,resolve rendered caller and actor/state; rendered browser action and content/readback not executed on current SHA,NOT_TESTED,,
S-1ee08912fc,SOURCE_CONTROL_OCCURRENCE,shared component; caller routes need runtime reconciliation,src/components/site/OwnerValuationPanel.tsx:101,form,dynamic/no static accessible name,onSubmit={handleSubmit},,public/shared,runtime role/state not reconciled,UNCLASSIFIED; inspect before execution,,,C-1ee08912fc,shared_caller_pending,S-1ee08912fc,no,yes,NOT_TESTED,src/components/site/OwnerValuationPanel.tsx:101,NOT_TESTED,no current rendered action execution,,not exercised in rendered session,,source-declared control; full handler chain not individually verified,not executed on current branch,not observed,resolve rendered caller and actor/state; rendered browser action and content/readback not executed on current SHA,NOT_TESTED,,
S-20095398fb,SOURCE_CONTROL_OCCURRENCE,shared component; caller routes need runtime reconciliation,src/components/site/OwnerValuationPanel.tsx:105,Input,"""陳先生""",onChange={(e) => setName(e.target.value)},,public/shared,runtime role/state not reconciled,UNCLASSIFIED; inspect before execution,,,C-20095398fb,shared_caller_pending,S-20095398fb,no,yes,NOT_TESTED,src/components/site/OwnerValuationPanel.tsx:105,NOT_TESTED,no current rendered action execution,,not exercised in rendered session,,source-declared control; full handler chain not individually verified,not executed on current branch,not observed,resolve rendered caller and actor/state; rendered browser action and content/readback not executed on current SHA,NOT_TESTED,,
S-1be41ac697,SOURCE_CONTROL_OCCURRENCE,shared component; caller routes need runtime reconciliation,src/components/site/OwnerValuationPanel.tsx:116,Input,"""9123 4567""",onChange={(e) => setPhone(e.target.value)},,public/shared,runtime role/state not reconciled,UNCLASSIFIED; inspect before execution,,,C-1be41ac697,shared_caller_pending,S-1be41ac697,no,yes,NOT_TESTED,src/components/site/OwnerValuationPanel.tsx:116,NOT_TESTED,no current rendered action execution,,not exercised in rendered session,,source-declared control; full handler chain not individually verified,not executed on current branch,not observed,resolve rendered caller and actor/state; rendered browser action and content/readback not executed on current SHA,NOT_TESTED,,
S-3c9a5d9bd0,SOURCE_CONTROL_OCCURRENCE,shared component; caller routes need runtime reconciliation,src/components/site/OwnerValuationPanel.tsx:128,Input,"""例：深井 XX 花園 X座 X樓 X室""",onChange={(e) => setPropertyAddress(e.target.value)},,public/shared,runtime role/state not reconciled,UNCLASSIFIED; inspect before execution,,,C-3c9a5d9bd0,shared_caller_pending,S-3c9a5d9bd0,no,yes,NOT_TESTED,src/components/site/OwnerValuationPanel.tsx:128,NOT_TESTED,no current rendered action execution,,not exercised in rendered session,,source-declared control; full handler chain not individually verified,not executed on current branch,not observed,resolve rendered caller and actor/state; rendered browser action and content/readback not executed on current SHA,NOT_TESTED,,
S-370218f164,SOURCE_CONTROL_OCCURRENCE,shared component; caller routes need runtime reconciliation,src/components/site/OwnerValuationPanel.tsx:139,Textarea,"""例：實用面積約 500 呎，中層，海景，已裝修""",onChange={(e) => setNotes(e.target.value)},,public/shared,runtime role/state not reconciled,UNCLASSIFIED; inspect before execution,,,C-370218f164,shared_caller_pending,S-370218f164,no,yes,NOT_TESTED,src/components/site/OwnerValuationPanel.tsx:139,NOT_TESTED,no current rendered action execution,,not exercised in rendered session,,source-declared control; full handler chain not individually verified,not executed on current branch,not observed,resolve rendered caller and actor/state; rendered browser action and content/readback not executed on current SHA,NOT_TESTED,,
S-9a75d2ea3c,SOURCE_CONTROL_OCCURRENCE,shared component; caller routes need runtime reconciliation,src/components/site/OwnerValuationPanel.tsx:149,Checkbox,dynamic/no static accessible name,onCheckedChange={(checked) => setConsent(checked === true)},,public/shared,runtime role/state not reconciled,UNCLASSIFIED; inspect before execution,,,C-9a75d2ea3c,shared_caller_pending,S-9a75d2ea3c,no,yes,NOT_TESTED,src/components/site/OwnerValuationPanel.tsx:149,NOT_TESTED,no current rendered action execution,,not exercised in rendered session,,source-declared control; full handler chain not individually verified,not executed on current branch,not observed,resolve rendered caller and actor/state; rendered browser action and content/readback not executed on current SHA,NOT_TESTED,,
S-a64d3ff07c,SOURCE_CONTROL_OCCURRENCE,shared component; caller routes need runtime reconciliation,src/components/site/OwnerValuationPanel.tsx:162,Button,"{submitting ? ""提交中…"" : ""提交估價查詢""}",,,public/shared,{submitting || !consent},local input/semantic wrapper,,,C-a64d3ff07c,shared_caller_pending,S-a64d3ff07c,no,yes,NOT_TESTED,src/components/site/OwnerValuationPanel.tsx:162,NOT_TESTED,no current rendered action execution,,not exercised in rendered session,,source-declared control; full handler chain not individually verified,not executed on current branch,not observed,resolve rendered caller and actor/state; rendered browser action and content/readback not executed on current SHA,NOT_TESTED,,
S-3ad55f129f,SOURCE_CONTROL_OCCURRENCE,shared component; caller routes need runtime reconciliation,src/components/site/OwnerValuationPanel.tsx:199,Button,dynamic/no static accessible name,,,public/shared,runtime role/state not reconciled,local input/semantic wrapper,,,C-3ad55f129f,shared_caller_pending,S-3ad55f129f,no,yes,NOT_TESTED,src/components/site/OwnerValuationPanel.tsx:199,NOT_TESTED,no current rendered action execution,,not exercised in rendered session,,source-declared control; full handler chain not individually verified,not executed on current branch,not observed,resolve rendered caller and actor/state; rendered browser action and content/readback not executed on current SHA,NOT_TESTED,,
S-fa7bcee5af,SOURCE_CONTROL_OCCURRENCE,shared component; caller routes need runtime reconciliation,src/components/site/OwnerValuationPanel.tsx:200,a,我要放盤估價,,"{whatsappIntentUrl(""valuation"", {
                ...context,
                source: context?.source ?? ""owner-valuation-panel"",
              })}",public/shared,runtime role/state not reconciled,navigation; destination may have side effects,,,C-fa7bcee5af,shared_caller_pending,S-fa7bcee5af,no,yes,NOT_TESTED,src/components/site/OwnerValuationPanel.tsx:200,NOT_TESTED,no current rendered action execution,,not exercised in rendered session,,source-declared control; full handler chain not individually verified,not executed on current branch,not observed,resolve rendered caller and actor/state; rendered browser action and content/readback not executed on current SHA,NOT_TESTED,,
S-1f90f8c5bc,SOURCE_CONTROL_OCCURRENCE,shared component; caller routes need runtime reconciliation,src/components/site/SearchFallbackCTA.tsx:27,Button,dynamic/no static accessible name,,,public/shared,runtime role/state not reconciled,local input/semantic wrapper,,,C-1f90f8c5bc,shared_caller_pending,S-1f90f8c5bc,no,yes,NOT_TESTED,src/components/site/SearchFallbackCTA.tsx:27,NOT_TESTED,no current rendered action execution,,not exercised in rendered session,,source-declared control; full handler chain not individually verified,not executed on current branch,not observed,resolve rendered caller and actor/state; rendered browser action and content/readback not executed on current SHA,NOT_TESTED,,
S-ec894155f2,SOURCE_CONTROL_OCCURRENCE,shared component; caller routes need runtime reconciliation,src/components/site/SearchFallbackCTA.tsx:28,a,WhatsApp 講低預算,,"{whatsappIntentUrl(intent, {
              ...context,
              source: context?.source ?? ""listing-search-fallback"",
            })}",public/shared,runtime role/state not reconciled,navigation; destination may have side effects,,,C-ec894155f2,shared_caller_pending,S-ec894155f2,no,yes,NOT_TESTED,src/components/site/SearchFallbackCTA.tsx:28,NOT_TESTED,no current rendered action execution,,not exercised in rendered session,,source-declared control; full handler chain not individually verified,not executed on current branch,not observed,resolve rendered caller and actor/state; rendered browser action and content/readback not executed on current SHA,NOT_TESTED,,
S-c9c6e2d59f,SOURCE_CONTROL_OCCURRENCE,shared component; caller routes need runtime reconciliation,src/components/site/SiteFooter.tsx:39,a,FIMMICK,,"""https://www.fimmick.com""",public/shared,runtime role/state not reconciled,navigation; destination may have side effects,,,C-c9c6e2d59f,shared_caller_pending,S-c9c6e2d59f,no,yes,NOT_TESTED,src/components/site/SiteFooter.tsx:39,NOT_TESTED,no current rendered action execution,,not exercised in rendered session,,source-declared control; full handler chain not individually verified,not executed on current branch,not observed,resolve rendered caller and actor/state; rendered browser action and content/readback not executed on current SHA,NOT_TESTED,,
S-f793a038be,SOURCE_CONTROL_OCCURRENCE,shared component; caller routes need runtime reconciliation,src/components/site/SiteFooter.tsx:50,Link,查看持牌代理團隊,,"""/agents""",public/shared,runtime role/state not reconciled,navigation; destination may have side effects,,,C-f793a038be,shared_caller_pending,S-f793a038be,no,yes,NOT_TESTED,src/components/site/SiteFooter.tsx:50,NOT_TESTED,no current rendered action execution,,not exercised in rendered session,,source-declared control; full handler chain not individually verified,not executed on current branch,not observed,resolve rendered caller and actor/state; rendered browser action and content/readback not executed on current SHA,NOT_TESTED,,
S-225e4d1660,SOURCE_CONTROL_OCCURRENCE,shared component; caller routes need runtime reconciliation,src/components/site/SiteFooter.tsx:68,Link,搜尋全部放盤,,"""/listings""",public/shared,runtime role/state not reconciled,navigation; destination may have side effects,,,C-225e4d1660,shared_caller_pending,S-225e4d1660,no,yes,NOT_TESTED,src/components/site/SiteFooter.tsx:68,NOT_TESTED,no current rendered action execution,,not exercised in rendered session,,source-declared control; full handler chain not individually verified,not executed on current branch,not observed,resolve rendered caller and actor/state; rendered browser action and content/readback not executed on current SHA,NOT_TESTED,,
S-4ae71ffa83,SOURCE_CONTROL_OCCURRENCE,shared component; caller routes need runtime reconciliation,src/components/site/SiteFooter.tsx:106,Link,{estate.nameZh},,"""/estate/$slug""",public/shared,runtime role/state not reconciled,navigation; destination may have side effects,,,C-4ae71ffa83,shared_caller_pending,S-4ae71ffa83,no,yes,NOT_TESTED,src/components/site/SiteFooter.tsx:106,NOT_TESTED,no current rendered action execution,,not exercised in rendered session,,source-declared control; full handler chain not individually verified,not executed on current branch,not observed,resolve rendered caller and actor/state; rendered browser action and content/readback not executed on current SHA,NOT_TESTED,,
S-ad2d97ab0b,SOURCE_CONTROL_OCCURRENCE,shared component; caller routes need runtime reconciliation,src/components/site/SiteFooter.tsx:124,Link,關於晉誠,,"""/about""",public/shared,runtime role/state not reconciled,navigation; destination may have side effects,,,C-ad2d97ab0b,shared_caller_pending,S-ad2d97ab0b,no,yes,NOT_TESTED,src/components/site/SiteFooter.tsx:124,NOT_TESTED,no current rendered action execution,,not exercised in rendered session,,source-declared control; full handler chain not individually verified,not executed on current branch,not observed,resolve rendered caller and actor/state; rendered browser action and content/readback not executed on current SHA,NOT_TESTED,,
S-bf74eaae24,SOURCE_CONTROL_OCCURRENCE,shared component; caller routes need runtime reconciliation,src/components/site/SiteFooter.tsx:129,Link,代理團隊,,"""/agents""",public/shared,runtime role/state not reconciled,navigation; destination may have side effects,,,C-bf74eaae24,shared_caller_pending,S-bf74eaae24,no,yes,NOT_TESTED,src/components/site/SiteFooter.tsx:129,NOT_TESTED,no current rendered action execution,,not exercised in rendered session,,source-declared control; full handler chain not individually verified,not executed on current branch,not observed,resolve rendered caller and actor/state; rendered browser action and content/readback not executed on current SHA,NOT_TESTED,,
S-57e8cac2f3,SOURCE_CONTROL_OCCURRENCE,shared component; caller routes need runtime reconciliation,src/components/site/SiteFooter.tsx:134,Link,按揭計算機,,"""/mortgage""",public/shared,runtime role/state not reconciled,navigation; destination may have side effects,,,C-57e8cac2f3,shared_caller_pending,S-57e8cac2f3,no,yes,NOT_TESTED,src/components/site/SiteFooter.tsx:134,NOT_TESTED,no current rendered action execution,,not exercised in rendered session,,source-declared control; full handler chain not individually verified,not executed on current branch,not observed,resolve rendered caller and actor/state; rendered browser action and content/readback not executed on current SHA,NOT_TESTED,,
S-c8f9e5760d,SOURCE_CONTROL_OCCURRENCE,shared component; caller routes need runtime reconciliation,src/components/site/SiteFooter.tsx:139,Link,市場分析,,"""/blog""",public/shared,runtime role/state not reconciled,navigation; destination may have side effects,,,C-c8f9e5760d,shared_caller_pending,S-c8f9e5760d,no,yes,NOT_TESTED,src/components/site/SiteFooter.tsx:139,NOT_TESTED,no current rendered action execution,,not exercised in rendered session,,source-declared control; full handler chain not individually verified,not executed on current branch,not observed,resolve rendered caller and actor/state; rendered browser action and content/readback not executed on current SHA,NOT_TESTED,,
S-fb11e6027f,SOURCE_CONTROL_OCCURRENCE,shared component; caller routes need runtime reconciliation,src/components/site/SiteFooter.tsx:144,Link,YouTube影片,,"""/videos""",public/shared,runtime role/state not reconciled,navigation; destination may have side effects,,,C-fb11e6027f,shared_caller_pending,S-fb11e6027f,no,yes,NOT_TESTED,src/components/site/SiteFooter.tsx:144,NOT_TESTED,no current rendered action execution,,not exercised in rendered session,,source-declared control; full handler chain not individually verified,not executed on current branch,not observed,resolve rendered caller and actor/state; rendered browser action and content/readback not executed on current SHA,NOT_TESTED,,
S-b36aae79d3,SOURCE_CONTROL_OCCURRENCE,shared component; caller routes need runtime reconciliation,src/components/site/SiteFooter.tsx:149,Link,屋苑開箱,,"""/estate-reviews""",public/shared,runtime role/state not reconciled,navigation; destination may have side effects,,,C-b36aae79d3,shared_caller_pending,S-b36aae79d3,no,yes,NOT_TESTED,src/components/site/SiteFooter.tsx:149,NOT_TESTED,no current rendered action execution,,not exercised in rendered session,,source-declared control; full handler chain not individually verified,not executed on current branch,not observed,resolve rendered caller and actor/state; rendered browser action and content/readback not executed on current SHA,NOT_TESTED,,
S-2a05225176,SOURCE_CONTROL_OCCURRENCE,shared component; caller routes need runtime reconciliation,src/components/site/SiteFooter.tsx:154,Link,晉誠地產最新成交,,"""/transactions""",public/shared,runtime role/state not reconciled,navigation; destination may have side effects,,,C-2a05225176,shared_caller_pending,S-2a05225176,no,yes,NOT_TESTED,src/components/site/SiteFooter.tsx:154,NOT_TESTED,no current rendered action execution,,not exercised in rendered session,,source-declared control; full handler chain not individually verified,not executed on current branch,not observed,resolve rendered caller and actor/state; rendered browser action and content/readback not executed on current SHA,NOT_TESTED,,
S-71f6908a20,SOURCE_CONTROL_OCCURRENCE,shared component; caller routes need runtime reconciliation,src/components/site/SiteFooter.tsx:159,Link,業主放盤 / 免費估價,,"""/""",public/shared,runtime role/state not reconciled,navigation; destination may have side effects,,,C-71f6908a20,shared_caller_pending,S-71f6908a20,no,yes,NOT_TESTED,src/components/site/SiteFooter.tsx:159,NOT_TESTED,no current rendered action execution,,not exercised in rendered session,,source-declared control; full handler chain not individually verified,not executed on current branch,not observed,resolve rendered caller and actor/state; rendered browser action and content/readback not executed on current SHA,NOT_TESTED,,
S-de45f1b1a9,SOURCE_CONTROL_OCCURRENCE,shared component; caller routes need runtime reconciliation,src/components/site/SiteFooter.tsx:164,Link,聯絡我們,,"""/contact""",public/shared,runtime role/state not reconciled,navigation; destination may have side effects,,,C-de45f1b1a9,shared_caller_pending,S-de45f1b1a9,no,yes,NOT_TESTED,src/components/site/SiteFooter.tsx:164,NOT_TESTED,no current rendered action execution,,not exercised in rendered session,,source-declared control; full handler chain not individually verified,not executed on current branch,not observed,resolve rendered caller and actor/state; rendered browser action and content/readback not executed on current SHA,NOT_TESTED,,
S-ce17956ce3,SOURCE_CONTROL_OCCURRENCE,shared component; caller routes need runtime reconciliation,src/components/site/SiteFooter.tsx:175,Link,私隱政策,,"""/privacy""",public/shared,runtime role/state not reconciled,navigation; destination may have side effects,,,C-ce17956ce3,shared_caller_pending,S-ce17956ce3,no,yes,NOT_TESTED,src/components/site/SiteFooter.tsx:175,NOT_TESTED,no current rendered action execution,,not exercised in rendered session,,source-declared control; full handler chain not individually verified,not executed on current branch,not observed,resolve rendered caller and actor/state; rendered browser action and content/readback not executed on current SHA,NOT_TESTED,,
S-ed9905e9d8,SOURCE_CONTROL_OCCURRENCE,shared component; caller routes need runtime reconciliation,src/components/site/SiteFooter.tsx:180,Link,免責聲明,,"""/disclaimer""",public/shared,runtime role/state not reconciled,navigation; destination may have side effects,,,C-ed9905e9d8,shared_caller_pending,S-ed9905e9d8,no,yes,NOT_TESTED,src/components/site/SiteFooter.tsx:180,NOT_TESTED,no current rendered action execution,,not exercised in rendered session,,source-declared control; full handler chain not individually verified,not executed on current branch,not observed,resolve rendered caller and actor/state; rendered browser action and content/readback not executed on current SHA,NOT_TESTED,,
S-1a54efd5fb,SOURCE_CONTROL_OCCURRENCE,shared component; caller routes need runtime reconciliation,src/components/site/SiteFooter.tsx:185,Link,使用條款,,"""/terms""",public/shared,runtime role/state not reconciled,navigation; destination may have side effects,,,C-1a54efd5fb,shared_caller_pending,S-1a54efd5fb,no,yes,NOT_TESTED,src/components/site/SiteFooter.tsx:185,NOT_TESTED,no current rendered action execution,,not exercised in rendered session,,source-declared control; full handler chain not individually verified,not executed on current branch,not observed,resolve rendered caller and actor/state; rendered browser action and content/readback not executed on current SHA,NOT_TESTED,,
S-8b0ee53fa2,SOURCE_CONTROL_OCCURRENCE,shared component; caller routes need runtime reconciliation,src/components/site/SiteFooter.tsx:208,a,{displayPhone(branch.phone)},,{`tel:${branch.phone}`},public/shared,runtime role/state not reconciled,navigation; destination may have side effects,,,C-8b0ee53fa2,shared_caller_pending,S-8b0ee53fa2,no,yes,NOT_TESTED,src/components/site/SiteFooter.tsx:208,NOT_TESTED,no current rendered action execution,,not exercised in rendered session,,source-declared control; full handler chain not individually verified,not executed on current branch,not observed,resolve rendered caller and actor/state; rendered browser action and content/readback not executed on current SHA,NOT_TESTED,,
S-d76bf9198c,SOURCE_CONTROL_OCCURRENCE,shared component; caller routes need runtime reconciliation,src/components/site/SiteFooter.tsx:218,a,{SITE_CONTACT.email},,{`mailto:${SITE_CONTACT.email}`},public/shared,runtime role/state not reconciled,navigation; destination may have side effects,,,C-d76bf9198c,shared_caller_pending,S-d76bf9198c,no,yes,NOT_TESTED,src/components/site/SiteFooter.tsx:218,NOT_TESTED,no current rendered action execution,,not exercised in rendered session,,source-declared control; full handler chain not individually verified,not executed on current branch,not observed,resolve rendered caller and actor/state; rendered browser action and content/readback not executed on current SHA,NOT_TESTED,,
S-06d47bb3e6,SOURCE_CONTROL_OCCURRENCE,shared component; caller routes need runtime reconciliation,src/components/site/SiteFooter.tsx:234,a,Estate Agents Authority HK,,"""https://www.eaa.org.hk/""",public/shared,runtime role/state not reconciled,navigation; destination may have side effects,,,C-06d47bb3e6,shared_caller_pending,S-06d47bb3e6,no,yes,NOT_TESTED,src/components/site/SiteFooter.tsx:234,NOT_TESTED,no current rendered action execution,,not exercised in rendered session,,source-declared control; full handler chain not individually verified,not executed on current branch,not observed,resolve rendered caller and actor/state; rendered browser action and content/readback not executed on current SHA,NOT_TESTED,,
S-b83f0e86b5,SOURCE_CONTROL_OCCURRENCE,shared component; caller routes need runtime reconciliation,src/components/site/SiteHeader.tsx:255,SiteLink,{item.label},onClick={onClick},{itemHref(item)},public/shared,runtime role/state not reconciled,navigation; destination may have side effects,,,C-b83f0e86b5,shared_caller_pending,S-b83f0e86b5,no,yes,NOT_TESTED,src/components/site/SiteHeader.tsx:255,NOT_TESTED,no current rendered action execution,,not exercised in rendered session,,source-declared control; full handler chain not individually verified,not executed on current branch,not observed,resolve rendered caller and actor/state; rendered browser action and content/readback not executed on current SHA,NOT_TESTED,,
S-7093db9606,SOURCE_CONTROL_OCCURRENCE,shared component; caller routes need runtime reconciliation,src/components/site/SiteHeader.tsx:300,SiteLink,{content},onClick={onClick},{itemHref(item)},public/shared,runtime role/state not reconciled,navigation; destination may have side effects,,,C-7093db9606,shared_caller_pending,S-7093db9606,no,yes,NOT_TESTED,src/components/site/SiteHeader.tsx:300,NOT_TESTED,no current rendered action execution,,not exercised in rendered session,,source-declared control; full handler chain not individually verified,not executed on current branch,not observed,resolve rendered caller and actor/state; rendered browser action and content/readback not executed on current SHA,NOT_TESTED,,
S-ac06b61249,SOURCE_CONTROL_OCCURRENCE,shared component; caller routes need runtime reconciliation,src/components/site/SiteHeader.tsx:325,MegaMenuLink,dynamic/no static accessible name,onClick={onLinkClick},,public/shared,runtime role/state not reconciled,UNCLASSIFIED; inspect before execution,,,C-ac06b61249,shared_caller_pending,S-ac06b61249,no,yes,NOT_TESTED,src/components/site/SiteHeader.tsx:325,NOT_TESTED,no current rendered action execution,,not exercised in rendered session,,source-declared control; full handler chain not individually verified,not executed on current branch,not observed,resolve rendered caller and actor/state; rendered browser action and content/readback not executed on current SHA,NOT_TESTED,,
S-6ed921130e,SOURCE_CONTROL_OCCURRENCE,shared component; caller routes need runtime reconciliation,src/components/site/SiteHeader.tsx:336,MegaMenuLink,dynamic/no static accessible name,onClick={onLinkClick},,public/shared,runtime role/state not reconciled,UNCLASSIFIED; inspect before execution,,,C-6ed921130e,shared_caller_pending,S-ac06b61249,yes,yes,NOT_TESTED,src/components/site/SiteHeader.tsx:336,NOT_TESTED,no current rendered action execution,,not exercised in rendered session,,source-declared control; full handler chain not individually verified,not executed on current branch,not observed,resolve rendered caller and actor/state; rendered browser action and content/readback not executed on current SHA,NOT_TESTED,,
S-e6a374363b,SOURCE_CONTROL_OCCURRENCE,shared component; caller routes need runtime reconciliation,src/components/site/SiteHeader.tsx:341,MegaMenuLink,dynamic/no static accessible name,onClick={onLinkClick},,public/shared,runtime role/state not reconciled,UNCLASSIFIED; inspect before execution,,,C-e6a374363b,shared_caller_pending,S-ac06b61249,yes,yes,NOT_TESTED,src/components/site/SiteHeader.tsx:341,NOT_TESTED,no current rendered action execution,,not exercised in rendered session,,source-declared control; full handler chain not individually verified,not executed on current branch,not observed,resolve rendered caller and actor/state; rendered browser action and content/readback not executed on current SHA,NOT_TESTED,,
S-d7a6abbff2,SOURCE_CONTROL_OCCURRENCE,shared component; caller routes need runtime reconciliation,src/components/site/SiteHeader.tsx:398,Link,dynamic/no static accessible name,onClick={() => setActiveMegaMenu(null)},"""/""",public/shared,runtime role/state not reconciled,navigation; destination may have side effects,,,C-d7a6abbff2,shared_caller_pending,S-d7a6abbff2,no,yes,NOT_TESTED,src/components/site/SiteHeader.tsx:398,NOT_TESTED,no current rendered action execution,,not exercised in rendered session,,source-declared control; full handler chain not individually verified,not executed on current branch,not observed,resolve rendered caller and actor/state; rendered browser action and content/readback not executed on current SHA,NOT_TESTED,,
S-9167087440,SOURCE_CONTROL_OCCURRENCE,shared component; caller routes need runtime reconciliation,src/components/site/SiteHeader.tsx:410,HeaderNavLink,dynamic/no static accessible name,onClick={() => setActiveMegaMenu(null)},,public/shared,runtime role/state not reconciled,UNCLASSIFIED; inspect before execution,,,C-9167087440,shared_caller_pending,S-9167087440,no,yes,NOT_TESTED,src/components/site/SiteHeader.tsx:410,NOT_TESTED,no current rendered action execution,,not exercised in rendered session,,source-declared control; full handler chain not individually verified,not executed on current branch,not observed,resolve rendered caller and actor/state; rendered browser action and content/readback not executed on current SHA,NOT_TESTED,,
S-79c992286c,SOURCE_CONTROL_OCCURRENCE,shared component; caller routes need runtime reconciliation,src/components/site/SiteHeader.tsx:421,Button,{menu.label},"onKeyDown={(event) => {
                  if (menu.id === ""districts"" && event.key === ""ArrowDown"") {
                    event.preventDefault();
                    setActiveMegaMenu(""districts"");
                    requestAnimationFrame(() =>
                      headerRef.current
                        ?.querySelector<HTMLInputElement>(""#mega-menu-districts input"")
                        ?.focus(),
                    );
                  }
                }} | onClick={() => setActiveMegaMenu(activeMegaMenu === menu.id ? null : menu.id)}",,public/shared,runtime role/state not reconciled,UNCLASSIFIED; inspect before execution,,,C-79c992286c,shared_caller_pending,S-79c992286c,no,yes,NOT_TESTED,src/components/site/SiteHeader.tsx:421,NOT_TESTED,no current rendered action execution,,not exercised in rendered session,,source-declared control; full handler chain not individually verified,not executed on current branch,not observed,resolve rendered caller and actor/state; rendered browser action and content/readback not executed on current SHA,NOT_TESTED,,
S-9a53b2025a,SOURCE_CONTROL_OCCURRENCE,shared component; caller routes need runtime reconciliation,src/components/site/SiteHeader.tsx:465,HeaderNavLink,dynamic/no static accessible name,onClick={() => setActiveMegaMenu(null)},,public/shared,runtime role/state not reconciled,UNCLASSIFIED; inspect before execution,,,C-9a53b2025a,shared_caller_pending,S-9167087440,yes,yes,NOT_TESTED,src/components/site/SiteHeader.tsx:465,NOT_TESTED,no current rendered action execution,,not exercised in rendered session,,source-declared control; full handler chain not individually verified,not executed on current branch,not observed,resolve rendered caller and actor/state; rendered browser action and content/readback not executed on current SHA,NOT_TESTED,,
S-06e068613b,SOURCE_CONTROL_OCCURRENCE,shared component; caller routes need runtime reconciliation,src/components/site/SiteHeader.tsx:478,MegaMenuPanel,dynamic/no static accessible name,onLinkClick={closeMegaMenu},,public/shared,runtime role/state not reconciled,UNCLASSIFIED; inspect before execution,,,C-06e068613b,shared_caller_pending,S-06e068613b,no,yes,NOT_TESTED,src/components/site/SiteHeader.tsx:478,NOT_TESTED,no current rendered action execution,,not exercised in rendered session,,source-declared control; full handler chain not individually verified,not executed on current branch,not observed,resolve rendered caller and actor/state; rendered browser action and content/readback not executed on current SHA,NOT_TESTED,,
S-5fbcff34bc,SOURCE_CONTROL_OCCURRENCE,shared component; caller routes need runtime reconciliation,src/components/site/SiteHeader.tsx:489,a,dynamic/no static accessible name,onClick={() => setActiveMegaMenu(null)},{WHATSAPP_URL},public/shared,runtime role/state not reconciled,navigation; destination may have side effects,,,C-5fbcff34bc,shared_caller_pending,S-5fbcff34bc,no,yes,NOT_TESTED,src/components/site/SiteHeader.tsx:489,NOT_TESTED,no current rendered action execution,,not exercised in rendered session,,source-declared control; full handler chain not individually verified,not executed on current branch,not observed,resolve rendered caller and actor/state; rendered browser action and content/readback not executed on current SHA,NOT_TESTED,,
S-7168979f8f,SOURCE_CONTROL_OCCURRENCE,shared component; caller routes need runtime reconciliation,src/components/site/SiteHeader.tsx:496,Button,WhatsApp,,,public/shared,runtime role/state not reconciled,local input/semantic wrapper,,,C-7168979f8f,shared_caller_pending,S-7168979f8f,no,yes,NOT_TESTED,src/components/site/SiteHeader.tsx:496,NOT_TESTED,no current rendered action execution,,not exercised in rendered session,,source-declared control; full handler chain not individually verified,not executed on current branch,not observed,resolve rendered caller and actor/state; rendered browser action and content/readback not executed on current SHA,NOT_TESTED,,
S-ec5c8224fe,SOURCE_CONTROL_OCCURRENCE,shared component; caller routes need runtime reconciliation,src/components/site/SiteHeader.tsx:502,Sheet,dynamic/no static accessible name,onOpenChange={setOpen},,public/shared,runtime role/state not reconciled,UNCLASSIFIED; inspect before execution,,,C-ec5c8224fe,container_wrapper_candidate,S-ec5c8224fe,no,yes,NOT_TESTED,src/components/site/SiteHeader.tsx:502,NOT_TESTED,no current rendered action execution,,not exercised in rendered session,,source-declared control; full handler chain not individually verified,not executed on current branch,not observed,resolve rendered caller and actor/state; rendered browser action and content/readback not executed on current SHA,NOT_TESTED,,
S-c77ac3894e,SOURCE_CONTROL_OCCURRENCE,shared component; caller routes need runtime reconciliation,src/components/site/SiteHeader.tsx:503,SheetTrigger,dynamic/no static accessible name,,,public/shared,runtime role/state not reconciled,local input/semantic wrapper,,,C-c77ac3894e,shared_caller_pending,S-c77ac3894e,no,yes,NOT_TESTED,src/components/site/SiteHeader.tsx:503,NOT_TESTED,no current rendered action execution,,not exercised in rendered session,,source-declared control; full handler chain not individually verified,not executed on current branch,not observed,resolve rendered caller and actor/state; rendered browser action and content/readback not executed on current SHA,NOT_TESTED,,
S-66dbb62630,SOURCE_CONTROL_OCCURRENCE,shared component; caller routes need runtime reconciliation,src/components/site/SiteHeader.tsx:504,Button,"{open ? ""關閉主選單"" : ""開啟主選單""}",onClick={() => setActiveMegaMenu(null)},,public/shared,runtime role/state not reconciled,UNCLASSIFIED; inspect before execution,,,C-66dbb62630,shared_caller_pending,S-66dbb62630,no,yes,NOT_TESTED,src/components/site/SiteHeader.tsx:504,NOT_TESTED,no current rendered action execution,,not exercised in rendered session,,source-declared control; full handler chain not individually verified,not executed on current branch,not observed,resolve rendered caller and actor/state; rendered browser action and content/readback not executed on current SHA,NOT_TESTED,,
S-0738a7b532,SOURCE_CONTROL_OCCURRENCE,shared component; caller routes need runtime reconciliation,src/components/site/SiteHeader.tsx:519,HeaderNavLink,dynamic/no static accessible name,onClick={() => setOpen(false)},,public/shared,runtime role/state not reconciled,UNCLASSIFIED; inspect before execution,,,C-0738a7b532,shared_caller_pending,S-0738a7b532,no,yes,NOT_TESTED,src/components/site/SiteHeader.tsx:519,NOT_TESTED,no current rendered action execution,,not exercised in rendered session,,source-declared control; full handler chain not individually verified,not executed on current branch,not observed,resolve rendered caller and actor/state; rendered browser action and content/readback not executed on current SHA,NOT_TESTED,,
S-7b22061673,SOURCE_CONTROL_OCCURRENCE,shared component; caller routes need runtime reconciliation,src/components/site/SiteHeader.tsx:536,EstateDirectory,dynamic/no static accessible name,onLinkClick={() => setOpen(false)},,public/shared,runtime role/state not reconciled,UNCLASSIFIED; inspect before execution,,,C-7b22061673,shared_caller_pending,S-7b22061673,no,yes,NOT_TESTED,src/components/site/SiteHeader.tsx:536,NOT_TESTED,no current rendered action execution,,not exercised in rendered session,,source-declared control; full handler chain not individually verified,not executed on current branch,not observed,resolve rendered caller and actor/state; rendered browser action and content/readback not executed on current SHA,NOT_TESTED,,
S-f8a62120f9,SOURCE_CONTROL_OCCURRENCE,shared component; caller routes need runtime reconciliation,src/components/site/SiteHeader.tsx:539,MegaMenuLink,dynamic/no static accessible name,onClick={() => setOpen(false)},,public/shared,runtime role/state not reconciled,UNCLASSIFIED; inspect before execution,,,C-f8a62120f9,shared_caller_pending,S-f8a62120f9,no,yes,NOT_TESTED,src/components/site/SiteHeader.tsx:539,NOT_TESTED,no current rendered action execution,,not exercised in rendered session,,source-declared control; full handler chain not individually verified,not executed on current branch,not observed,resolve rendered caller and actor/state; rendered browser action and content/readback not executed on current SHA,NOT_TESTED,,
S-0833d22c73,SOURCE_CONTROL_OCCURRENCE,shared component; caller routes need runtime reconciliation,src/components/site/SiteHeader.tsx:549,HeaderNavLink,dynamic/no static accessible name,onClick={() => setOpen(false)},,public/shared,runtime role/state not reconciled,UNCLASSIFIED; inspect before execution,,,C-0833d22c73,shared_caller_pending,S-0738a7b532,yes,yes,NOT_TESTED,src/components/site/SiteHeader.tsx:549,NOT_TESTED,no current rendered action execution,,not exercised in rendered session,,source-declared control; full handler chain not individually verified,not executed on current branch,not observed,resolve rendered caller and actor/state; rendered browser action and content/readback not executed on current SHA,NOT_TESTED,,
S-aab81e843f,SOURCE_CONTROL_OCCURRENCE,shared component; caller routes need runtime reconciliation,src/components/site/SiteHeader.tsx:557,a,dynamic/no static accessible name,onClick={() => setOpen(false)},{WHATSAPP_URL},public/shared,runtime role/state not reconciled,navigation; destination may have side effects,,,C-aab81e843f,shared_caller_pending,S-aab81e843f,no,yes,NOT_TESTED,src/components/site/SiteHeader.tsx:557,NOT_TESTED,no current rendered action execution,,not exercised in rendered session,,source-declared control; full handler chain not individually verified,not executed on current branch,not observed,resolve rendered caller and actor/state; rendered browser action and content/readback not executed on current SHA,NOT_TESTED,,
S-b865b45a8e,SOURCE_CONTROL_OCCURRENCE,shared component; caller routes need runtime reconciliation,src/components/site/SiteHeader.tsx:564,Button,WhatsApp 查詢,,,public/shared,runtime role/state not reconciled,local input/semantic wrapper,,,C-b865b45a8e,shared_caller_pending,S-b865b45a8e,no,yes,NOT_TESTED,src/components/site/SiteHeader.tsx:564,NOT_TESTED,no current rendered action execution,,not exercised in rendered session,,source-declared control; full handler chain not individually verified,not executed on current branch,not observed,resolve rendered caller and actor/state; rendered browser action and content/readback not executed on current SHA,NOT_TESTED,,
S-df9838ee77,SOURCE_CONTROL_OCCURRENCE,shared component; caller routes need runtime reconciliation,src/components/site/SiteHeader.tsx:579,EstateDirectory,dynamic/no static accessible name,onLinkClick={closeMegaMenu},,public/shared,runtime role/state not reconciled,UNCLASSIFIED; inspect before execution,,,C-df9838ee77,shared_caller_pending,S-df9838ee77,no,yes,NOT_TESTED,src/components/site/SiteHeader.tsx:579,NOT_TESTED,no current rendered action execution,,not exercised in rendered session,,source-declared control; full handler chain not individually verified,not executed on current branch,not observed,resolve rendered caller and actor/state; rendered browser action and content/readback not executed on current SHA,NOT_TESTED,,
S-41c69477e8,SOURCE_CONTROL_OCCURRENCE,shared component; caller routes need runtime reconciliation,src/components/site/SiteLink.tsx:33,a,"{props[""aria-label""]}",onClick={props.onClick},{href},public/shared,runtime role/state not reconciled,navigation; destination may have side effects,,,C-41c69477e8,shared_caller_pending,S-41c69477e8,no,yes,NOT_TESTED,src/components/site/SiteLink.tsx:33,NOT_TESTED,no current rendered action execution,,not exercised in rendered session,,source-declared control; full handler chain not individually verified,not executed on current branch,not observed,resolve rendered caller and actor/state; rendered browser action and content/readback not executed on current SHA,NOT_TESTED,,
S-79eabad603,SOURCE_CONTROL_OCCURRENCE,shared component; caller routes need runtime reconciliation,src/components/site/SiteLink.tsx:65,Link,{children},,"""/""",public/shared,runtime role/state not reconciled,navigation; destination may have side effects,,,C-79eabad603,shared_caller_pending,S-79eabad603,no,yes,NOT_TESTED,src/components/site/SiteLink.tsx:65,NOT_TESTED,no current rendered action execution,,not exercised in rendered session,,source-declared control; full handler chain not individually verified,not executed on current branch,not observed,resolve rendered caller and actor/state; rendered browser action and content/readback not executed on current SHA,NOT_TESTED,,
S-4b49229256,SOURCE_CONTROL_OCCURRENCE,shared component; caller routes need runtime reconciliation,src/components/site/SiteLink.tsx:72,Link,{children},,"""/listings""",public/shared,runtime role/state not reconciled,navigation; destination may have side effects,,,C-4b49229256,shared_caller_pending,S-4b49229256,no,yes,NOT_TESTED,src/components/site/SiteLink.tsx:72,NOT_TESTED,no current rendered action execution,,not exercised in rendered session,,source-declared control; full handler chain not individually verified,not executed on current branch,not observed,resolve rendered caller and actor/state; rendered browser action and content/readback not executed on current SHA,NOT_TESTED,,
S-ca2764b549,SOURCE_CONTROL_OCCURRENCE,shared component; caller routes need runtime reconciliation,src/components/site/SiteLink.tsx:81,Link,{children},,"""/estate/$slug""",public/shared,runtime role/state not reconciled,navigation; destination may have side effects,,,C-ca2764b549,shared_caller_pending,S-ca2764b549,no,yes,NOT_TESTED,src/components/site/SiteLink.tsx:81,NOT_TESTED,no current rendered action execution,,not exercised in rendered session,,source-declared control; full handler chain not individually verified,not executed on current branch,not observed,resolve rendered caller and actor/state; rendered browser action and content/readback not executed on current SHA,NOT_TESTED,,
S-632b5936b6,SOURCE_CONTROL_OCCURRENCE,shared component; caller routes need runtime reconciliation,src/components/site/SiteLink.tsx:88,Link,{children},,"""/castle-peak-road""",public/shared,runtime role/state not reconciled,navigation; destination may have side effects,,,C-632b5936b6,shared_caller_pending,S-632b5936b6,no,yes,NOT_TESTED,src/components/site/SiteLink.tsx:88,NOT_TESTED,no current rendered action execution,,not exercised in rendered session,,source-declared control; full handler chain not individually verified,not executed on current branch,not observed,resolve rendered caller and actor/state; rendered browser action and content/readback not executed on current SHA,NOT_TESTED,,
S-df2c55c044,SOURCE_CONTROL_OCCURRENCE,shared component; caller routes need runtime reconciliation,src/components/site/SiteLink.tsx:96,Link,{children},,"""/castle-peak-road/$segment""",public/shared,runtime role/state not reconciled,navigation; destination may have side effects,,,C-df2c55c044,shared_caller_pending,S-df2c55c044,no,yes,NOT_TESTED,src/components/site/SiteLink.tsx:96,NOT_TESTED,no current rendered action execution,,not exercised in rendered session,,source-declared control; full handler chain not individually verified,not executed on current branch,not observed,resolve rendered caller and actor/state; rendered browser action and content/readback not executed on current SHA,NOT_TESTED,,
S-2b40014515,SOURCE_CONTROL_OCCURRENCE,shared component; caller routes need runtime reconciliation,src/components/site/SiteLink.tsx:108,Link,{children},,"""/district/sham-tseng""",public/shared,runtime role/state not reconciled,navigation; destination may have side effects,,,C-2b40014515,shared_caller_pending,S-2b40014515,no,yes,NOT_TESTED,src/components/site/SiteLink.tsx:108,NOT_TESTED,no current rendered action execution,,not exercised in rendered session,,source-declared control; full handler chain not individually verified,not executed on current branch,not observed,resolve rendered caller and actor/state; rendered browser action and content/readback not executed on current SHA,NOT_TESTED,,
S-51ca4e5817,SOURCE_CONTROL_OCCURRENCE,shared component; caller routes need runtime reconciliation,src/components/site/SiteLink.tsx:117,Link,{children},,"""/castle-peak-road/$segment""",public/shared,runtime role/state not reconciled,navigation; destination may have side effects,,,C-51ca4e5817,shared_caller_pending,S-df2c55c044,yes,yes,NOT_TESTED,src/components/site/SiteLink.tsx:117,NOT_TESTED,no current rendered action execution,,not exercised in rendered session,,source-declared control; full handler chain not individually verified,not executed on current branch,not observed,resolve rendered caller and actor/state; rendered browser action and content/readback not executed on current SHA,NOT_TESTED,,
S-8db95d1fb2,SOURCE_CONTROL_OCCURRENCE,shared component; caller routes need runtime reconciliation,src/components/site/SiteLink.tsx:124,Link,{children},,"""/district/tsuen-wan""",public/shared,runtime role/state not reconciled,navigation; destination may have side effects,,,C-8db95d1fb2,shared_caller_pending,S-8db95d1fb2,no,yes,NOT_TESTED,src/components/site/SiteLink.tsx:124,NOT_TESTED,no current rendered action execution,,not exercised in rendered session,,source-declared control; full handler chain not individually verified,not executed on current branch,not observed,resolve rendered caller and actor/state; rendered browser action and content/readback not executed on current SHA,NOT_TESTED,,
S-4f911e3746,SOURCE_CONTROL_OCCURRENCE,shared component; caller routes need runtime reconciliation,src/components/site/SiteLink.tsx:131,Link,{children},,"""/agents""",public/shared,runtime role/state not reconciled,navigation; destination may have side effects,,,C-4f911e3746,shared_caller_pending,S-4f911e3746,no,yes,NOT_TESTED,src/components/site/SiteLink.tsx:131,NOT_TESTED,no current rendered action execution,,not exercised in rendered session,,source-declared control; full handler chain not individually verified,not executed on current branch,not observed,resolve rendered caller and actor/state; rendered browser action and content/readback not executed on current SHA,NOT_TESTED,,
S-2298f2291a,SOURCE_CONTROL_OCCURRENCE,shared component; caller routes need runtime reconciliation,src/components/site/SiteLink.tsx:139,Link,{children},,"""/agents/$slug""",public/shared,runtime role/state not reconciled,navigation; destination may have side effects,,,C-2298f2291a,shared_caller_pending,S-2298f2291a,no,yes,NOT_TESTED,src/components/site/SiteLink.tsx:139,NOT_TESTED,no current rendered action execution,,not exercised in rendered session,,source-declared control; full handler chain not individually verified,not executed on current branch,not observed,resolve rendered caller and actor/state; rendered browser action and content/readback not executed on current SHA,NOT_TESTED,,
S-836b245fd8,SOURCE_CONTROL_OCCURRENCE,shared component; caller routes need runtime reconciliation,src/components/site/SiteLink.tsx:146,Link,{children},,"""/blog""",public/shared,runtime role/state not reconciled,navigation; destination may have side effects,,,C-836b245fd8,shared_caller_pending,S-836b245fd8,no,yes,NOT_TESTED,src/components/site/SiteLink.tsx:146,NOT_TESTED,no current rendered action execution,,not exercised in rendered session,,source-declared control; full handler chain not individually verified,not executed on current branch,not observed,resolve rendered caller and actor/state; rendered browser action and content/readback not executed on current SHA,NOT_TESTED,,
S-689f33ec0a,SOURCE_CONTROL_OCCURRENCE,shared component; caller routes need runtime reconciliation,src/components/site/SiteLink.tsx:153,Link,{children},,"""/blog/editorial-standards""",public/shared,runtime role/state not reconciled,navigation; destination may have side effects,,,C-689f33ec0a,shared_caller_pending,S-689f33ec0a,no,yes,NOT_TESTED,src/components/site/SiteLink.tsx:153,NOT_TESTED,no current rendered action execution,,not exercised in rendered session,,source-declared control; full handler chain not individually verified,not executed on current branch,not observed,resolve rendered caller and actor/state; rendered browser action and content/readback not executed on current SHA,NOT_TESTED,,
S-3afd885f70,SOURCE_CONTROL_OCCURRENCE,shared component; caller routes need runtime reconciliation,src/components/site/SiteLink.tsx:161,Link,{children},,"""/blog/$slug""",public/shared,runtime role/state not reconciled,navigation; destination may have side effects,,,C-3afd885f70,shared_caller_pending,S-3afd885f70,no,yes,NOT_TESTED,src/components/site/SiteLink.tsx:161,NOT_TESTED,no current rendered action execution,,not exercised in rendered session,,source-declared control; full handler chain not individually verified,not executed on current branch,not observed,resolve rendered caller and actor/state; rendered browser action and content/readback not executed on current SHA,NOT_TESTED,,
S-ec1786541b,SOURCE_CONTROL_OCCURRENCE,shared component; caller routes need runtime reconciliation,src/components/site/SiteLink.tsx:169,Link,{children},,"""/property/$listingNo""",public/shared,runtime role/state not reconciled,navigation; destination may have side effects,,,C-ec1786541b,shared_caller_pending,S-ec1786541b,no,yes,NOT_TESTED,src/components/site/SiteLink.tsx:169,NOT_TESTED,no current rendered action execution,,not exercised in rendered session,,source-declared control; full handler chain not individually verified,not executed on current branch,not observed,resolve rendered caller and actor/state; rendered browser action and content/readback not executed on current SHA,NOT_TESTED,,
S-5de9345412,SOURCE_CONTROL_OCCURRENCE,shared component; caller routes need runtime reconciliation,src/components/site/SiteLink.tsx:182,Link,{children},,"""/videos""",public/shared,runtime role/state not reconciled,navigation; destination may have side effects,,,C-5de9345412,shared_caller_pending,S-5de9345412,no,yes,NOT_TESTED,src/components/site/SiteLink.tsx:182,NOT_TESTED,no current rendered action execution,,not exercised in rendered session,,source-declared control; full handler chain not individually verified,not executed on current branch,not observed,resolve rendered caller and actor/state; rendered browser action and content/readback not executed on current SHA,NOT_TESTED,,
S-bc84eafeac,SOURCE_CONTROL_OCCURRENCE,shared component; caller routes need runtime reconciliation,src/components/site/SiteLink.tsx:188,Link,{children},,"""/transactions""",public/shared,runtime role/state not reconciled,navigation; destination may have side effects,,,C-bc84eafeac,shared_caller_pending,S-bc84eafeac,no,yes,NOT_TESTED,src/components/site/SiteLink.tsx:188,NOT_TESTED,no current rendered action execution,,not exercised in rendered session,,source-declared control; full handler chain not individually verified,not executed on current branch,not observed,resolve rendered caller and actor/state; rendered browser action and content/readback not executed on current SHA,NOT_TESTED,,
S-75ecfc4227,SOURCE_CONTROL_OCCURRENCE,shared component; caller routes need runtime reconciliation,src/components/site/SiteLink.tsx:194,Link,{children},,"""/mortgage""",public/shared,runtime role/state not reconciled,navigation; destination may have side effects,,,C-75ecfc4227,shared_caller_pending,S-75ecfc4227,no,yes,NOT_TESTED,src/components/site/SiteLink.tsx:194,NOT_TESTED,no current rendered action execution,,not exercised in rendered session,,source-declared control; full handler chain not individually verified,not executed on current branch,not observed,resolve rendered caller and actor/state; rendered browser action and content/readback not executed on current SHA,NOT_TESTED,,
S-6d179d01f4,SOURCE_CONTROL_OCCURRENCE,shared component; caller routes need runtime reconciliation,src/components/site/SiteLink.tsx:200,Link,{children},,"""/about""",public/shared,runtime role/state not reconciled,navigation; destination may have side effects,,,C-6d179d01f4,shared_caller_pending,S-6d179d01f4,no,yes,NOT_TESTED,src/components/site/SiteLink.tsx:200,NOT_TESTED,no current rendered action execution,,not exercised in rendered session,,source-declared control; full handler chain not individually verified,not executed on current branch,not observed,resolve rendered caller and actor/state; rendered browser action and content/readback not executed on current SHA,NOT_TESTED,,
S-591d1217a0,SOURCE_CONTROL_OCCURRENCE,shared component; caller routes need runtime reconciliation,src/components/site/SiteLink.tsx:206,Link,{children},,"""/contact""",public/shared,runtime role/state not reconciled,navigation; destination may have side effects,,,C-591d1217a0,shared_caller_pending,S-591d1217a0,no,yes,NOT_TESTED,src/components/site/SiteLink.tsx:206,NOT_TESTED,no current rendered action execution,,not exercised in rendered session,,source-declared control; full handler chain not individually verified,not executed on current branch,not observed,resolve rendered caller and actor/state; rendered browser action and content/readback not executed on current SHA,NOT_TESTED,,
S-775de2ce09,SOURCE_CONTROL_OCCURRENCE,shared component; caller routes need runtime reconciliation,src/components/site/SiteLink.tsx:212,Link,{children},,"""/estate-reviews""",public/shared,runtime role/state not reconciled,navigation; destination may have side effects,,,C-775de2ce09,shared_caller_pending,S-775de2ce09,no,yes,NOT_TESTED,src/components/site/SiteLink.tsx:212,NOT_TESTED,no current rendered action execution,,not exercised in rendered session,,source-declared control; full handler chain not individually verified,not executed on current branch,not observed,resolve rendered caller and actor/state; rendered browser action and content/readback not executed on current SHA,NOT_TESTED,,
S-1884581363,SOURCE_CONTROL_OCCURRENCE,shared component; caller routes need runtime reconciliation,src/components/site/SiteLink.tsx:218,Link,{children},,"""/privacy""",public/shared,runtime role/state not reconciled,navigation; destination may have side effects,,,C-1884581363,shared_caller_pending,S-1884581363,no,yes,NOT_TESTED,src/components/site/SiteLink.tsx:218,NOT_TESTED,no current rendered action execution,,not exercised in rendered session,,source-declared control; full handler chain not individually verified,not executed on current branch,not observed,resolve rendered caller and actor/state; rendered browser action and content/readback not executed on current SHA,NOT_TESTED,,
S-931996a943,SOURCE_CONTROL_OCCURRENCE,shared component; caller routes need runtime reconciliation,src/components/site/SiteLink.tsx:224,Link,{children},,"""/terms""",public/shared,runtime role/state not reconciled,navigation; destination may have side effects,,,C-931996a943,shared_caller_pending,S-931996a943,no,yes,NOT_TESTED,src/components/site/SiteLink.tsx:224,NOT_TESTED,no current rendered action execution,,not exercised in rendered session,,source-declared control; full handler chain not individually verified,not executed on current branch,not observed,resolve rendered caller and actor/state; rendered browser action and content/readback not executed on current SHA,NOT_TESTED,,
S-9b2da62f8a,SOURCE_CONTROL_OCCURRENCE,shared component; caller routes need runtime reconciliation,src/components/site/SiteLink.tsx:230,Link,{children},,"""/disclaimer""",public/shared,runtime role/state not reconciled,navigation; destination may have side effects,,,C-9b2da62f8a,shared_caller_pending,S-9b2da62f8a,no,yes,NOT_TESTED,src/components/site/SiteLink.tsx:230,NOT_TESTED,no current rendered action execution,,not exercised in rendered session,,source-declared control; full handler chain not individually verified,not executed on current branch,not observed,resolve rendered caller and actor/state; rendered browser action and content/readback not executed on current SHA,NOT_TESTED,,
S-586c3630ff,SOURCE_CONTROL_OCCURRENCE,shared component; caller routes need runtime reconciliation,src/components/site/SiteLink.tsx:236,a,"{props[""aria-label""]}",onClick={props.onClick},{href},public/shared,runtime role/state not reconciled,navigation; destination may have side effects,,,C-586c3630ff,shared_caller_pending,S-41c69477e8,yes,yes,NOT_TESTED,src/components/site/SiteLink.tsx:236,NOT_TESTED,no current rendered action execution,,not exercised in rendered session,,source-declared control; full handler chain not individually verified,not executed on current branch,not observed,resolve rendered caller and actor/state; rendered browser action and content/readback not executed on current SHA,NOT_TESTED,,
S-6f7ce82327,SOURCE_CONTROL_OCCURRENCE,shared component; caller routes need runtime reconciliation,src/components/site/StickyWhatsAppBar.tsx:24,a,WhatsApp 即時查詢,"onClick={() =>
          track({ name: ""whatsapp_cta_click"", payload: { source: ""sticky-bar"" } }, buildContext())
        }",{href},public/shared,runtime role/state not reconciled,navigation; destination may have side effects,,,C-6f7ce82327,shared_caller_pending,S-6f7ce82327,no,yes,NOT_TESTED,src/components/site/StickyWhatsAppBar.tsx:24,NOT_TESTED,no current rendered action execution,,not exercised in rendered session,,source-declared control; full handler chain not individually verified,not executed on current branch,not observed,resolve rendered caller and actor/state; rendered browser action and content/readback not executed on current SHA,NOT_TESTED,,
S-911ee15ef9,SOURCE_CONTROL_OCCURRENCE,shared component; caller routes need runtime reconciliation,src/components/site/TrustProofPanel.tsx:35,Link,dynamic/no static accessible name,,{earnestPublicTrust.agentDirectoryHref},public/shared,runtime role/state not reconciled,navigation; destination may have side effects,,,C-911ee15ef9,shared_caller_pending,S-911ee15ef9,no,yes,NOT_TESTED,src/components/site/TrustProofPanel.tsx:35,NOT_TESTED,no current rendered action execution,,not exercised in rendered session,,source-declared control; full handler chain not individually verified,not executed on current branch,not observed,resolve rendered caller and actor/state; rendered browser action and content/readback not executed on current SHA,NOT_TESTED,,
S-be09b75cbc,SOURCE_CONTROL_OCCURRENCE,shared component; caller routes need runtime reconciliation,src/components/ui/calendar.tsx:153,Button,dynamic/no static accessible name,,,public/shared,runtime role/state not reconciled,local input/semantic wrapper,,,C-be09b75cbc,shared_caller_pending,S-be09b75cbc,no,yes,NOT_TESTED,src/components/ui/calendar.tsx:153,NOT_TESTED,no current rendered action execution,,not exercised in rendered session,,source-declared control; full handler chain not individually verified,not executed on current branch,not observed,resolve rendered caller and actor/state; rendered browser action and content/readback not executed on current SHA,NOT_TESTED,,
S-5597413b47,SOURCE_CONTROL_OCCURRENCE,shared component; caller routes need runtime reconciliation,src/components/ui/carousel.tsx:120,div,{children},onKeyDownCapture={handleKeyDown},,public/shared,runtime role/state not reconciled,UNCLASSIFIED; inspect before execution,,,C-5597413b47,shared_caller_pending,S-5597413b47,no,yes,NOT_TESTED,src/components/ui/carousel.tsx:120,NOT_TESTED,no current rendered action execution,,not exercised in rendered session,,source-declared control; full handler chain not individually verified,not executed on current branch,not observed,resolve rendered caller and actor/state; rendered browser action and content/readback not executed on current SHA,NOT_TESTED,,
S-4e918c21a0,SOURCE_CONTROL_OCCURRENCE,shared component; caller routes need runtime reconciliation,src/components/ui/carousel.tsx:182,Button,dynamic/no static accessible name,onClick={scrollPrev},,public/shared,{!canScrollPrev},UNCLASSIFIED; inspect before execution,,,C-4e918c21a0,shared_caller_pending,S-4e918c21a0,no,yes,NOT_TESTED,src/components/ui/carousel.tsx:182,NOT_TESTED,no current rendered action execution,,not exercised in rendered session,,source-declared control; full handler chain not individually verified,not executed on current branch,not observed,resolve rendered caller and actor/state; rendered browser action and content/readback not executed on current SHA,NOT_TESTED,,
S-66ede5beba,SOURCE_CONTROL_OCCURRENCE,shared component; caller routes need runtime reconciliation,src/components/ui/carousel.tsx:210,Button,dynamic/no static accessible name,onClick={scrollNext},,public/shared,{!canScrollNext},UNCLASSIFIED; inspect before execution,,,C-66ede5beba,shared_caller_pending,S-66ede5beba,no,yes,NOT_TESTED,src/components/ui/carousel.tsx:210,NOT_TESTED,no current rendered action execution,,not exercised in rendered session,,source-declared control; full handler chain not individually verified,not executed on current branch,not observed,resolve rendered caller and actor/state; rendered browser action and content/readback not executed on current SHA,NOT_TESTED,,
S-d6dbcf572a,SOURCE_CONTROL_OCCURRENCE,shared component; caller routes need runtime reconciliation,src/components/ui/input.tsx:8,input,dynamic/no static accessible name,,,public/shared,runtime role/state not reconciled,local input/semantic wrapper,,,C-d6dbcf572a,shared_caller_pending,S-d6dbcf572a,no,yes,NOT_TESTED,src/components/ui/input.tsx:8,NOT_TESTED,no current rendered action execution,,not exercised in rendered session,,source-declared control; full handler chain not individually verified,not executed on current branch,not observed,resolve rendered caller and actor/state; rendered browser action and content/readback not executed on current SHA,NOT_TESTED,,
S-9bb3d86bb5,SOURCE_CONTROL_OCCURRENCE,shared component; caller routes need runtime reconciliation,src/components/ui/pagination.tsx:35,a,dynamic/no static accessible name,,,public/shared,runtime role/state not reconciled,local input/semantic wrapper,,,C-9bb3d86bb5,shared_caller_pending,S-9bb3d86bb5,no,yes,NOT_TESTED,src/components/ui/pagination.tsx:35,NOT_TESTED,no current rendered action execution,,not exercised in rendered session,,source-declared control; full handler chain not individually verified,not executed on current branch,not observed,resolve rendered caller and actor/state; rendered browser action and content/readback not executed on current SHA,NOT_TESTED,,
S-69c23fe7da,SOURCE_CONTROL_OCCURRENCE,shared component; caller routes need runtime reconciliation,src/components/ui/sidebar.tsx:191,Sheet,dynamic/no static accessible name,onOpenChange={setOpenMobile},,public/shared,runtime role/state not reconciled,UNCLASSIFIED; inspect before execution,,,C-69c23fe7da,container_wrapper_candidate,S-69c23fe7da,no,yes,NOT_TESTED,src/components/ui/sidebar.tsx:191,NOT_TESTED,no current rendered action execution,,not exercised in rendered session,,source-declared control; full handler chain not individually verified,not executed on current branch,not observed,resolve rendered caller and actor/state; rendered browser action and content/readback not executed on current SHA,NOT_TESTED,,
S-4035d21115,SOURCE_CONTROL_OCCURRENCE,shared component; caller routes need runtime reconciliation,src/components/ui/sidebar.tsx:267,Button,dynamic/no static accessible name,"onClick={(event) => {
        onClick?.(event);
        toggleSidebar();
      }}",,public/shared,runtime role/state not reconciled,UNCLASSIFIED; inspect before execution,,,C-4035d21115,shared_caller_pending,S-4035d21115,no,yes,NOT_TESTED,src/components/ui/sidebar.tsx:267,NOT_TESTED,no current rendered action execution,,not exercised in rendered session,,source-declared control; full handler chain not individually verified,not executed on current branch,not observed,resolve rendered caller and actor/state; rendered browser action and content/readback not executed on current SHA,NOT_TESTED,,
S-eed895dfbf,SOURCE_CONTROL_OCCURRENCE,shared component; caller routes need runtime reconciliation,src/components/ui/sidebar.tsx:291,button,"""Toggle Sidebar""",onClick={toggleSidebar},,public/shared,runtime role/state not reconciled,UNCLASSIFIED; inspect before execution,,,C-eed895dfbf,shared_caller_pending,S-eed895dfbf,no,yes,NOT_TESTED,src/components/ui/sidebar.tsx:291,NOT_TESTED,no current rendered action execution,,not exercised in rendered session,,source-declared control; full handler chain not individually verified,not executed on current branch,not observed,resolve rendered caller and actor/state; rendered browser action and content/readback not executed on current SHA,NOT_TESTED,,
S-b7d62107fe,SOURCE_CONTROL_OCCURRENCE,shared component; caller routes need runtime reconciliation,src/components/ui/sidebar.tsx:336,Input,dynamic/no static accessible name,,,public/shared,runtime role/state not reconciled,local input/semantic wrapper,,,C-b7d62107fe,shared_caller_pending,S-b7d62107fe,no,yes,NOT_TESTED,src/components/ui/sidebar.tsx:336,NOT_TESTED,no current rendered action execution,,not exercised in rendered session,,source-declared control; full handler chain not individually verified,not executed on current branch,not observed,resolve rendered caller and actor/state; rendered browser action and content/readback not executed on current SHA,NOT_TESTED,,
S-79e9c30e99,SOURCE_CONTROL_OCCURRENCE,shared component; caller routes need runtime reconciliation,src/components/ui/textarea.tsx:8,textarea,dynamic/no static accessible name,,,public/shared,runtime role/state not reconciled,local input/semantic wrapper,,,C-79e9c30e99,shared_caller_pending,S-79e9c30e99,no,yes,NOT_TESTED,src/components/ui/textarea.tsx:8,NOT_TESTED,no current rendered action execution,,not exercised in rendered session,,source-declared control; full handler chain not individually verified,not executed on current branch,not observed,resolve rendered caller and actor/state; rendered browser action and content/readback not executed on current SHA,NOT_TESTED,,
S-eca3887b27,SOURCE_CONTROL_OCCURRENCE,shared component; caller routes need runtime reconciliation,src/hooks/use-unsaved-changes-guard.tsx:69,AdminConfirmDialog,dynamic/no static accessible name,"onOpenChange={(open) => {
        if (!open) setPending(false);
      }} | onConfirm={() => {
        setPending(false);
        onClose();
      }}",,public/shared,runtime role/state not reconciled,UNCLASSIFIED; inspect before execution,,,C-eca3887b27,shared_caller_pending,S-eca3887b27,no,yes,NOT_TESTED,src/hooks/use-unsaved-changes-guard.tsx:69,NOT_TESTED,no current rendered action execution,,not exercised in rendered session,,source-declared control; full handler chain not individually verified,not executed on current branch,not observed,resolve rendered caller and actor/state; rendered browser action and content/readback not executed on current SHA,NOT_TESTED,,
S-36c1f79b15,SOURCE_CONTROL_OCCURRENCE,shared component; caller routes need runtime reconciliation,src/routes/__root.tsx:54,Link,返回首頁,,"""/""",public/shared,runtime role/state not reconciled,navigation; destination may have side effects,,,C-36c1f79b15,shared_caller_pending,S-36c1f79b15,no,yes,NOT_TESTED,src/routes/__root.tsx:54,NOT_TESTED,no current rendered action execution,,not exercised in rendered session,,source-declared control; full handler chain not individually verified,not executed on current branch,not observed,resolve rendered caller and actor/state; rendered browser action and content/readback not executed on current SHA,NOT_TESTED,,
S-b3b0687307,SOURCE_CONTROL_OCCURRENCE,shared component; caller routes need runtime reconciliation,src/routes/__root.tsx:60,Link,搜尋放盤,,"""/listings""",public/shared,runtime role/state not reconciled,navigation; destination may have side effects,,,C-b3b0687307,shared_caller_pending,S-b3b0687307,no,yes,NOT_TESTED,src/routes/__root.tsx:60,NOT_TESTED,no current rendered action execution,,not exercised in rendered session,,source-declared control; full handler chain not individually verified,not executed on current branch,not observed,resolve rendered caller and actor/state; rendered browser action and content/readback not executed on current SHA,NOT_TESTED,,
S-849f400132,SOURCE_CONTROL_OCCURRENCE,/about,src/routes/about.tsx:172,Link,查看全部代理 →,,"""/agents""",public/shared,runtime role/state not reconciled,navigation; destination may have side effects,,,C-849f400132,unique_rendered_control_candidate,S-849f400132,no,yes,NOT_TESTED,src/routes/about.tsx:172,NOT_TESTED,no current rendered action execution,,not exercised in rendered session,,source-declared control; full handler chain not individually verified,not executed on current branch,not observed,rendered browser action and content/readback not executed on current SHA,NOT_TESTED,,
S-c12782eefa,SOURCE_CONTROL_OCCURRENCE,/about,src/routes/about.tsx:207,Link,{card},,"""/agents/$slug""",public/shared,runtime role/state not reconciled,navigation; destination may have side effects,,,C-c12782eefa,unique_rendered_control_candidate,S-c12782eefa,no,yes,NOT_TESTED,src/routes/about.tsx:207,NOT_TESTED,no current rendered action execution,,not exercised in rendered session,,source-declared control; full handler chain not individually verified,not executed on current branch,not observed,rendered browser action and content/readback not executed on current SHA,NOT_TESTED,,
S-6a227961ce,SOURCE_CONTROL_OCCURRENCE,/about,src/routes/about.tsx:249,Link,聯絡晉誠地產,,"""/contact""",public/shared,runtime role/state not reconciled,navigation; destination may have side effects,,,C-6a227961ce,unique_rendered_control_candidate,S-6a227961ce,no,yes,NOT_TESTED,src/routes/about.tsx:249,NOT_TESTED,no current rendered action execution,,not exercised in rendered session,,source-declared control; full handler chain not individually verified,not executed on current branch,not observed,rendered browser action and content/readback not executed on current SHA,NOT_TESTED,,
S-a98652710e,SOURCE_CONTROL_OCCURRENCE,/account/$pathname,src/routes/account.$pathname.tsx:36,a,晉誠地產 · 職員帳戶,,"""/admin""",public/shared,runtime role/state not reconciled,navigation; destination may have side effects,,,C-a98652710e,unique_rendered_control_candidate,S-a98652710e,no,yes,NOT_TESTED,src/routes/account.$pathname.tsx:36,NOT_TESTED,no current rendered action execution,,not exercised in rendered session,,source-declared control; full handler chain not individually verified,not executed on current branch,not observed,rendered browser action and content/readback not executed on current SHA,NOT_TESTED,,
S-82f931ec3b,SOURCE_CONTROL_OCCURRENCE,/account/$pathname,src/routes/account.$pathname.tsx:39,a,返回後台,,"""/admin""",public/shared,runtime role/state not reconciled,navigation; destination may have side effects,,,C-82f931ec3b,unique_rendered_control_candidate,S-82f931ec3b,no,yes,NOT_TESTED,src/routes/account.$pathname.tsx:39,NOT_TESTED,no current rendered action execution,,not exercised in rendered session,,source-declared control; full handler chain not individually verified,not executed on current branch,not observed,rendered browser action and content/readback not executed on current SHA,NOT_TESTED,,
S-58febab016,SOURCE_CONTROL_OCCURRENCE,/admin/agents,src/routes/admin.agents.tsx:49,Button,dynamic/no static accessible name,,,staff; exact grants require handler review,runtime role/state not reconciled,local input/semantic wrapper,,,C-58febab016,unique_rendered_control_candidate,S-58febab016,no,yes,BLOCKED,src/routes/admin.agents.tsx:49,BLOCKED_EXTERNAL,no current rendered action execution,,not exercised in rendered session,,source-declared control; full handler chain not individually verified,not executed on current branch,not observed,"isolated role sessions, DB and synthetic browser; provider readback where applicable",NOT_TESTED,,
S-bf68431f86,SOURCE_CONTROL_OCCURRENCE,/admin/agents,src/routes/admin.agents.tsx:50,Link,新增代理,,"""/admin/agents/new""",staff; exact grants require handler review,runtime role/state not reconciled,navigation; destination may have side effects,,,C-bf68431f86,unique_rendered_control_candidate,S-bf68431f86,no,yes,BLOCKED,src/routes/admin.agents.tsx:50,BLOCKED_EXTERNAL,no current rendered action execution,,not exercised in rendered session,,source-declared control; full handler chain not individually verified,not executed on current branch,not observed,"isolated role sessions, DB and synthetic browser; provider readback where applicable",NOT_TESTED,,
S-3140357cc7,SOURCE_CONTROL_OCCURRENCE,/admin/agents,src/routes/admin.agents.tsx:64,Button,dynamic/no static accessible name,,,staff; exact grants require handler review,runtime role/state not reconciled,local input/semantic wrapper,,,C-3140357cc7,equivalent_repeated_row_candidate,S-58febab016,yes,yes,BLOCKED,src/routes/admin.agents.tsx:64,BLOCKED_EXTERNAL,no current rendered action execution,,not exercised in rendered session,,source-declared control; full handler chain not individually verified,not executed on current branch,not observed,"isolated role sessions, DB and synthetic browser; provider readback where applicable",NOT_TESTED,,
S-1c5ca04c10,SOURCE_CONTROL_OCCURRENCE,/admin/agents,src/routes/admin.agents.tsx:65,Link,新增代理,,"""/admin/agents/new""",staff; exact grants require handler review,runtime role/state not reconciled,navigation; destination may have side effects,,,C-1c5ca04c10,equivalent_repeated_row_candidate,S-bf68431f86,yes,yes,BLOCKED,src/routes/admin.agents.tsx:65,BLOCKED_EXTERNAL,no current rendered action execution,,not exercised in rendered session,,source-declared control; full handler chain not individually verified,not executed on current branch,not observed,"isolated role sessions, DB and synthetic browser; provider readback where applicable",NOT_TESTED,,
S-7bb22c3dbf,SOURCE_CONTROL_OCCURRENCE,/admin/agents,src/routes/admin.agents.tsx:137,Button,dynamic/no static accessible name,,,staff; exact grants require handler review,runtime role/state not reconciled,local input/semantic wrapper,,,C-7bb22c3dbf,equivalent_repeated_row_candidate,S-58febab016,yes,yes,BLOCKED,src/routes/admin.agents.tsx:137,BLOCKED_EXTERNAL,no current rendered action execution,,not exercised in rendered session,,source-declared control; full handler chain not individually verified,not executed on current branch,not observed,"isolated role sessions, DB and synthetic browser; provider readback where applicable",NOT_TESTED,,
S-e6dfd17a4a,SOURCE_CONTROL_OCCURRENCE,/admin/agents,src/routes/admin.agents.tsx:138,Link,編輯,,"""/admin/agents/$id""",staff; exact grants require handler review,runtime role/state not reconciled,navigation; destination may have side effects,,,C-e6dfd17a4a,unique_rendered_control_candidate,S-e6dfd17a4a,no,yes,BLOCKED,src/routes/admin.agents.tsx:138,BLOCKED_EXTERNAL,no current rendered action execution,,not exercised in rendered session,,source-declared control; full handler chain not individually verified,not executed on current branch,not observed,"isolated role sessions, DB and synthetic browser; provider readback where applicable",NOT_TESTED,,
S-33d23680a9,SOURCE_CONTROL_OCCURRENCE,/admin/agents,src/routes/admin.agents.tsx:144,Button,dynamic/no static accessible name,,,staff; exact grants require handler review,runtime role/state not reconciled,local input/semantic wrapper,,,C-33d23680a9,equivalent_repeated_row_candidate,S-58febab016,yes,yes,BLOCKED,src/routes/admin.agents.tsx:144,BLOCKED_EXTERNAL,no current rendered action execution,,not exercised in rendered session,,source-declared control; full handler chain not individually verified,not executed on current branch,not observed,"isolated role sessions, DB and synthetic browser; provider readback where applicable",NOT_TESTED,,
S-eb41c43eda,SOURCE_CONTROL_OCCURRENCE,/admin/agents,src/routes/admin.agents.tsx:145,Link,查看,,"""/agents/$slug""",staff; exact grants require handler review,runtime role/state not reconciled,navigation; destination may have side effects,,,C-eb41c43eda,unique_rendered_control_candidate,S-eb41c43eda,no,yes,BLOCKED,src/routes/admin.agents.tsx:145,BLOCKED_EXTERNAL,no current rendered action execution,,not exercised in rendered session,,source-declared control; full handler chain not individually verified,not executed on current branch,not observed,"isolated role sessions, DB and synthetic browser; provider readback where applicable",NOT_TESTED,,
S-098457d084,SOURCE_CONTROL_OCCURRENCE,/admin/agents_/$id,src/routes/admin.agents_.$id.tsx:76,Button,dynamic/no static accessible name,,,staff; exact grants require handler review,runtime role/state not reconciled,local input/semantic wrapper,,,C-098457d084,unique_rendered_control_candidate,S-098457d084,no,yes,BLOCKED,src/routes/admin.agents_.$id.tsx:76,BLOCKED_EXTERNAL,no current rendered action execution,,not exercised in rendered session,,source-declared control; full handler chain not individually verified,not executed on current branch,not observed,"isolated role sessions, DB and synthetic browser; provider readback where applicable",NOT_TESTED,,
S-f1c0879c1f,SOURCE_CONTROL_OCCURRENCE,/admin/agents_/$id,src/routes/admin.agents_.$id.tsx:77,Link,返回,,"""/admin/agents""",staff; exact grants require handler review,runtime role/state not reconciled,navigation; destination may have side effects,,,C-f1c0879c1f,unique_rendered_control_candidate,S-f1c0879c1f,no,yes,BLOCKED,src/routes/admin.agents_.$id.tsx:77,BLOCKED_EXTERNAL,no current rendered action execution,,not exercised in rendered session,,source-declared control; full handler chain not individually verified,not executed on current branch,not observed,"isolated role sessions, DB and synthetic browser; provider readback where applicable",NOT_TESTED,,
S-ca072335d3,SOURCE_CONTROL_OCCURRENCE,/admin/agents_/$id,src/routes/admin.agents_.$id.tsx:86,Button,dynamic/no static accessible name,,,staff; exact grants require handler review,runtime role/state not reconciled,local input/semantic wrapper,,,C-ca072335d3,equivalent_repeated_row_candidate,S-098457d084,yes,yes,BLOCKED,src/routes/admin.agents_.$id.tsx:86,BLOCKED_EXTERNAL,no current rendered action execution,,not exercised in rendered session,,source-declared control; full handler chain not individually verified,not executed on current branch,not observed,"isolated role sessions, DB and synthetic browser; provider readback where applicable",NOT_TESTED,,
S-6fc093be02,SOURCE_CONTROL_OCCURRENCE,/admin/agents_/$id,src/routes/admin.agents_.$id.tsx:87,Link,返回代理管理,,"""/admin/agents""",staff; exact grants require handler review,runtime role/state not reconciled,navigation; destination may have side effects,,,C-6fc093be02,unique_rendered_control_candidate,S-6fc093be02,no,yes,BLOCKED,src/routes/admin.agents_.$id.tsx:87,BLOCKED_EXTERNAL,no current rendered action execution,,not exercised in rendered session,,source-declared control; full handler chain not individually verified,not executed on current branch,not observed,"isolated role sessions, DB and synthetic browser; provider readback where applicable",NOT_TESTED,,
S-ae3733c87e,SOURCE_CONTROL_OCCURRENCE,/admin/agents_/$id,src/routes/admin.agents_.$id.tsx:92,AgentProfileForm,dynamic/no static accessible name,"onSaved={() => navigate({ to: ""/admin/agents"" })}",,staff; exact grants require handler review,runtime role/state not reconciled,UNCLASSIFIED; inspect before execution,,,C-ae3733c87e,unique_rendered_control_candidate,S-ae3733c87e,no,yes,BLOCKED,src/routes/admin.agents_.$id.tsx:92,BLOCKED_EXTERNAL,no current rendered action execution,,not exercised in rendered session,,source-declared control; full handler chain not individually verified,not executed on current branch,not observed,"isolated role sessions, DB and synthetic browser; provider readback where applicable",NOT_TESTED,,
S-37ec91402d,SOURCE_CONTROL_OCCURRENCE,/admin/agents_/new,src/routes/admin.agents_.new.tsx:43,Button,dynamic/no static accessible name,,,staff; exact grants require handler review,runtime role/state not reconciled,local input/semantic wrapper,,,C-37ec91402d,unique_rendered_control_candidate,S-37ec91402d,no,yes,BLOCKED,src/routes/admin.agents_.new.tsx:43,BLOCKED_EXTERNAL,no current rendered action execution,,not exercised in rendered session,,source-declared control; full handler chain not individually verified,not executed on current branch,not observed,"isolated role sessions, DB and synthetic browser; provider readback where applicable",NOT_TESTED,,
S-ed44201f77,SOURCE_CONTROL_OCCURRENCE,/admin/agents_/new,src/routes/admin.agents_.new.tsx:44,Link,返回,,"""/admin/agents""",staff; exact grants require handler review,runtime role/state not reconciled,navigation; destination may have side effects,,,C-ed44201f77,unique_rendered_control_candidate,S-ed44201f77,no,yes,BLOCKED,src/routes/admin.agents_.new.tsx:44,BLOCKED_EXTERNAL,no current rendered action execution,,not exercised in rendered session,,source-declared control; full handler chain not individually verified,not executed on current branch,not observed,"isolated role sessions, DB and synthetic browser; provider readback where applicable",NOT_TESTED,,
S-95cbac3101,SOURCE_CONTROL_OCCURRENCE,/admin/agents_/new,src/routes/admin.agents_.new.tsx:55,AgentProfileForm,dynamic/no static accessible name,"onSaved={() => navigate({ to: ""/admin/agents"" })}",,staff; exact grants require handler review,runtime role/state not reconciled,UNCLASSIFIED; inspect before execution,,,C-95cbac3101,unique_rendered_control_candidate,S-95cbac3101,no,yes,BLOCKED,src/routes/admin.agents_.new.tsx:55,BLOCKED_EXTERNAL,no current rendered action execution,,not exercised in rendered session,,source-declared control; full handler chain not individually verified,not executed on current branch,not observed,"isolated role sessions, DB and synthetic browser; provider readback where applicable",NOT_TESTED,,
S-30e7e3bcaf,SOURCE_CONTROL_OCCURRENCE,/admin/analytics,src/routes/admin.analytics.tsx:227,Button,dynamic/no static accessible name,,,staff; exact grants require handler review,runtime role/state not reconciled,local input/semantic wrapper,,,C-30e7e3bcaf,unique_rendered_control_candidate,S-30e7e3bcaf,no,yes,BLOCKED,src/routes/admin.analytics.tsx:227,BLOCKED_EXTERNAL,no current rendered action execution,,not exercised in rendered session,,source-declared control; full handler chain not individually verified,not executed on current branch,not observed,"isolated role sessions, DB and synthetic browser; provider readback where applicable",NOT_TESTED,,
S-696e5e99f9,SOURCE_CONTROL_OCCURRENCE,/admin/analytics,src/routes/admin.analytics.tsx:228,Link,返回系統營運,,"""/admin/operations""",staff; exact grants require handler review,runtime role/state not reconciled,navigation; destination may have side effects,,,C-696e5e99f9,unique_rendered_control_candidate,S-696e5e99f9,no,yes,BLOCKED,src/routes/admin.analytics.tsx:228,BLOCKED_EXTERNAL,no current rendered action execution,,not exercised in rendered session,,source-declared control; full handler chain not individually verified,not executed on current branch,not observed,"isolated role sessions, DB and synthetic browser; provider readback where applicable",NOT_TESTED,,
S-ce06e10724,SOURCE_CONTROL_OCCURRENCE,/admin/analytics,src/routes/admin.analytics.tsx:230,form,"""統計日期範圍""",onSubmit={submit},,staff; exact grants require handler review,runtime role/state not reconciled,UNCLASSIFIED; inspect before execution,,,C-ce06e10724,unique_rendered_control_candidate,S-ce06e10724,no,yes,BLOCKED,src/routes/admin.analytics.tsx:230,BLOCKED_EXTERNAL,no current rendered action execution,,not exercised in rendered session,,source-declared control; full handler chain not individually verified,not executed on current branch,not observed,"isolated role sessions, DB and synthetic browser; provider readback where applicable",NOT_TESTED,,
S-a9b9382aab,SOURCE_CONTROL_OCCURRENCE,/admin/analytics,src/routes/admin.analytics.tsx:237,Input,dynamic/no static accessible name,"onChange={(e) => setRange((r) => ({ ...r, start: e.target.value }))}",,staff; exact grants require handler review,runtime role/state not reconciled,UNCLASSIFIED; inspect before execution,,,C-a9b9382aab,unique_rendered_control_candidate,S-a9b9382aab,no,yes,BLOCKED,src/routes/admin.analytics.tsx:237,BLOCKED_EXTERNAL,no current rendered action execution,,not exercised in rendered session,,source-declared control; full handler chain not individually verified,not executed on current branch,not observed,"isolated role sessions, DB and synthetic browser; provider readback where applicable",NOT_TESTED,,
S-106c59aec6,SOURCE_CONTROL_OCCURRENCE,/admin/analytics,src/routes/admin.analytics.tsx:247,Input,dynamic/no static accessible name,"onChange={(e) => setRange((r) => ({ ...r, end: e.target.value }))}",,staff; exact grants require handler review,runtime role/state not reconciled,UNCLASSIFIED; inspect before execution,,,C-106c59aec6,unique_rendered_control_candidate,S-106c59aec6,no,yes,BLOCKED,src/routes/admin.analytics.tsx:247,BLOCKED_EXTERNAL,no current rendered action execution,,not exercised in rendered session,,source-declared control; full handler chain not individually verified,not executed on current branch,not observed,"isolated role sessions, DB and synthetic browser; provider readback where applicable",NOT_TESTED,,
S-b78ef08d35,SOURCE_CONTROL_OCCURRENCE,/admin/analytics,src/routes/admin.analytics.tsx:255,Button,"{loading ? ""載入中…"" : ""更新統計""}",,,staff; exact grants require handler review,{loading},local input/semantic wrapper,,,C-b78ef08d35,unique_rendered_control_candidate,S-b78ef08d35,no,yes,BLOCKED,src/routes/admin.analytics.tsx:255,BLOCKED_EXTERNAL,no current rendered action execution,,not exercised in rendered session,,source-declared control; full handler chain not individually verified,not executed on current branch,not observed,"isolated role sessions, DB and synthetic browser; provider readback where applicable",NOT_TESTED,,
S-94a08aef32,SOURCE_CONTROL_OCCURRENCE,/admin/analytics,src/routes/admin.analytics.tsx:341,Button,清除網址篩選,"onClick={() =>
                void navigate({
                  search: parsePerformanceFilters({
                    ...defaultAnalyticsDateRange(),
                    cohortWindowDays: 90,
                  }),
                })
              }",,staff; exact grants require handler review,runtime role/state not reconciled,UNCLASSIFIED; inspect before execution,,,C-94a08aef32,unique_rendered_control_candidate,S-94a08aef32,no,yes,BLOCKED,src/routes/admin.analytics.tsx:341,BLOCKED_EXTERNAL,no current rendered action execution,,not exercised in rendered session,,source-declared control; full handler chain not individually verified,not executed on current branch,not observed,"isolated role sessions, DB and synthetic browser; provider readback where applicable",NOT_TESTED,,
S-b00ee4eade,SOURCE_CONTROL_OCCURRENCE,/admin/analytics,src/routes/admin.analytics.tsx:359,PerformanceDashboard,dynamic/no static accessible name,onApplyFilters={applyPerformanceFilters} | onOpenRecords={(key) => void openRecords(key)},,staff; exact grants require handler review,runtime role/state not reconciled,UNCLASSIFIED; inspect before execution,,,C-b00ee4eade,unique_rendered_control_candidate,S-b00ee4eade,no,yes,BLOCKED,src/routes/admin.analytics.tsx:359,BLOCKED_EXTERNAL,no current rendered action execution,,not exercised in rendered session,,source-declared control; full handler chain not individually verified,not executed on current branch,not observed,"isolated role sessions, DB and synthetic browser; provider readback where applicable",NOT_TESTED,,
S-30dad89dbc,SOURCE_CONTROL_OCCURRENCE,/admin/analytics,src/routes/admin.analytics.tsx:369,PerformanceTable,dynamic/no static accessible name,"onClose={() => {
                  recordRequest.current++;
                  setDrilldownKey(null);
                  setRecordPage(null);
                }} | onMore={() => void openRecords(drilldownKey, recordPage?.nextCursor ?? null, true)} | onCorrect={correctQuality} | onQualify={qualifyLead}",,staff; exact grants require handler review,runtime role/state not reconciled,UNCLASSIFIED; inspect before execution,,,C-30dad89dbc,unique_rendered_control_candidate,S-30dad89dbc,no,yes,BLOCKED,src/routes/admin.analytics.tsx:369,BLOCKED_EXTERNAL,no current rendered action execution,,not exercised in rendered session,,source-declared control; full handler chain not individually verified,not executed on current branch,not observed,"isolated role sessions, DB and synthetic browser; provider readback where applicable",NOT_TESTED,,
S-2412b0d115,SOURCE_CONTROL_OCCURRENCE,/admin/blasts,src/routes/admin.blasts.tsx:558,Select,dynamic/no static accessible name,"onValueChange={(value) =>
                  setSelectedPreviewAudienceId(value === ""none"" ? """" : value)
                }",,staff; exact grants require handler review,{!options?.audiences.length},UNCLASSIFIED; inspect before execution,,,C-2412b0d115,unique_rendered_control_candidate,S-2412b0d115,no,yes,BLOCKED,src/routes/admin.blasts.tsx:558,BLOCKED_EXTERNAL,no current rendered action execution,,not exercised in rendered session,,source-declared control; full handler chain not individually verified,not executed on current branch,not observed,"isolated role sessions, DB and synthetic browser; provider readback where applicable",NOT_TESTED,,
S-ecb2491278,SOURCE_CONTROL_OCCURRENCE,/admin/blasts,src/routes/admin.blasts.tsx:577,Link,建立 AI 客戶分群,,"""/admin/segments""",staff; exact grants require handler review,runtime role/state not reconciled,navigation; destination may have side effects,,,C-ecb2491278,unique_rendered_control_candidate,S-ecb2491278,no,yes,BLOCKED,src/routes/admin.blasts.tsx:577,BLOCKED_EXTERNAL,no current rendered action execution,,not exercised in rendered session,,source-declared control; full handler chain not individually verified,not executed on current branch,not observed,"isolated role sessions, DB and synthetic browser; provider readback where applicable",NOT_TESTED,,
S-f0a916cb37,SOURCE_CONTROL_OCCURRENCE,/admin/blasts,src/routes/admin.blasts.tsx:584,Button,重新整理,onClick={() => refreshAdminData({ clearRowPreviews: true })},,staff; exact grants require handler review,{loading},UNCLASSIFIED; inspect before execution,,,C-f0a916cb37,unique_rendered_control_candidate,S-f0a916cb37,no,yes,BLOCKED,src/routes/admin.blasts.tsx:584,BLOCKED_EXTERNAL,no current rendered action execution,,not exercised in rendered session,,source-declared control; full handler chain not individually verified,not executed on current branch,not observed,"isolated role sessions, DB and synthetic browser; provider readback where applicable",NOT_TESTED,,
S-592e3753c6,SOURCE_CONTROL_OCCURRENCE,/admin/blasts,src/routes/admin.blasts.tsx:600,Button,新增收件群組,"onClick={() => {
                const blank = { name: """", description: null, filters: {} };
                setSavedAudienceDraft(blank);
                setAudienceDraft(blank);
              }}",,staff; exact grants require handler review,runtime role/state not reconciled,UNCLASSIFIED; inspect before execution,,,C-592e3753c6,unique_rendered_control_candidate,S-592e3753c6,no,yes,BLOCKED,src/routes/admin.blasts.tsx:600,BLOCKED_EXTERNAL,no current rendered action execution,,not exercised in rendered session,,source-declared control; full handler chain not individually verified,not executed on current branch,not observed,"isolated role sessions, DB and synthetic browser; provider readback where applicable",NOT_TESTED,,
S-c066cefaf2,SOURCE_CONTROL_OCCURRENCE,/admin/blasts,src/routes/admin.blasts.tsx:612,Button,新增 Campaign,onClick={openCampaignDialog},,staff; exact grants require handler review,runtime role/state not reconciled,UNCLASSIFIED; inspect before execution,,,C-c066cefaf2,unique_rendered_control_candidate,S-c066cefaf2,no,yes,BLOCKED,src/routes/admin.blasts.tsx:612,BLOCKED_EXTERNAL,no current rendered action execution,,not exercised in rendered session,,source-declared control; full handler chain not individually verified,not executed on current branch,not observed,"isolated role sessions, DB and synthetic browser; provider readback where applicable",NOT_TESTED,,
S-778754a2f6,SOURCE_CONTROL_OCCURRENCE,/admin/blasts,src/routes/admin.blasts.tsx:708,Button,預覽收件人,onClick={() => handlePreviewCampaignAudience(campaign)},,staff; exact grants require handler review,{!campaign.audience_id || !!mutatingAction},UNCLASSIFIED; inspect before execution,,,C-778754a2f6,unique_rendered_control_candidate,S-778754a2f6,no,yes,BLOCKED,src/routes/admin.blasts.tsx:708,BLOCKED_EXTERNAL,no current rendered action execution,,not exercised in rendered session,,source-declared control; full handler chain not individually verified,not executed on current branch,not observed,"isolated role sessions, DB and synthetic browser; provider readback where applicable",NOT_TESTED,,
S-3ced053495,SOURCE_CONTROL_OCCURRENCE,/admin/blasts,src/routes/admin.blasts.tsx:719,Button,發送…,requestSendCampaign → confirmation → campaign queue API,,staff; exact grants require handler review,{!queueEnabled},外部群發高風險,UC17,BL04,C-3ced053495,unique_rendered_control_candidate,S-3ced053495,no,yes,BLOCKED,src/routes/admin.blasts.tsx:719,BLOCKED_EXTERNAL,no current rendered action execution,,not exercised in rendered session,,source-declared control; full handler chain not individually verified,not executed on current branch,not observed,"isolated role sessions, DB and synthetic browser; provider readback where applicable",NOT_TESTED,,
S-bdfa8068de,SOURCE_CONTROL_OCCURRENCE,/admin/blasts,src/routes/admin.blasts.tsx:734,Button,取消 Campaign,campaign cancel confirmation → cancel handler,,staff; exact grants require handler review,{!cancelEnabled},取消後續send工作,UC17,BL08,C-bdfa8068de,unique_rendered_control_candidate,S-bdfa8068de,no,yes,BLOCKED,src/routes/admin.blasts.tsx:734,BLOCKED_EXTERNAL,no current rendered action execution,,not exercised in rendered session,,source-declared control; full handler chain not individually verified,not executed on current branch,not observed,"isolated role sessions, DB and synthetic browser; provider readback where applicable",NOT_TESTED,,
S-a478d10964,SOURCE_CONTROL_OCCURRENCE,/admin/blasts,src/routes/admin.blasts.tsx:762,Button,新增 Campaign,onClick={openCampaignDialog},,staff; exact grants require handler review,runtime role/state not reconciled,UNCLASSIFIED; inspect before execution,,,C-a478d10964,equivalent_repeated_row_candidate,S-c066cefaf2,yes,yes,BLOCKED,src/routes/admin.blasts.tsx:762,BLOCKED_EXTERNAL,no current rendered action execution,,not exercised in rendered session,,source-declared control; full handler chain not individually verified,not executed on current branch,not observed,"isolated role sessions, DB and synthetic browser; provider readback where applicable",NOT_TESTED,,
S-16f227d64e,SOURCE_CONTROL_OCCURRENCE,/admin/blasts,src/routes/admin.blasts.tsx:811,Button,編輯,onClick={() => openAudienceForEdit(audience.id)},,staff; exact grants require handler review,runtime role/state not reconciled,UNCLASSIFIED; inspect before execution,,,C-16f227d64e,unique_rendered_control_candidate,S-16f227d64e,no,yes,BLOCKED,src/routes/admin.blasts.tsx:811,BLOCKED_EXTERNAL,no current rendered action execution,,not exercised in rendered session,,source-declared control; full handler chain not individually verified,not executed on current branch,not observed,"isolated role sessions, DB and synthetic browser; provider readback where applicable",NOT_TESTED,,
S-081bfa3365,SOURCE_CONTROL_OCCURRENCE,/admin/blasts,src/routes/admin.blasts.tsx:820,Button,刪除,audience delete confirmation → delete handler,,staff; exact grants require handler review,{!!mutatingAction},destructive，不在prod執行,UC17,,C-081bfa3365,unique_rendered_control_candidate,S-081bfa3365,no,yes,BLOCKED,src/routes/admin.blasts.tsx:820,BLOCKED_EXTERNAL,no current rendered action execution,,not exercised in rendered session,,source-declared control; full handler chain not individually verified,not executed on current branch,not observed,"isolated role sessions, DB and synthetic browser; provider readback where applicable",NOT_TESTED,,
S-0a438fd0ff,SOURCE_CONTROL_OCCURRENCE,/admin/blasts,src/routes/admin.blasts.tsx:846,CampaignDialog,dynamic/no static accessible name,"onChange={setCampaignDraft} | onClose={requestCloseCampaignDialog} | onSubmit={handleSaveCampaign} | onQueue={requestSendCampaignDraft} | onCancel={() => {
          const row = campaignRows.find((item) => item.id === campaignDraft?.id);
          if (!row) return;
          setConfirmError(null);
          setPendingCancel(row);
        }}",,staff; exact grants require handler review,runtime role/state not reconciled,UNCLASSIFIED; inspect before execution,,,C-0a438fd0ff,container_wrapper_candidate,S-0a438fd0ff,no,yes,BLOCKED,src/routes/admin.blasts.tsx:846,BLOCKED_EXTERNAL,no current rendered action execution,,not exercised in rendered session,,source-declared control; full handler chain not individually verified,not executed on current branch,not observed,"isolated role sessions, DB and synthetic browser; provider readback where applicable",NOT_TESTED,,
S-3fc6f2c161,SOURCE_CONTROL_OCCURRENCE,/admin/blasts,src/routes/admin.blasts.tsx:867,AudienceDialog,dynamic/no static accessible name,onChange={setAudienceDraft} | onClose={requestCloseAudienceDialog} | onSubmit={handleSaveAudience},,staff; exact grants require handler review,runtime role/state not reconciled,UNCLASSIFIED; inspect before execution,,,C-3fc6f2c161,container_wrapper_candidate,S-3fc6f2c161,no,yes,BLOCKED,src/routes/admin.blasts.tsx:867,BLOCKED_EXTERNAL,no current rendered action execution,,not exercised in rendered session,,source-declared control; full handler chain not individually verified,not executed on current branch,not observed,"isolated role sessions, DB and synthetic browser; provider readback where applicable",NOT_TESTED,,
S-8ee5b33da7,SOURCE_CONTROL_OCCURRENCE,/admin/blasts,src/routes/admin.blasts.tsx:880,AdminConfirmDialog,{pendingSend ? <SendConfirmationDetails send={pendingSend} /> : null},"onOpenChange={(open) => {
          if (!open) {
            setPendingSend(null);
            setConfirmError(null);
          }
        }} | onConfirm={() => void handleConfirmSend()}",,staff; exact grants require handler review,runtime role/state not reconciled,UNCLASSIFIED; inspect before execution,,,C-8ee5b33da7,unique_rendered_control_candidate,S-8ee5b33da7,no,yes,BLOCKED,src/routes/admin.blasts.tsx:880,BLOCKED_EXTERNAL,no current rendered action execution,,not exercised in rendered session,,source-declared control; full handler chain not individually verified,not executed on current branch,not observed,"isolated role sessions, DB and synthetic browser; provider readback where applicable",NOT_TESTED,,
S-437e35b9bb,SOURCE_CONTROL_OCCURRENCE,/admin/blasts,src/routes/admin.blasts.tsx:899,AdminConfirmDialog,"{pendingAudienceDelete ? ( <dl className=""grid gap-1 rounded-md border bg-muted/40 p-3 text-sm""> <ConfirmRow label=""群組名稱"" value={pendingAudienceDelete","onOpenChange={(open) => {
          if (!open) {
            setPendingAudienceDelete(null);
            setConfirmError(null);
          }
        }} | onConfirm={() => void handleDeleteAudience()}",,staff; exact grants require handler review,runtime role/state not reconciled,UNCLASSIFIED; inspect before execution,,,C-437e35b9bb,unique_rendered_control_candidate,S-437e35b9bb,no,yes,BLOCKED,src/routes/admin.blasts.tsx:899,BLOCKED_EXTERNAL,no current rendered action execution,,not exercised in rendered session,,source-declared control; full handler chain not individually verified,not executed on current branch,not observed,"isolated role sessions, DB and synthetic browser; provider readback where applicable",NOT_TESTED,,
S-a846a5a0ee,SOURCE_CONTROL_OCCURRENCE,/admin/blasts,src/routes/admin.blasts.tsx:925,AdminConfirmDialog,"{pendingCancel ? ( <dl className=""grid gap-1 rounded-md border bg-muted/40 p-3 text-sm""> <ConfirmRow label=""Campaign"" value={pendingCancel.name} /> <C","onOpenChange={(open) => {
          if (!open) {
            setPendingCancel(null);
            setConfirmError(null);
          }
        }} | onConfirm={() => void handleConfirmCancel()}",,staff; exact grants require handler review,runtime role/state not reconciled,UNCLASSIFIED; inspect before execution,,,C-a846a5a0ee,unique_rendered_control_candidate,S-a846a5a0ee,no,yes,BLOCKED,src/routes/admin.blasts.tsx:925,BLOCKED_EXTERNAL,no current rendered action execution,,not exercised in rendered session,,source-declared control; full handler chain not individually verified,not executed on current branch,not observed,"isolated role sessions, DB and synthetic browser; provider readback where applicable",NOT_TESTED,,
S-3eb4ba113d,SOURCE_CONTROL_OCCURRENCE,/admin/blasts,src/routes/admin.blasts.tsx:989,Dialog,dynamic/no static accessible name,onOpenChange={(open) => (!open ? onClose() : undefined)},,staff; exact grants require handler review,runtime role/state not reconciled,UNCLASSIFIED; inspect before execution,,,C-3eb4ba113d,container_wrapper_candidate,S-3eb4ba113d,no,yes,BLOCKED,src/routes/admin.blasts.tsx:989,BLOCKED_EXTERNAL,no current rendered action execution,,not exercised in rendered session,,source-declared control; full handler chain not individually verified,not executed on current branch,not observed,"isolated role sessions, DB and synthetic browser; provider readback where applicable",NOT_TESTED,,
S-bf4cc7ac2f,SOURCE_CONTROL_OCCURRENCE,/admin/blasts,src/routes/admin.blasts.tsx:996,form,dynamic/no static accessible name,onSubmit={onSubmit},,staff; exact grants require handler review,runtime role/state not reconciled,UNCLASSIFIED; inspect before execution,,,C-bf4cc7ac2f,unique_rendered_control_candidate,S-bf4cc7ac2f,no,yes,BLOCKED,src/routes/admin.blasts.tsx:996,BLOCKED_EXTERNAL,no current rendered action execution,,not exercised in rendered session,,source-declared control; full handler chain not individually verified,not executed on current branch,not observed,"isolated role sessions, DB and synthetic browser; provider readback where applicable",NOT_TESTED,,
S-272ee71235,SOURCE_CONTROL_OCCURRENCE,/admin/blasts,src/routes/admin.blasts.tsx:998,TextField,dynamic/no static accessible name,"onChange={(value) => onChange({ ...campaign, name: value })}",,staff; exact grants require handler review,runtime role/state not reconciled,UNCLASSIFIED; inspect before execution,,,C-272ee71235,unique_rendered_control_candidate,S-272ee71235,no,yes,BLOCKED,src/routes/admin.blasts.tsx:998,BLOCKED_EXTERNAL,no current rendered action execution,,not exercised in rendered session,,source-declared control; full handler chain not individually verified,not executed on current branch,not observed,"isolated role sessions, DB and synthetic browser; provider readback where applicable",NOT_TESTED,,
S-61cc0a10f7,SOURCE_CONTROL_OCCURRENCE,/admin/blasts,src/routes/admin.blasts.tsx:1005,Select,dynamic/no static accessible name,"onValueChange={(value) =>
                    onChange({ ...campaign, template_id: value === ""none"" ? null : value })
                  }",,staff; exact grants require handler review,runtime role/state not reconciled,UNCLASSIFIED; inspect before execution,,,C-61cc0a10f7,unique_rendered_control_candidate,S-61cc0a10f7,no,yes,BLOCKED,src/routes/admin.blasts.tsx:1005,BLOCKED_EXTERNAL,no current rendered action execution,,not exercised in rendered session,,source-declared control; full handler chain not individually verified,not executed on current branch,not observed,"isolated role sessions, DB and synthetic browser; provider readback where applicable",NOT_TESTED,,
S-ff755ab8f7,SOURCE_CONTROL_OCCURRENCE,/admin/blasts,src/routes/admin.blasts.tsx:1026,Select,dynamic/no static accessible name,"onValueChange={(value) =>
                    onChange({ ...campaign, audience_id: value === ""none"" ? null : value })
                  }",,staff; exact grants require handler review,runtime role/state not reconciled,UNCLASSIFIED; inspect before execution,,,C-ff755ab8f7,unique_rendered_control_candidate,S-ff755ab8f7,no,yes,BLOCKED,src/routes/admin.blasts.tsx:1026,BLOCKED_EXTERNAL,no current rendered action execution,,not exercised in rendered session,,source-declared control; full handler chain not individually verified,not executed on current branch,not observed,"isolated role sessions, DB and synthetic browser; provider readback where applicable",NOT_TESTED,,
S-78ca6af8e7,SOURCE_CONTROL_OCCURRENCE,/admin/blasts,src/routes/admin.blasts.tsx:1046,Select,dynamic/no static accessible name,"onValueChange={(value) =>
                    onChange({ ...campaign, status: value as AdminCampaignInput[""status""] })
                  }",,staff; exact grants require handler review,runtime role/state not reconciled,UNCLASSIFIED; inspect before execution,,,C-78ca6af8e7,unique_rendered_control_candidate,S-78ca6af8e7,no,yes,BLOCKED,src/routes/admin.blasts.tsx:1046,BLOCKED_EXTERNAL,no current rendered action execution,,not exercised in rendered session,,source-declared control; full handler chain not individually verified,not executed on current branch,not observed,"isolated role sessions, DB and synthetic browser; provider readback where applicable",NOT_TESTED,,
S-768040faec,SOURCE_CONTROL_OCCURRENCE,/admin/blasts,src/routes/admin.blasts.tsx:1069,TextField,dynamic/no static accessible name,"onChange={(value) => onChange({ ...campaign, scheduled_at: nullIfBlank(value) })}",,staff; exact grants require handler review,runtime role/state not reconciled,UNCLASSIFIED; inspect before execution,,,C-768040faec,unique_rendered_control_candidate,S-768040faec,no,yes,BLOCKED,src/routes/admin.blasts.tsx:1069,BLOCKED_EXTERNAL,no current rendered action execution,,not exercised in rendered session,,source-declared control; full handler chain not individually verified,not executed on current branch,not observed,"isolated role sessions, DB and synthetic browser; provider readback where applicable",NOT_TESTED,,
S-0b11f35d1b,SOURCE_CONTROL_OCCURRENCE,/admin/blasts,src/routes/admin.blasts.tsx:1104,Button,取消整個 Campaign,onClick={onCancel},,staff; exact grants require handler review,{!canCancel || saving || mutating},UNCLASSIFIED; inspect before execution,,,C-0b11f35d1b,unique_rendered_control_candidate,S-0b11f35d1b,no,yes,BLOCKED,src/routes/admin.blasts.tsx:1104,BLOCKED_EXTERNAL,no current rendered action execution,,not exercised in rendered session,,source-declared control; full handler chain not individually verified,not executed on current branch,not observed,"isolated role sessions, DB and synthetic browser; provider readback where applicable",NOT_TESTED,,
S-4824a8b888,SOURCE_CONTROL_OCCURRENCE,/admin/blasts,src/routes/admin.blasts.tsx:1118,Button,關閉,onClick={onClose},,staff; exact grants require handler review,runtime role/state not reconciled,UNCLASSIFIED; inspect before execution,,,C-4824a8b888,unique_rendered_control_candidate,S-4824a8b888,no,yes,BLOCKED,src/routes/admin.blasts.tsx:1118,BLOCKED_EXTERNAL,no current rendered action execution,,not exercised in rendered session,,source-declared control; full handler chain not individually verified,not executed on current branch,not observed,"isolated role sessions, DB and synthetic browser; provider readback where applicable",NOT_TESTED,,
S-9d5c6cde02,SOURCE_CONTROL_OCCURRENCE,/admin/blasts,src/routes/admin.blasts.tsx:1121,Button,儲存,,,staff; exact grants require handler review,{saving || mutating},local input/semantic wrapper,,,C-9d5c6cde02,unique_rendered_control_candidate,S-9d5c6cde02,no,yes,BLOCKED,src/routes/admin.blasts.tsx:1121,BLOCKED_EXTERNAL,no current rendered action execution,,not exercised in rendered session,,source-declared control; full handler chain not individually verified,not executed on current branch,not observed,"isolated role sessions, DB and synthetic browser; provider readback where applicable",NOT_TESTED,,
S-dc2fec0989,SOURCE_CONTROL_OCCURRENCE,/admin/blasts,src/routes/admin.blasts.tsx:1125,Button,發送…,onClick={onQueue},,staff; exact grants require handler review,{!canQueue || saving || mutating},UNCLASSIFIED; inspect before execution,,,C-dc2fec0989,unique_rendered_control_candidate,S-dc2fec0989,no,yes,BLOCKED,src/routes/admin.blasts.tsx:1125,BLOCKED_EXTERNAL,no current rendered action execution,,not exercised in rendered session,,source-declared control; full handler chain not individually verified,not executed on current branch,not observed,"isolated role sessions, DB and synthetic browser; provider readback where applicable",NOT_TESTED,,
S-ff56f608e0,SOURCE_CONTROL_OCCURRENCE,/admin/blasts,src/routes/admin.blasts.tsx:1155,Dialog,dynamic/no static accessible name,onOpenChange={(open) => (!open ? onClose() : undefined)},,staff; exact grants require handler review,runtime role/state not reconciled,UNCLASSIFIED; inspect before execution,,,C-ff56f608e0,container_wrapper_candidate,S-3eb4ba113d,yes,yes,BLOCKED,src/routes/admin.blasts.tsx:1155,BLOCKED_EXTERNAL,no current rendered action execution,,not exercised in rendered session,,source-declared control; full handler chain not individually verified,not executed on current branch,not observed,"isolated role sessions, DB and synthetic browser; provider readback where applicable",NOT_TESTED,,
S-982f46ff3d,SOURCE_CONTROL_OCCURRENCE,/admin/blasts,src/routes/admin.blasts.tsx:1162,form,dynamic/no static accessible name,onSubmit={onSubmit},,staff; exact grants require handler review,runtime role/state not reconciled,UNCLASSIFIED; inspect before execution,,,C-982f46ff3d,equivalent_repeated_row_candidate,S-bf4cc7ac2f,yes,yes,BLOCKED,src/routes/admin.blasts.tsx:1162,BLOCKED_EXTERNAL,no current rendered action execution,,not exercised in rendered session,,source-declared control; full handler chain not individually verified,not executed on current branch,not observed,"isolated role sessions, DB and synthetic browser; provider readback where applicable",NOT_TESTED,,
S-dd8d03dbad,SOURCE_CONTROL_OCCURRENCE,/admin/blasts,src/routes/admin.blasts.tsx:1164,TextField,dynamic/no static accessible name,"onChange={(value) => onChange({ ...audience, name: value })}",,staff; exact grants require handler review,runtime role/state not reconciled,UNCLASSIFIED; inspect before execution,,,C-dd8d03dbad,unique_rendered_control_candidate,S-dd8d03dbad,no,yes,BLOCKED,src/routes/admin.blasts.tsx:1164,BLOCKED_EXTERNAL,no current rendered action execution,,not exercised in rendered session,,source-declared control; full handler chain not individually verified,not executed on current branch,not observed,"isolated role sessions, DB and synthetic browser; provider readback where applicable",NOT_TESTED,,
S-7c5dd1827d,SOURCE_CONTROL_OCCURRENCE,/admin/blasts,src/routes/admin.blasts.tsx:1170,TextField,dynamic/no static accessible name,"onChange={(value) => onChange({ ...audience, description: nullIfBlank(value) })}",,staff; exact grants require handler review,runtime role/state not reconciled,UNCLASSIFIED; inspect before execution,,,C-7c5dd1827d,unique_rendered_control_candidate,S-7c5dd1827d,no,yes,BLOCKED,src/routes/admin.blasts.tsx:1170,BLOCKED_EXTERNAL,no current rendered action execution,,not exercised in rendered session,,source-declared control; full handler chain not individually verified,not executed on current branch,not observed,"isolated role sessions, DB and synthetic browser; provider readback where applicable",NOT_TESTED,,
S-1ed8e716b5,SOURCE_CONTROL_OCCURRENCE,/admin/blasts,src/routes/admin.blasts.tsx:1176,Select,dynamic/no static accessible name,"onValueChange={(value) =>
                    onChange({
                      ...audience,
                      filters: {
                        ...audience.filters,
                        intent: value === ""any"" ? undefined : value,
                      },
                    })
                  }",,staff; exact grants require handler review,runtime role/state not reconciled,UNCLASSIFIED; inspect before execution,,,C-1ed8e716b5,unique_rendered_control_candidate,S-1ed8e716b5,no,yes,BLOCKED,src/routes/admin.blasts.tsx:1176,BLOCKED_EXTERNAL,no current rendered action execution,,not exercised in rendered session,,source-declared control; full handler chain not individually verified,not executed on current branch,not observed,"isolated role sessions, DB and synthetic browser; provider readback where applicable",NOT_TESTED,,
S-d4de3f64cb,SOURCE_CONTROL_OCCURRENCE,/admin/blasts,src/routes/admin.blasts.tsx:1200,TextField,dynamic/no static accessible name,"onChange={(value) =>
                  onChange({
                    ...audience,
                    filters: { ...audience.filters, source: undefinedIfBlank(value) },
                  })
                }",,staff; exact grants require handler review,runtime role/state not reconciled,UNCLASSIFIED; inspect before execution,,,C-d4de3f64cb,unique_rendered_control_candidate,S-d4de3f64cb,no,yes,BLOCKED,src/routes/admin.blasts.tsx:1200,BLOCKED_EXTERNAL,no current rendered action execution,,not exercised in rendered session,,source-declared control; full handler chain not individually verified,not executed on current branch,not observed,"isolated role sessions, DB and synthetic browser; provider readback where applicable",NOT_TESTED,,
S-67a455011f,SOURCE_CONTROL_OCCURRENCE,/admin/blasts,src/routes/admin.blasts.tsx:1210,TextField,dynamic/no static accessible name,"onChange={(value) =>
                  onChange({
                    ...audience,
                    filters: { ...audience.filters, estates: splitCommaList(value) },
                  })
                }",,staff; exact grants require handler review,runtime role/state not reconciled,UNCLASSIFIED; inspect before execution,,,C-67a455011f,unique_rendered_control_candidate,S-67a455011f,no,yes,BLOCKED,src/routes/admin.blasts.tsx:1210,BLOCKED_EXTERNAL,no current rendered action execution,,not exercised in rendered session,,source-declared control; full handler chain not individually verified,not executed on current branch,not observed,"isolated role sessions, DB and synthetic browser; provider readback where applicable",NOT_TESTED,,
S-373e8016f1,SOURCE_CONTROL_OCCURRENCE,/admin/blasts,src/routes/admin.blasts.tsx:1220,TextField,dynamic/no static accessible name,"onChange={(value) =>
                  onChange({
                    ...audience,
                    filters: { ...audience.filters, district_slug: undefinedIfBlank(value) },
                  })
                }",,staff; exact grants require handler review,runtime role/state not reconciled,UNCLASSIFIED; inspect before execution,,,C-373e8016f1,unique_rendered_control_candidate,S-373e8016f1,no,yes,BLOCKED,src/routes/admin.blasts.tsx:1220,BLOCKED_EXTERNAL,no current rendered action execution,,not exercised in rendered session,,source-declared control; full handler chain not individually verified,not executed on current branch,not observed,"isolated role sessions, DB and synthetic browser; provider readback where applicable",NOT_TESTED,,
S-77eb53d428,SOURCE_CONTROL_OCCURRENCE,/admin/blasts,src/routes/admin.blasts.tsx:1230,TextField,dynamic/no static accessible name,"onChange={(value) =>
                  onChange({
                    ...audience,
                    filters: {
                      ...audience.filters,
                      assigned_agent_id: undefinedIfBlank(value),
                    },
                  })
                }",,staff; exact grants require handler review,runtime role/state not reconciled,UNCLASSIFIED; inspect before execution,,,C-77eb53d428,unique_rendered_control_candidate,S-77eb53d428,no,yes,BLOCKED,src/routes/admin.blasts.tsx:1230,BLOCKED_EXTERNAL,no current rendered action execution,,not exercised in rendered session,,source-declared control; full handler chain not individually verified,not executed on current branch,not observed,"isolated role sessions, DB and synthetic browser; provider readback where applicable",NOT_TESTED,,
S-d7b5eb9fd6,SOURCE_CONTROL_OCCURRENCE,/admin/blasts,src/routes/admin.blasts.tsx:1243,TextField,dynamic/no static accessible name,"onChange={(value) =>
                  onChange({
                    ...audience,
                    filters: { ...audience.filters, budget_min: undefinedIfBlankNumber(value) },
                  })
                }",,staff; exact grants require handler review,runtime role/state not reconciled,UNCLASSIFIED; inspect before execution,,,C-d7b5eb9fd6,unique_rendered_control_candidate,S-d7b5eb9fd6,no,yes,BLOCKED,src/routes/admin.blasts.tsx:1243,BLOCKED_EXTERNAL,no current rendered action execution,,not exercised in rendered session,,source-declared control; full handler chain not individually verified,not executed on current branch,not observed,"isolated role sessions, DB and synthetic browser; provider readback where applicable",NOT_TESTED,,
S-95734fba14,SOURCE_CONTROL_OCCURRENCE,/admin/blasts,src/routes/admin.blasts.tsx:1254,TextField,dynamic/no static accessible name,"onChange={(value) =>
                  onChange({
                    ...audience,
                    filters: { ...audience.filters, budget_max: undefinedIfBlankNumber(value) },
                  })
                }",,staff; exact grants require handler review,runtime role/state not reconciled,UNCLASSIFIED; inspect before execution,,,C-95734fba14,unique_rendered_control_candidate,S-95734fba14,no,yes,BLOCKED,src/routes/admin.blasts.tsx:1254,BLOCKED_EXTERNAL,no current rendered action execution,,not exercised in rendered session,,source-declared control; full handler chain not individually verified,not executed on current branch,not observed,"isolated role sessions, DB and synthetic browser; provider readback where applicable",NOT_TESTED,,
S-19f49837e8,SOURCE_CONTROL_OCCURRENCE,/admin/blasts,src/routes/admin.blasts.tsx:1265,TextField,dynamic/no static accessible name,"onChange={(value) =>
                  onChange({
                    ...audience,
                    filters: {
                      ...audience.filters,
                      last_activity_days: undefinedIfBlankNumber(value),
                    },
                  })
                }",,staff; exact grants require handler review,runtime role/state not reconciled,UNCLASSIFIED; inspect before execution,,,C-19f49837e8,unique_rendered_control_candidate,S-19f49837e8,no,yes,BLOCKED,src/routes/admin.blasts.tsx:1265,BLOCKED_EXTERNAL,no current rendered action execution,,not exercised in rendered session,,source-declared control; full handler chain not individually verified,not executed on current branch,not observed,"isolated role sessions, DB and synthetic browser; provider readback where applicable",NOT_TESTED,,
S-b8e5eb7b5c,SOURCE_CONTROL_OCCURRENCE,/admin/blasts,src/routes/admin.blasts.tsx:1281,Checkbox,dynamic/no static accessible name,"onCheckedChange={(checked) =>
                      onChange({
                        ...audience,
                        filters: {
                          ...audience.filters,
                          require_whatsapp_opt_in: checked === true ? true : undefined,
                        },
                      })
                    }",,staff; exact grants require handler review,runtime role/state not reconciled,UNCLASSIFIED; inspect before execution,,,C-b8e5eb7b5c,unique_rendered_control_candidate,S-b8e5eb7b5c,no,yes,BLOCKED,src/routes/admin.blasts.tsx:1281,BLOCKED_EXTERNAL,no current rendered action execution,,not exercised in rendered session,,source-declared control; full handler chain not individually verified,not executed on current branch,not observed,"isolated role sessions, DB and synthetic browser; provider readback where applicable",NOT_TESTED,,
S-46988026fe,SOURCE_CONTROL_OCCURRENCE,/admin/blasts,src/routes/admin.blasts.tsx:1309,Button,關閉,onClick={onClose},,staff; exact grants require handler review,runtime role/state not reconciled,UNCLASSIFIED; inspect before execution,,,C-46988026fe,equivalent_repeated_row_candidate,S-4824a8b888,yes,yes,BLOCKED,src/routes/admin.blasts.tsx:1309,BLOCKED_EXTERNAL,no current rendered action execution,,not exercised in rendered session,,source-declared control; full handler chain not individually verified,not executed on current branch,not observed,"isolated role sessions, DB and synthetic browser; provider readback where applicable",NOT_TESTED,,
S-5793afb105,SOURCE_CONTROL_OCCURRENCE,/admin/blasts,src/routes/admin.blasts.tsx:1312,Button,儲存收件群組,,,staff; exact grants require handler review,{saving},local input/semantic wrapper,,,C-5793afb105,unique_rendered_control_candidate,S-5793afb105,no,yes,BLOCKED,src/routes/admin.blasts.tsx:1312,BLOCKED_EXTERNAL,no current rendered action execution,,not exercised in rendered session,,source-declared control; full handler chain not individually verified,not executed on current branch,not observed,"isolated role sessions, DB and synthetic browser; provider readback where applicable",NOT_TESTED,,
S-d645ee3c2e,SOURCE_CONTROL_OCCURRENCE,/admin/blasts,src/routes/admin.blasts.tsx:1525,Input,{label},onChange={(event) => onChange(event.target.value)},,staff; exact grants require handler review,runtime role/state not reconciled,UNCLASSIFIED; inspect before execution,,,C-d645ee3c2e,unique_rendered_control_candidate,S-d645ee3c2e,no,yes,BLOCKED,src/routes/admin.blasts.tsx:1525,BLOCKED_EXTERNAL,no current rendered action execution,,not exercised in rendered session,,source-declared control; full handler chain not individually verified,not executed on current branch,not observed,"isolated role sessions, DB and synthetic browser; provider readback where applicable",NOT_TESTED,,
S-587a69686b,SOURCE_CONTROL_OCCURRENCE,/admin/cms,src/routes/admin.cms.tsx:928,Button,重試載入內容,onClick={() => void refreshCmsData(cmsCursor).catch((err) => setError(errorText(err)))},,staff; exact grants require handler review,runtime role/state not reconciled,UNCLASSIFIED; inspect before execution,,,C-587a69686b,unique_rendered_control_candidate,S-587a69686b,no,yes,BLOCKED,src/routes/admin.cms.tsx:928,BLOCKED_EXTERNAL,no current rendered action execution,,not exercised in rendered session,,source-declared control; full handler chain not individually verified,not executed on current branch,not observed,"isolated role sessions, DB and synthetic browser; provider readback where applicable",NOT_TESTED,,
S-5ddc7266af,SOURCE_CONTROL_OCCURRENCE,/admin/cms,src/routes/admin.cms.tsx:941,Button,草稿： {row.title},"onClick={() => {
                  if (row.resourceType === ""estate"") void loadEstateRevisions(row.resourceId);
                  else void loadArticleRevisions(row.resourceId);
                }}",,staff; exact grants require handler review,runtime role/state not reconciled,UNCLASSIFIED; inspect before execution,,,C-5ddc7266af,unique_rendered_control_candidate,S-5ddc7266af,no,yes,BLOCKED,src/routes/admin.cms.tsx:941,BLOCKED_EXTERNAL,no current rendered action execution,,not exercised in rendered session,,source-declared control; full handler chain not individually verified,not executed on current branch,not observed,"isolated role sessions, DB and synthetic browser; provider readback where applicable",NOT_TESTED,,
S-edb55c313a,SOURCE_CONTROL_OCCURRENCE,/admin/cms,src/routes/admin.cms.tsx:957,Button,第一頁,onClick={() => void refreshCmsData().catch((err) => setError(errorText(err)))},,staff; exact grants require handler review,{!cmsCursor},UNCLASSIFIED; inspect before execution,,,C-edb55c313a,unique_rendered_control_candidate,S-edb55c313a,no,yes,BLOCKED,src/routes/admin.cms.tsx:957,BLOCKED_EXTERNAL,no current rendered action execution,,not exercised in rendered session,,source-declared control; full handler chain not individually verified,not executed on current branch,not observed,"isolated role sessions, DB and synthetic browser; provider readback where applicable",NOT_TESTED,,
S-9ea2f70ad5,SOURCE_CONTROL_OCCURRENCE,/admin/cms,src/routes/admin.cms.tsx:964,Button,下一頁,"onClick={() =>
                void refreshCmsData(cmsNextCursor).catch((err) => setError(errorText(err)))
              }",,staff; exact grants require handler review,{!cmsNextCursor},UNCLASSIFIED; inspect before execution,,,C-9ea2f70ad5,unique_rendered_control_candidate,S-9ea2f70ad5,no,yes,BLOCKED,src/routes/admin.cms.tsx:964,BLOCKED_EXTERNAL,no current rendered action execution,,not exercised in rendered session,,source-declared control; full handler chain not individually verified,not executed on current branch,not observed,"isolated role sessions, DB and synthetic browser; provider readback where applicable",NOT_TESTED,,
S-07a4675972,SOURCE_CONTROL_OCCURRENCE,/admin/cms,src/routes/admin.cms.tsx:974,Tabs,dynamic/no static accessible name,"onValueChange={(tab) => {
              const nextTab = tab as AdminCmsTab;
              // A real history entry per tab: `replace: true` made browser Back
              // exit the CMS entirely instead of stepping back one tab.
              void navigate({
                search: { tab: nextTab === ""estates"" ? undefined : nextTab },
                resetScroll: false,
              });
            }}",,staff; exact grants require handler review,runtime role/state not reconciled,UNCLASSIFIED; inspect before execution,,,C-07a4675972,container_wrapper_candidate,S-07a4675972,no,yes,BLOCKED,src/routes/admin.cms.tsx:974,BLOCKED_EXTERNAL,no current rendered action execution,,not exercised in rendered session,,source-declared control; full handler chain not individually verified,not executed on current branch,not observed,"isolated role sessions, DB and synthetic browser; provider readback where applicable",NOT_TESTED,,
S-160af12038,SOURCE_CONTROL_OCCURRENCE,/admin/cms,src/routes/admin.cms.tsx:987,TabsTrigger,屋苑 SEO,,,staff; exact grants require handler review,runtime role/state not reconciled,local input/semantic wrapper,,,C-160af12038,unique_rendered_control_candidate,S-160af12038,no,yes,BLOCKED,src/routes/admin.cms.tsx:987,BLOCKED_EXTERNAL,no current rendered action execution,,not exercised in rendered session,,source-declared control; full handler chain not individually verified,not executed on current branch,not observed,"isolated role sessions, DB and synthetic browser; provider readback where applicable",NOT_TESTED,,
S-19d4311a79,SOURCE_CONTROL_OCCURRENCE,/admin/cms,src/routes/admin.cms.tsx:988,TabsTrigger,文章編輯,,,staff; exact grants require handler review,runtime role/state not reconciled,local input/semantic wrapper,,,C-19d4311a79,unique_rendered_control_candidate,S-19d4311a79,no,yes,BLOCKED,src/routes/admin.cms.tsx:988,BLOCKED_EXTERNAL,no current rendered action execution,,not exercised in rendered session,,source-declared control; full handler chain not individually verified,not executed on current branch,not observed,"isolated role sessions, DB and synthetic browser; provider readback where applicable",NOT_TESTED,,
S-c86a8fd015,SOURCE_CONTROL_OCCURRENCE,/admin/cms,src/routes/admin.cms.tsx:989,TabsTrigger,YouTube影片,,,staff; exact grants require handler review,runtime role/state not reconciled,local input/semantic wrapper,,,C-c86a8fd015,unique_rendered_control_candidate,S-c86a8fd015,no,yes,BLOCKED,src/routes/admin.cms.tsx:989,BLOCKED_EXTERNAL,no current rendered action execution,,not exercised in rendered session,,source-declared control; full handler chain not individually verified,not executed on current branch,not observed,"isolated role sessions, DB and synthetic browser; provider readback where applicable",NOT_TESTED,,
S-11fbe7339e,SOURCE_CONTROL_OCCURRENCE,/admin/cms,src/routes/admin.cms.tsx:990,TabsTrigger,FAQ 編輯,,,staff; exact grants require handler review,runtime role/state not reconciled,local input/semantic wrapper,,,C-11fbe7339e,unique_rendered_control_candidate,S-11fbe7339e,no,yes,BLOCKED,src/routes/admin.cms.tsx:990,BLOCKED_EXTERNAL,no current rendered action execution,,not exercised in rendered session,,source-declared control; full handler chain not individually verified,not executed on current branch,not observed,"isolated role sessions, DB and synthetic browser; provider readback where applicable",NOT_TESTED,,
S-2c21c0a9c1,SOURCE_CONTROL_OCCURRENCE,/admin/cms,src/routes/admin.cms.tsx:991,TabsTrigger,媒體庫,,,staff; exact grants require handler review,runtime role/state not reconciled,local input/semantic wrapper,,,C-2c21c0a9c1,unique_rendered_control_candidate,S-2c21c0a9c1,no,yes,BLOCKED,src/routes/admin.cms.tsx:991,BLOCKED_EXTERNAL,no current rendered action execution,,not exercised in rendered session,,source-declared control; full handler chain not individually verified,not executed on current branch,not observed,"isolated role sessions, DB and synthetic browser; provider readback where applicable",NOT_TESTED,,
S-5e15608a81,SOURCE_CONTROL_OCCURRENCE,/admin/cms,src/routes/admin.cms.tsx:1004,TableSearch,dynamic/no static accessible name,"onChange={(value) =>
                        setSearchByTab((current) => ({ ...current, estates: value }))
                      }",,staff; exact grants require handler review,runtime role/state not reconciled,UNCLASSIFIED; inspect before execution,,,C-5e15608a81,unique_rendered_control_candidate,S-5e15608a81,no,yes,BLOCKED,src/routes/admin.cms.tsx:1004,BLOCKED_EXTERNAL,no current rendered action execution,,not exercised in rendered session,,source-declared control; full handler chain not individually verified,not executed on current branch,not observed,"isolated role sessions, DB and synthetic browser; provider readback where applicable",NOT_TESTED,,
S-656a70506d,SOURCE_CONTROL_OCCURRENCE,/admin/cms,src/routes/admin.cms.tsx:1011,Button,新增屋苑,"onClick={() => {
                        setEstateEdit(null);
                        ++estateLoadSequence.current;
                        setEstateRevisions(null);
                        setEstateLatestPayload(null);
                        setEditingEstate({ ...emptyEstate });
                        setEstateRevisions(null);
                        setEstateLatestPayload(null);
                      }}",,staff; exact grants require handler review,runtime role/state not reconciled,UNCLASSIFIED; inspect before execution,,,C-656a70506d,unique_rendered_control_candidate,S-656a70506d,no,yes,BLOCKED,src/routes/admin.cms.tsx:1011,BLOCKED_EXTERNAL,no current rendered action execution,,not exercised in rendered session,,source-declared control; full handler chain not individually verified,not executed on current branch,not observed,"isolated role sessions, DB and synthetic browser; provider readback where applicable",NOT_TESTED,,
S-50e3b028c0,SOURCE_CONTROL_OCCURRENCE,/admin/cms,src/routes/admin.cms.tsx:1062,Button,編輯,"onClick={() => {
                                  void loadEstateRevisions(estate.id);
                                }}",,staff; exact grants require handler review,runtime role/state not reconciled,UNCLASSIFIED; inspect before execution,,,C-50e3b028c0,unique_rendered_control_candidate,S-50e3b028c0,no,yes,BLOCKED,src/routes/admin.cms.tsx:1062,BLOCKED_EXTERNAL,no current rendered action execution,,not exercised in rendered session,,source-declared control; full handler chain not individually verified,not executed on current branch,not observed,"isolated role sessions, DB and synthetic browser; provider readback where applicable",NOT_TESTED,,
S-b7614c3822,SOURCE_CONTROL_OCCURRENCE,/admin/cms,src/routes/admin.cms.tsx:1072,Button,封存,"onClick={() => setArchiving({ type: ""estate"", id: estate.id })}",,staff; exact grants require handler review,runtime role/state not reconciled,UNCLASSIFIED; inspect before execution,,,C-b7614c3822,unique_rendered_control_candidate,S-b7614c3822,no,yes,BLOCKED,src/routes/admin.cms.tsx:1072,BLOCKED_EXTERNAL,no current rendered action execution,,not exercised in rendered session,,source-declared control; full handler chain not individually verified,not executed on current branch,not observed,"isolated role sessions, DB and synthetic browser; provider readback where applicable",NOT_TESTED,,
S-3e469b45ab,SOURCE_CONTROL_OCCURRENCE,/admin/cms,src/routes/admin.cms.tsx:1088,NoSearchMatch,dynamic/no static accessible name,"onClear={() => setSearchByTab((current) => ({ ...current, estates: """" }))}",,staff; exact grants require handler review,runtime role/state not reconciled,UNCLASSIFIED; inspect before execution,,,C-3e469b45ab,unique_rendered_control_candidate,S-3e469b45ab,no,yes,BLOCKED,src/routes/admin.cms.tsx:1088,BLOCKED_EXTERNAL,no current rendered action execution,,not exercised in rendered session,,source-declared control; full handler chain not individually verified,not executed on current branch,not observed,"isolated role sessions, DB and synthetic browser; provider readback where applicable",NOT_TESTED,,
S-c6332d388a,SOURCE_CONTROL_OCCURRENCE,/admin/cms,src/routes/admin.cms.tsx:1098,Button,新增屋苑,"onClick={() => {
                                setEstateEdit(null);
                                ++estateLoadSequence.current;
                                setEstateRevisions(null);
                                setEstateLatestPayload(null);
                                setEditingEstate({ ...emptyEstate });
                                setEstateRevisions(null);
                              }}",,staff; exact grants require handler review,runtime role/state not reconciled,UNCLASSIFIED; inspect before execution,,,C-c6332d388a,unique_rendered_control_candidate,S-c6332d388a,no,yes,BLOCKED,src/routes/admin.cms.tsx:1098,BLOCKED_EXTERNAL,no current rendered action execution,,not exercised in rendered session,,source-declared control; full handler chain not individually verified,not executed on current branch,not observed,"isolated role sessions, DB and synthetic browser; provider readback where applicable",NOT_TESTED,,
S-a1bed8a568,SOURCE_CONTROL_OCCURRENCE,/admin/cms,src/routes/admin.cms.tsx:1130,TableSearch,dynamic/no static accessible name,"onChange={(value) =>
                        setSearchByTab((current) => ({ ...current, articles: value }))
                      }",,staff; exact grants require handler review,runtime role/state not reconciled,UNCLASSIFIED; inspect before execution,,,C-a1bed8a568,unique_rendered_control_candidate,S-a1bed8a568,no,yes,BLOCKED,src/routes/admin.cms.tsx:1130,BLOCKED_EXTERNAL,no current rendered action execution,,not exercised in rendered session,,source-declared control; full handler chain not individually verified,not executed on current branch,not observed,"isolated role sessions, DB and synthetic browser; provider readback where applicable",NOT_TESTED,,
S-9f9bcbc8cf,SOURCE_CONTROL_OCCURRENCE,/admin/cms,src/routes/admin.cms.tsx:1137,Button,新增文章,"onClick={() => {
                        setArticleEdit(null);
                        ++articleLoadSequence.current;
                        setArticleRevisions(null);
                        setEditingArticle({ ...emptyArticle });
                        setArticleRevisions(null);
                      }}",,staff; exact grants require handler review,runtime role/state not reconciled,UNCLASSIFIED; inspect before execution,,,C-9f9bcbc8cf,unique_rendered_control_candidate,S-9f9bcbc8cf,no,yes,BLOCKED,src/routes/admin.cms.tsx:1137,BLOCKED_EXTERNAL,no current rendered action execution,,not exercised in rendered session,,source-declared control; full handler chain not individually verified,not executed on current branch,not observed,"isolated role sessions, DB and synthetic browser; provider readback where applicable",NOT_TESTED,,
S-270419b27e,SOURCE_CONTROL_OCCURRENCE,/admin/cms,src/routes/admin.cms.tsx:1186,Button,編輯,"onClick={() => {
                                  void loadArticleRevisions(article.id);
                                }}",,staff; exact grants require handler review,runtime role/state not reconciled,UNCLASSIFIED; inspect before execution,,,C-270419b27e,unique_rendered_control_candidate,S-270419b27e,no,yes,BLOCKED,src/routes/admin.cms.tsx:1186,BLOCKED_EXTERNAL,no current rendered action execution,,not exercised in rendered session,,source-declared control; full handler chain not individually verified,not executed on current branch,not observed,"isolated role sessions, DB and synthetic browser; provider readback where applicable",NOT_TESTED,,
S-dcf9d0b76a,SOURCE_CONTROL_OCCURRENCE,/admin/cms,src/routes/admin.cms.tsx:1196,Button,封存,"onClick={() => setArchiving({ type: ""article"", id: article.id })}",,staff; exact grants require handler review,runtime role/state not reconciled,UNCLASSIFIED; inspect before execution,,,C-dcf9d0b76a,unique_rendered_control_candidate,S-dcf9d0b76a,no,yes,BLOCKED,src/routes/admin.cms.tsx:1196,BLOCKED_EXTERNAL,no current rendered action execution,,not exercised in rendered session,,source-declared control; full handler chain not individually verified,not executed on current branch,not observed,"isolated role sessions, DB and synthetic browser; provider readback where applicable",NOT_TESTED,,
S-c047749ca9,SOURCE_CONTROL_OCCURRENCE,/admin/cms,src/routes/admin.cms.tsx:1212,NoSearchMatch,dynamic/no static accessible name,"onClear={() =>
                            setSearchByTab((current) => ({ ...current, articles: """" }))
                          }",,staff; exact grants require handler review,runtime role/state not reconciled,UNCLASSIFIED; inspect before execution,,,C-c047749ca9,unique_rendered_control_candidate,S-c047749ca9,no,yes,BLOCKED,src/routes/admin.cms.tsx:1212,BLOCKED_EXTERNAL,no current rendered action execution,,not exercised in rendered session,,source-declared control; full handler chain not individually verified,not executed on current branch,not observed,"isolated role sessions, DB and synthetic browser; provider readback where applicable",NOT_TESTED,,
S-36d72307b4,SOURCE_CONTROL_OCCURRENCE,/admin/cms,src/routes/admin.cms.tsx:1224,Button,新增文章,"onClick={() => {
                                setArticleEdit(null);
                                ++articleLoadSequence.current;
                                setArticleRevisions(null);
                                setEditingArticle({ ...emptyArticle });
                                setArticleRevisions(null);
                              }}",,staff; exact grants require handler review,runtime role/state not reconciled,UNCLASSIFIED; inspect before execution,,,C-36d72307b4,equivalent_repeated_row_candidate,S-9f9bcbc8cf,yes,yes,BLOCKED,src/routes/admin.cms.tsx:1224,BLOCKED_EXTERNAL,no current rendered action execution,,not exercised in rendered session,,source-declared control; full handler chain not individually verified,not executed on current branch,not observed,"isolated role sessions, DB and synthetic browser; provider readback where applicable",NOT_TESTED,,
S-8f18164c07,SOURCE_CONTROL_OCCURRENCE,/admin/cms,src/routes/admin.cms.tsx:1255,TableSearch,dynamic/no static accessible name,"onChange={(value) =>
                        setSearchByTab((current) => ({ ...current, videos: value }))
                      }",,staff; exact grants require handler review,runtime role/state not reconciled,UNCLASSIFIED; inspect before execution,,,C-8f18164c07,unique_rendered_control_candidate,S-8f18164c07,no,yes,BLOCKED,src/routes/admin.cms.tsx:1255,BLOCKED_EXTERNAL,no current rendered action execution,,not exercised in rendered session,,source-declared control; full handler chain not individually verified,not executed on current branch,not observed,"isolated role sessions, DB and synthetic browser; provider readback where applicable",NOT_TESTED,,
S-d42247f004,SOURCE_CONTROL_OCCURRENCE,/admin/cms,src/routes/admin.cms.tsx:1262,Button,新增影片,onClick={() => setEditingCmsVideo({ ...emptyCmsVideo })},,staff; exact grants require handler review,runtime role/state not reconciled,UNCLASSIFIED; inspect before execution,,,C-d42247f004,unique_rendered_control_candidate,S-d42247f004,no,yes,BLOCKED,src/routes/admin.cms.tsx:1262,BLOCKED_EXTERNAL,no current rendered action execution,,not exercised in rendered session,,source-declared control; full handler chain not individually verified,not executed on current branch,not observed,"isolated role sessions, DB and synthetic browser; provider readback where applicable",NOT_TESTED,,
S-16981b9786,SOURCE_CONTROL_OCCURRENCE,/admin/cms,src/routes/admin.cms.tsx:1284,a,{video.video_url},,{video.video_url},staff; exact grants require handler review,runtime role/state not reconciled,navigation; destination may have side effects,,,C-16981b9786,unique_rendered_control_candidate,S-16981b9786,no,yes,BLOCKED,src/routes/admin.cms.tsx:1284,BLOCKED_EXTERNAL,no current rendered action execution,,not exercised in rendered session,,source-declared control; full handler chain not individually verified,not executed on current branch,not observed,"isolated role sessions, DB and synthetic browser; provider readback where applicable",NOT_TESTED,,
S-945e0a50cd,SOURCE_CONTROL_OCCURRENCE,/admin/cms,src/routes/admin.cms.tsx:1300,Button,編輯,onClick={() => setEditingCmsVideo(cmsVideoToInput(video))},,staff; exact grants require handler review,runtime role/state not reconciled,UNCLASSIFIED; inspect before execution,,,C-945e0a50cd,unique_rendered_control_candidate,S-945e0a50cd,no,yes,BLOCKED,src/routes/admin.cms.tsx:1300,BLOCKED_EXTERNAL,no current rendered action execution,,not exercised in rendered session,,source-declared control; full handler chain not individually verified,not executed on current branch,not observed,"isolated role sessions, DB and synthetic browser; provider readback where applicable",NOT_TESTED,,
S-1f2ddc8ea4,SOURCE_CONTROL_OCCURRENCE,/admin/cms,src/routes/admin.cms.tsx:1316,NoSearchMatch,dynamic/no static accessible name,"onClear={() => setSearchByTab((current) => ({ ...current, videos: """" }))}",,staff; exact grants require handler review,runtime role/state not reconciled,UNCLASSIFIED; inspect before execution,,,C-1f2ddc8ea4,unique_rendered_control_candidate,S-1f2ddc8ea4,no,yes,BLOCKED,src/routes/admin.cms.tsx:1316,BLOCKED_EXTERNAL,no current rendered action execution,,not exercised in rendered session,,source-declared control; full handler chain not individually verified,not executed on current branch,not observed,"isolated role sessions, DB and synthetic browser; provider readback where applicable",NOT_TESTED,,
S-d63dd2611c,SOURCE_CONTROL_OCCURRENCE,/admin/cms,src/routes/admin.cms.tsx:1326,Button,新增影片,onClick={() => setEditingCmsVideo({ ...emptyCmsVideo })},,staff; exact grants require handler review,runtime role/state not reconciled,UNCLASSIFIED; inspect before execution,,,C-d63dd2611c,equivalent_repeated_row_candidate,S-d42247f004,yes,yes,BLOCKED,src/routes/admin.cms.tsx:1326,BLOCKED_EXTERNAL,no current rendered action execution,,not exercised in rendered session,,source-declared control; full handler chain not individually verified,not executed on current branch,not observed,"isolated role sessions, DB and synthetic browser; provider readback where applicable",NOT_TESTED,,
S-d2d3217f24,SOURCE_CONTROL_OCCURRENCE,/admin/cms,src/routes/admin.cms.tsx:1351,Input,"""FAQ 範圍篩選""","onChange={(event) => setFaqScopeFilter(event.target.value || ""all"")}",,staff; exact grants require handler review,runtime role/state not reconciled,UNCLASSIFIED; inspect before execution,,,C-d2d3217f24,unique_rendered_control_candidate,S-d2d3217f24,no,yes,BLOCKED,src/routes/admin.cms.tsx:1351,BLOCKED_EXTERNAL,no current rendered action execution,,not exercised in rendered session,,source-declared control; full handler chain not individually verified,not executed on current branch,not observed,"isolated role sessions, DB and synthetic browser; provider readback where applicable",NOT_TESTED,,
S-2ed634585b,SOURCE_CONTROL_OCCURRENCE,/admin/cms,src/routes/admin.cms.tsx:1364,TableSearch,dynamic/no static accessible name,"onChange={(value) =>
                        setSearchByTab((current) => ({ ...current, faqs: value }))
                      }",,staff; exact grants require handler review,runtime role/state not reconciled,UNCLASSIFIED; inspect before execution,,,C-2ed634585b,unique_rendered_control_candidate,S-2ed634585b,no,yes,BLOCKED,src/routes/admin.cms.tsx:1364,BLOCKED_EXTERNAL,no current rendered action execution,,not exercised in rendered session,,source-declared control; full handler chain not individually verified,not executed on current branch,not observed,"isolated role sessions, DB and synthetic browser; provider readback where applicable",NOT_TESTED,,
S-ead056a8ea,SOURCE_CONTROL_OCCURRENCE,/admin/cms,src/routes/admin.cms.tsx:1375,Button,上載 FAQ 檔案,onClick={() => faqFileInputRef.current?.click()},,staff; exact grants require handler review,runtime role/state not reconciled,UNCLASSIFIED; inspect before execution,,,C-ead056a8ea,unique_rendered_control_candidate,S-ead056a8ea,no,yes,BLOCKED,src/routes/admin.cms.tsx:1375,BLOCKED_EXTERNAL,no current rendered action execution,,not exercised in rendered session,,source-declared control; full handler chain not individually verified,not executed on current branch,not observed,"isolated role sessions, DB and synthetic browser; provider readback where applicable",NOT_TESTED,,
S-b9187a666e,SOURCE_CONTROL_OCCURRENCE,/admin/cms,src/routes/admin.cms.tsx:1383,input,dynamic/no static accessible name,onChange={handleFaqFileChange},,staff; exact grants require handler review,runtime role/state not reconciled,UNCLASSIFIED; inspect before execution,,,C-b9187a666e,unique_rendered_control_candidate,S-b9187a666e,no,yes,BLOCKED,src/routes/admin.cms.tsx:1383,BLOCKED_EXTERNAL,no current rendered action execution,,not exercised in rendered session,,source-declared control; full handler chain not individually verified,not executed on current branch,not observed,"isolated role sessions, DB and synthetic browser; provider readback where applicable",NOT_TESTED,,
S-c97c3ca80a,SOURCE_CONTROL_OCCURRENCE,/admin/cms,src/routes/admin.cms.tsx:1392,Button,貼上 FAQ,onClick={() => setFaqImportOpen(true)},,staff; exact grants require handler review,runtime role/state not reconciled,UNCLASSIFIED; inspect before execution,,,C-c97c3ca80a,unique_rendered_control_candidate,S-c97c3ca80a,no,yes,BLOCKED,src/routes/admin.cms.tsx:1392,BLOCKED_EXTERNAL,no current rendered action execution,,not exercised in rendered session,,source-declared control; full handler chain not individually verified,not executed on current branch,not observed,"isolated role sessions, DB and synthetic browser; provider readback where applicable",NOT_TESTED,,
S-9be198acea,SOURCE_CONTROL_OCCURRENCE,/admin/cms,src/routes/admin.cms.tsx:1396,Button,新增 FAQ,"onClick={() =>
                        setEditingFaq({
                          ...emptyFaq,
                          scope: data.faqGroups[0]?.scope ?? emptyFaq.scope,
                        })
                      }",,staff; exact grants require handler review,runtime role/state not reconciled,UNCLASSIFIED; inspect before execution,,,C-9be198acea,unique_rendered_control_candidate,S-9be198acea,no,yes,BLOCKED,src/routes/admin.cms.tsx:1396,BLOCKED_EXTERNAL,no current rendered action execution,,not exercised in rendered session,,source-declared control; full handler chain not individually verified,not executed on current branch,not observed,"isolated role sessions, DB and synthetic browser; provider readback where applicable",NOT_TESTED,,
S-4bf728176d,SOURCE_CONTROL_OCCURRENCE,/admin/cms,src/routes/admin.cms.tsx:1449,Button,編輯,onClick={() => setEditingFaq(faqToInput(faq))},,staff; exact grants require handler review,runtime role/state not reconciled,UNCLASSIFIED; inspect before execution,,,C-4bf728176d,unique_rendered_control_candidate,S-4bf728176d,no,yes,BLOCKED,src/routes/admin.cms.tsx:1449,BLOCKED_EXTERNAL,no current rendered action execution,,not exercised in rendered session,,source-declared control; full handler chain not individually verified,not executed on current branch,not observed,"isolated role sessions, DB and synthetic browser; provider readback where applicable",NOT_TESTED,,
S-f5227d7acc,SOURCE_CONTROL_OCCURRENCE,/admin/cms,src/routes/admin.cms.tsx:1457,Button,刪除,onClick={() => setDeletingFaq(faq)},,staff; exact grants require handler review,runtime role/state not reconciled,UNCLASSIFIED; inspect before execution,,,C-f5227d7acc,unique_rendered_control_candidate,S-f5227d7acc,no,yes,BLOCKED,src/routes/admin.cms.tsx:1457,BLOCKED_EXTERNAL,no current rendered action execution,,not exercised in rendered session,,source-declared control; full handler chain not individually verified,not executed on current branch,not observed,"isolated role sessions, DB and synthetic browser; provider readback where applicable",NOT_TESTED,,
S-96523145e1,SOURCE_CONTROL_OCCURRENCE,/admin/cms,src/routes/admin.cms.tsx:1476,NoSearchMatch,dynamic/no static accessible name,"onClear={() => setSearchByTab((current) => ({ ...current, faqs: """" }))}",,staff; exact grants require handler review,runtime role/state not reconciled,UNCLASSIFIED; inspect before execution,,,C-96523145e1,unique_rendered_control_candidate,S-96523145e1,no,yes,BLOCKED,src/routes/admin.cms.tsx:1476,BLOCKED_EXTERNAL,no current rendered action execution,,not exercised in rendered session,,source-declared control; full handler chain not individually verified,not executed on current branch,not observed,"isolated role sessions, DB and synthetic browser; provider readback where applicable",NOT_TESTED,,
S-48b158d1d9,SOURCE_CONTROL_OCCURRENCE,/admin/cms,src/routes/admin.cms.tsx:1486,Button,新增 FAQ,onClick={() => setEditingFaq({ ...emptyFaq })},,staff; exact grants require handler review,runtime role/state not reconciled,UNCLASSIFIED; inspect before execution,,,C-48b158d1d9,unique_rendered_control_candidate,S-48b158d1d9,no,yes,BLOCKED,src/routes/admin.cms.tsx:1486,BLOCKED_EXTERNAL,no current rendered action execution,,not exercised in rendered session,,source-declared control; full handler chain not individually verified,not executed on current branch,not observed,"isolated role sessions, DB and synthetic browser; provider readback where applicable",NOT_TESTED,,
S-199f348bfd,SOURCE_CONTROL_OCCURRENCE,/admin/cms,src/routes/admin.cms.tsx:1510,TableSearch,dynamic/no static accessible name,"onChange={(value) =>
                          setSearchByTab((current) => ({ ...current, media: value }))
                        }",,staff; exact grants require handler review,runtime role/state not reconciled,UNCLASSIFIED; inspect before execution,,,C-199f348bfd,unique_rendered_control_candidate,S-199f348bfd,no,yes,BLOCKED,src/routes/admin.cms.tsx:1510,BLOCKED_EXTERNAL,no current rendered action execution,,not exercised in rendered session,,source-declared control; full handler chain not individually verified,not executed on current branch,not observed,"isolated role sessions, DB and synthetic browser; provider readback where applicable",NOT_TESTED,,
S-a41dee2c3b,SOURCE_CONTROL_OCCURRENCE,/admin/cms,src/routes/admin.cms.tsx:1518,Button,"{mediaUploading ? ""上載中…"" : ""上載媒體""}",onClick={() => mediaFileInputRef.current?.click()},,staff; exact grants require handler review,{mediaUploading},UNCLASSIFIED; inspect before execution,,,C-a41dee2c3b,unique_rendered_control_candidate,S-a41dee2c3b,no,yes,BLOCKED,src/routes/admin.cms.tsx:1518,BLOCKED_EXTERNAL,no current rendered action execution,,not exercised in rendered session,,source-declared control; full handler chain not individually verified,not executed on current branch,not observed,"isolated role sessions, DB and synthetic browser; provider readback where applicable",NOT_TESTED,,
S-7276a9646f,SOURCE_CONTROL_OCCURRENCE,/admin/cms,src/routes/admin.cms.tsx:1526,input,dynamic/no static accessible name,onChange={(event) => void handleMediaUpload(event.target.files)},,staff; exact grants require handler review,runtime role/state not reconciled,UNCLASSIFIED; inspect before execution,,,C-7276a9646f,unique_rendered_control_candidate,S-7276a9646f,no,yes,BLOCKED,src/routes/admin.cms.tsx:1526,BLOCKED_EXTERNAL,no current rendered action execution,,not exercised in rendered session,,source-declared control; full handler chain not individually verified,not executed on current branch,not observed,"isolated role sessions, DB and synthetic browser; provider readback where applicable",NOT_TESTED,,
S-b5fe2a0922,SOURCE_CONTROL_OCCURRENCE,/admin/cms,src/routes/admin.cms.tsx:1555,a,{asset.pathname},,{asset.url},staff; exact grants require handler review,runtime role/state not reconciled,navigation; destination may have side effects,,,C-b5fe2a0922,unique_rendered_control_candidate,S-b5fe2a0922,no,yes,BLOCKED,src/routes/admin.cms.tsx:1555,BLOCKED_EXTERNAL,no current rendered action execution,,not exercised in rendered session,,source-declared control; full handler chain not individually verified,not executed on current branch,not observed,"isolated role sessions, DB and synthetic browser; provider readback where applicable",NOT_TESTED,,
S-0f3b8876f9,SOURCE_CONTROL_OCCURRENCE,/admin/cms,src/routes/admin.cms.tsx:1578,Button,編輯,onClick={() => setEditingMedia(mediaToInput(asset))},,staff; exact grants require handler review,runtime role/state not reconciled,UNCLASSIFIED; inspect before execution,,,C-0f3b8876f9,unique_rendered_control_candidate,S-0f3b8876f9,no,yes,BLOCKED,src/routes/admin.cms.tsx:1578,BLOCKED_EXTERNAL,no current rendered action execution,,not exercised in rendered session,,source-declared control; full handler chain not individually verified,not executed on current branch,not observed,"isolated role sessions, DB and synthetic browser; provider readback where applicable",NOT_TESTED,,
S-40e33fad77,SOURCE_CONTROL_OCCURRENCE,/admin/cms,src/routes/admin.cms.tsx:1595,NoSearchMatch,dynamic/no static accessible name,"onClear={() => setSearchByTab((current) => ({ ...current, media: """" }))}",,staff; exact grants require handler review,runtime role/state not reconciled,UNCLASSIFIED; inspect before execution,,,C-40e33fad77,unique_rendered_control_candidate,S-40e33fad77,no,yes,BLOCKED,src/routes/admin.cms.tsx:1595,BLOCKED_EXTERNAL,no current rendered action execution,,not exercised in rendered session,,source-declared control; full handler chain not individually verified,not executed on current branch,not observed,"isolated role sessions, DB and synthetic browser; provider readback where applicable",NOT_TESTED,,
S-7b53a89f85,SOURCE_CONTROL_OCCURRENCE,/admin/cms,src/routes/admin.cms.tsx:1605,Button,上載媒體,onClick={() => mediaFileInputRef.current?.click()},,staff; exact grants require handler review,{mediaUploading},UNCLASSIFIED; inspect before execution,,,C-7b53a89f85,unique_rendered_control_candidate,S-7b53a89f85,no,yes,BLOCKED,src/routes/admin.cms.tsx:1605,BLOCKED_EXTERNAL,no current rendered action execution,,not exercised in rendered session,,source-declared control; full handler chain not individually verified,not executed on current branch,not observed,"isolated role sessions, DB and synthetic browser; provider readback where applicable",NOT_TESTED,,
S-7eaca51daa,SOURCE_CONTROL_OCCURRENCE,/admin/cms,src/routes/admin.cms.tsx:1641,Button,"{knowledgeLoading ? (knowledgeStatus ? ""重建中…"" : ""載入中…"") : ""重建索引""}",onClick={handleRebuildKnowledge},,staff; exact grants require handler review,{knowledgeLoading},UNCLASSIFIED; inspect before execution,,,C-7eaca51daa,unique_rendered_control_candidate,S-7eaca51daa,no,yes,BLOCKED,src/routes/admin.cms.tsx:1641,BLOCKED_EXTERNAL,no current rendered action execution,,not exercised in rendered session,,source-declared control; full handler chain not individually verified,not executed on current branch,not observed,"isolated role sessions, DB and synthetic browser; provider readback where applicable",NOT_TESTED,,
S-81454125ca,SOURCE_CONTROL_OCCURRENCE,/admin/cms,src/routes/admin.cms.tsx:1700,Button,重新載入狀態,onClick={() => void refreshKnowledgeStatus()},,staff; exact grants require handler review,{knowledgeLoading},UNCLASSIFIED; inspect before execution,,,C-81454125ca,unique_rendered_control_candidate,S-81454125ca,no,yes,BLOCKED,src/routes/admin.cms.tsx:1700,BLOCKED_EXTERNAL,no current rendered action execution,,not exercised in rendered session,,source-declared control; full handler chain not individually verified,not executed on current branch,not observed,"isolated role sessions, DB and synthetic browser; provider readback where applicable",NOT_TESTED,,
S-4bd76bfab4,SOURCE_CONTROL_OCCURRENCE,/admin/cms,src/routes/admin.cms.tsx:1717,Button,重建索引,onClick={handleRebuildKnowledge},,staff; exact grants require handler review,{knowledgeLoading},UNCLASSIFIED; inspect before execution,,,C-4bd76bfab4,unique_rendered_control_candidate,S-4bd76bfab4,no,yes,BLOCKED,src/routes/admin.cms.tsx:1717,BLOCKED_EXTERNAL,no current rendered action execution,,not exercised in rendered session,,source-declared control; full handler chain not individually verified,not executed on current branch,not observed,"isolated role sessions, DB and synthetic browser; provider readback where applicable",NOT_TESTED,,
S-dde0db7e51,SOURCE_CONTROL_OCCURRENCE,/admin/cms,src/routes/admin.cms.tsx:1731,EstateDialog,dynamic/no static accessible name,"onChange={setEditingEstate} | onClose={() => {
              ++estateLoadSequence.current;
              setEditingEstate(null);
            }} | onSubmit={handleSaveEstateDraft} | onPublish={handlePublishEstate} | onRestoreRevision={handleRestoreEstateRevision}",,staff; exact grants require handler review,runtime role/state not reconciled,UNCLASSIFIED; inspect before execution,,,C-dde0db7e51,container_wrapper_candidate,S-dde0db7e51,no,yes,BLOCKED,src/routes/admin.cms.tsx:1731,BLOCKED_EXTERNAL,no current rendered action execution,,not exercised in rendered session,,source-declared control; full handler chain not individually verified,not executed on current branch,not observed,"isolated role sessions, DB and synthetic browser; provider readback where applicable",NOT_TESTED,,
S-9e4ddb3413,SOURCE_CONTROL_OCCURRENCE,/admin/cms,src/routes/admin.cms.tsx:1754,ArticleDialog,dynamic/no static accessible name,"onChange={setEditingArticle} | onClose={() => {
              ++articleLoadSequence.current;
              setEditingArticle(null);
            }} | onSubmit={handleSaveArticleDraft} | onPublish={handlePublishArticle} | onRestoreRevision={handleRestoreArticleRevision}",,staff; exact grants require handler review,runtime role/state not reconciled,UNCLASSIFIED; inspect before execution,,,C-9e4ddb3413,container_wrapper_candidate,S-9e4ddb3413,no,yes,BLOCKED,src/routes/admin.cms.tsx:1754,BLOCKED_EXTERNAL,no current rendered action execution,,not exercised in rendered session,,source-declared control; full handler chain not individually verified,not executed on current branch,not observed,"isolated role sessions, DB and synthetic browser; provider readback where applicable",NOT_TESTED,,
S-7d2b42866c,SOURCE_CONTROL_OCCURRENCE,/admin/cms,src/routes/admin.cms.tsx:1777,CmsVideoDialog,dynamic/no static accessible name,onChange={setEditingCmsVideo} | onClose={() => setEditingCmsVideo(null)} | onSubmit={handleSaveCmsVideo},,staff; exact grants require handler review,runtime role/state not reconciled,UNCLASSIFIED; inspect before execution,,,C-7d2b42866c,container_wrapper_candidate,S-7d2b42866c,no,yes,BLOCKED,src/routes/admin.cms.tsx:1777,BLOCKED_EXTERNAL,no current rendered action execution,,not exercised in rendered session,,source-declared control; full handler chain not individually verified,not executed on current branch,not observed,"isolated role sessions, DB and synthetic browser; provider readback where applicable",NOT_TESTED,,
S-88f27d6be0,SOURCE_CONTROL_OCCURRENCE,/admin/cms,src/routes/admin.cms.tsx:1788,FaqDialog,dynamic/no static accessible name,onChange={setEditingFaq} | onClose={() => setEditingFaq(null)} | onSubmit={handleSaveFaq},,staff; exact grants require handler review,runtime role/state not reconciled,UNCLASSIFIED; inspect before execution,,,C-88f27d6be0,container_wrapper_candidate,S-88f27d6be0,no,yes,BLOCKED,src/routes/admin.cms.tsx:1788,BLOCKED_EXTERNAL,no current rendered action execution,,not exercised in rendered session,,source-declared control; full handler chain not individually verified,not executed on current branch,not observed,"isolated role sessions, DB and synthetic browser; provider readback where applicable",NOT_TESTED,,
S-6a6d84f792,SOURCE_CONTROL_OCCURRENCE,/admin/cms,src/routes/admin.cms.tsx:1799,AdminConfirmDialog,dynamic/no static accessible name,"onOpenChange={(open) => {
              if (!open) setArchiving(null);
            }} | onConfirm={() => {
              if (!archiving) return;
              if (archiving.type === ""estate"") void handleArchiveEstate(archiving.id);
              else void handleArchiveArticle(archiving.id);
            }}",,staff; exact grants require handler review,runtime role/state not reconciled,UNCLASSIFIED; inspect before execution,,,C-6a6d84f792,unique_rendered_control_candidate,S-6a6d84f792,no,yes,BLOCKED,src/routes/admin.cms.tsx:1799,BLOCKED_EXTERNAL,no current rendered action execution,,not exercised in rendered session,,source-declared control; full handler chain not individually verified,not executed on current branch,not observed,"isolated role sessions, DB and synthetic browser; provider readback where applicable",NOT_TESTED,,
S-19ed5c12af,SOURCE_CONTROL_OCCURRENCE,/admin/cms,src/routes/admin.cms.tsx:1819,AdminConfirmDialog,dynamic/no static accessible name,"onOpenChange={(open) => {
              if (!open) {
                setDeletingFaq(null);
                setFaqDeleteError(null);
              }
            }} | onConfirm={handleDeleteFaq}",,staff; exact grants require handler review,runtime role/state not reconciled,UNCLASSIFIED; inspect before execution,,,C-19ed5c12af,unique_rendered_control_candidate,S-19ed5c12af,no,yes,BLOCKED,src/routes/admin.cms.tsx:1819,BLOCKED_EXTERNAL,no current rendered action execution,,not exercised in rendered session,,source-declared control; full handler chain not individually verified,not executed on current branch,not observed,"isolated role sessions, DB and synthetic browser; provider readback where applicable",NOT_TESTED,,
S-bd1095ab6e,SOURCE_CONTROL_OCCURRENCE,/admin/cms,src/routes/admin.cms.tsx:1839,FaqImportDialog,dynamic/no static accessible name,onScopeChange={setFaqImportScope} | onTextChange={setFaqImportText} | onClose={() => setFaqImportOpen(false)} | onSubmit={handleImportFaqsSubmit},,staff; exact grants require handler review,runtime role/state not reconciled,UNCLASSIFIED; inspect before execution,,,C-bd1095ab6e,container_wrapper_candidate,S-bd1095ab6e,no,yes,BLOCKED,src/routes/admin.cms.tsx:1839,BLOCKED_EXTERNAL,no current rendered action execution,,not exercised in rendered session,,source-declared control; full handler chain not individually verified,not executed on current branch,not observed,"isolated role sessions, DB and synthetic browser; provider readback where applicable",NOT_TESTED,,
S-22d4c04a62,SOURCE_CONTROL_OCCURRENCE,/admin/cms,src/routes/admin.cms.tsx:1850,AdminConfirmDialog,"{faqImportOverwriteCount > 0 ? ( <div className=""max-h-48 overflow-y-auto rounded-md border""> <Table> <TableHeader> <TableRow> <TableHead>問題</TableHea","onOpenChange={(open) => {
              setFaqImportConfirmOpen(open);
              // Force a fresh conflict check next time: the table can change
              // between attempts.
              if (!open) setFaqImportConflicts(null);
            }} | onConfirm={handleImportFaqs}",,staff; exact grants require handler review,runtime role/state not reconciled,UNCLASSIFIED; inspect before execution,,,C-22d4c04a62,unique_rendered_control_candidate,S-22d4c04a62,no,yes,BLOCKED,src/routes/admin.cms.tsx:1850,BLOCKED_EXTERNAL,no current rendered action execution,,not exercised in rendered session,,source-declared control; full handler chain not individually verified,not executed on current branch,not observed,"isolated role sessions, DB and synthetic browser; provider readback where applicable",NOT_TESTED,,
S-551b0800c1,SOURCE_CONTROL_OCCURRENCE,/admin/cms,src/routes/admin.cms.tsx:1898,MediaDialog,dynamic/no static accessible name,onChange={setEditingMedia} | onClose={() => setEditingMedia(null)} | onSubmit={handleSaveMedia},,staff; exact grants require handler review,runtime role/state not reconciled,UNCLASSIFIED; inspect before execution,,,C-551b0800c1,container_wrapper_candidate,S-551b0800c1,no,yes,BLOCKED,src/routes/admin.cms.tsx:1898,BLOCKED_EXTERNAL,no current rendered action execution,,not exercised in rendered session,,source-declared control; full handler chain not individually verified,not executed on current branch,not observed,"isolated role sessions, DB and synthetic browser; provider readback where applicable",NOT_TESTED,,
S-eb24921ac6,SOURCE_CONTROL_OCCURRENCE,/admin/cms,src/routes/admin.cms.tsx:1933,Dialog,dynamic/no static accessible name,onOpenChange={(open) => (!open ? requestClose() : undefined)},,staff; exact grants require handler review,runtime role/state not reconciled,UNCLASSIFIED; inspect before execution,,,C-eb24921ac6,container_wrapper_candidate,S-eb24921ac6,no,yes,BLOCKED,src/routes/admin.cms.tsx:1933,BLOCKED_EXTERNAL,no current rendered action execution,,not exercised in rendered session,,source-declared control; full handler chain not individually verified,not executed on current branch,not observed,"isolated role sessions, DB and synthetic browser; provider readback where applicable",NOT_TESTED,,
S-112faa2968,SOURCE_CONTROL_OCCURRENCE,/admin/cms,src/routes/admin.cms.tsx:1941,form,dynamic/no static accessible name,onSubmit={onSubmit},,staff; exact grants require handler review,runtime role/state not reconciled,UNCLASSIFIED; inspect before execution,,,C-112faa2968,unique_rendered_control_candidate,S-112faa2968,no,yes,BLOCKED,src/routes/admin.cms.tsx:1941,BLOCKED_EXTERNAL,no current rendered action execution,,not exercised in rendered session,,source-declared control; full handler chain not individually verified,not executed on current branch,not observed,"isolated role sessions, DB and synthetic browser; provider readback where applicable",NOT_TESTED,,
S-f800b68385,SOURCE_CONTROL_OCCURRENCE,/admin/cms,src/routes/admin.cms.tsx:1942,TextField,dynamic/no static accessible name,"onChange={(value) => onChange({ ...video, title: value })}",,staff; exact grants require handler review,runtime role/state not reconciled,UNCLASSIFIED; inspect before execution,,,C-f800b68385,unique_rendered_control_candidate,S-f800b68385,no,yes,BLOCKED,src/routes/admin.cms.tsx:1942,BLOCKED_EXTERNAL,no current rendered action execution,,not exercised in rendered session,,source-declared control; full handler chain not individually verified,not executed on current branch,not observed,"isolated role sessions, DB and synthetic browser; provider readback where applicable",NOT_TESTED,,
S-9d5bf74c11,SOURCE_CONTROL_OCCURRENCE,/admin/cms,src/routes/admin.cms.tsx:1948,TextField,dynamic/no static accessible name,"onChange={(value) => onChange({ ...video, video_url: value })}",,staff; exact grants require handler review,runtime role/state not reconciled,UNCLASSIFIED; inspect before execution,,,C-9d5bf74c11,unique_rendered_control_candidate,S-9d5bf74c11,no,yes,BLOCKED,src/routes/admin.cms.tsx:1948,BLOCKED_EXTERNAL,no current rendered action execution,,not exercised in rendered session,,source-declared control; full handler chain not individually verified,not executed on current branch,not observed,"isolated role sessions, DB and synthetic browser; provider readback where applicable",NOT_TESTED,,
S-90bc1eacd5,SOURCE_CONTROL_OCCURRENCE,/admin/cms,src/routes/admin.cms.tsx:1954,TextAreaField,dynamic/no static accessible name,"onChange={(value) => onChange({ ...video, description: nullIfBlank(value) })}",,staff; exact grants require handler review,runtime role/state not reconciled,UNCLASSIFIED; inspect before execution,,,C-90bc1eacd5,unique_rendered_control_candidate,S-90bc1eacd5,no,yes,BLOCKED,src/routes/admin.cms.tsx:1954,BLOCKED_EXTERNAL,no current rendered action execution,,not exercised in rendered session,,source-declared control; full handler chain not individually verified,not executed on current branch,not observed,"isolated role sessions, DB and synthetic browser; provider readback where applicable",NOT_TESTED,,
S-a289602679,SOURCE_CONTROL_OCCURRENCE,/admin/cms,src/routes/admin.cms.tsx:1960,NumberField,dynamic/no static accessible name,"onChange={(value) => onChange({ ...video, sort_order: value ?? 0 })}",,staff; exact grants require handler review,runtime role/state not reconciled,UNCLASSIFIED; inspect before execution,,,C-a289602679,unique_rendered_control_candidate,S-a289602679,no,yes,BLOCKED,src/routes/admin.cms.tsx:1960,BLOCKED_EXTERNAL,no current rendered action execution,,not exercised in rendered session,,source-declared control; full handler chain not individually verified,not executed on current branch,not observed,"isolated role sessions, DB and synthetic browser; provider readback where applicable",NOT_TESTED,,
S-641ab57e6b,SOURCE_CONTROL_OCCURRENCE,/admin/cms,src/routes/admin.cms.tsx:1966,Select,dynamic/no static accessible name,"onValueChange={(value) =>
                      onChange({ ...video, category: value === ""none"" ? null : value })
                    }",,staff; exact grants require handler review,runtime role/state not reconciled,UNCLASSIFIED; inspect before execution,,,C-641ab57e6b,unique_rendered_control_candidate,S-641ab57e6b,no,yes,BLOCKED,src/routes/admin.cms.tsx:1966,BLOCKED_EXTERNAL,no current rendered action execution,,not exercised in rendered session,,source-declared control; full handler chain not individually verified,not executed on current branch,not observed,"isolated role sessions, DB and synthetic browser; provider readback where applicable",NOT_TESTED,,
S-2111c251a1,SOURCE_CONTROL_OCCURRENCE,/admin/cms,src/routes/admin.cms.tsx:1987,Switch,"""切換影片發布狀態""","onCheckedChange={(checked) => onChange({ ...video, published: checked })}",,staff; exact grants require handler review,runtime role/state not reconciled,UNCLASSIFIED; inspect before execution,,,C-2111c251a1,unique_rendered_control_candidate,S-2111c251a1,no,yes,BLOCKED,src/routes/admin.cms.tsx:1987,BLOCKED_EXTERNAL,no current rendered action execution,,not exercised in rendered session,,source-declared control; full handler chain not individually verified,not executed on current branch,not observed,"isolated role sessions, DB and synthetic browser; provider readback where applicable",NOT_TESTED,,
S-790323de75,SOURCE_CONTROL_OCCURRENCE,/admin/cms,src/routes/admin.cms.tsx:1997,EditorFooter,dynamic/no static accessible name,onClose={requestClose},,staff; exact grants require handler review,runtime role/state not reconciled,UNCLASSIFIED; inspect before execution,,,C-790323de75,unique_rendered_control_candidate,S-790323de75,no,yes,BLOCKED,src/routes/admin.cms.tsx:1997,BLOCKED_EXTERNAL,no current rendered action execution,,not exercised in rendered session,,source-declared control; full handler chain not individually verified,not executed on current branch,not observed,"isolated role sessions, DB and synthetic browser; provider readback where applicable",NOT_TESTED,,
S-87556133a7,SOURCE_CONTROL_OCCURRENCE,/admin/cms,src/routes/admin.cms.tsx:1999,AdminContentCopilot,dynamic/no static accessible name,"onApply={(patch) => onChange({ ...video, ...patch })}",,staff; exact grants require handler review,runtime role/state not reconciled,UNCLASSIFIED; inspect before execution,,,C-87556133a7,unique_rendered_control_candidate,S-87556133a7,no,yes,BLOCKED,src/routes/admin.cms.tsx:1999,BLOCKED_EXTERNAL,no current rendered action execution,,not exercised in rendered session,,source-declared control; full handler chain not individually verified,not executed on current branch,not observed,"isolated role sessions, DB and synthetic browser; provider readback where applicable",NOT_TESTED,,
S-e3ce1e6d13,SOURCE_CONTROL_OCCURRENCE,/admin/cms,src/routes/admin.cms.tsx:2062,Dialog,dynamic/no static accessible name,onOpenChange={(open) => (!open ? requestClose() : undefined)},,staff; exact grants require handler review,runtime role/state not reconciled,UNCLASSIFIED; inspect before execution,,,C-e3ce1e6d13,container_wrapper_candidate,S-eb24921ac6,yes,yes,BLOCKED,src/routes/admin.cms.tsx:2062,BLOCKED_EXTERNAL,no current rendered action execution,,not exercised in rendered session,,source-declared control; full handler chain not individually verified,not executed on current branch,not observed,"isolated role sessions, DB and synthetic browser; provider readback where applicable",NOT_TESTED,,
S-95c6f85cd9,SOURCE_CONTROL_OCCURRENCE,/admin/cms,src/routes/admin.cms.tsx:2070,form,dynamic/no static accessible name,"onSubmit={(event) => {
                  if (imageUploading) {
                    event.preventDefault();
                    return;
                  }
                  onSubmit(event);
                }}",,staff; exact grants require handler review,runtime role/state not reconciled,UNCLASSIFIED; inspect before execution,,,C-95c6f85cd9,unique_rendered_control_candidate,S-95c6f85cd9,no,yes,BLOCKED,src/routes/admin.cms.tsx:2070,BLOCKED_EXTERNAL,no current rendered action execution,,not exercised in rendered session,,source-declared control; full handler chain not individually verified,not executed on current branch,not observed,"isolated role sessions, DB and synthetic browser; provider readback where applicable",NOT_TESTED,,
S-c882ba8712,SOURCE_CONTROL_OCCURRENCE,/admin/cms,src/routes/admin.cms.tsx:2092,TextField,dynamic/no static accessible name,"onChange={(value) => onChange({ ...estate, slug: value })}",,staff; exact grants require handler review,runtime role/state not reconciled,UNCLASSIFIED; inspect before execution,,,C-c882ba8712,unique_rendered_control_candidate,S-c882ba8712,no,yes,BLOCKED,src/routes/admin.cms.tsx:2092,BLOCKED_EXTERNAL,no current rendered action execution,,not exercised in rendered session,,source-declared control; full handler chain not individually verified,not executed on current branch,not observed,"isolated role sessions, DB and synthetic browser; provider readback where applicable",NOT_TESTED,,
S-f9e0ef4572,SOURCE_CONTROL_OCCURRENCE,/admin/cms,src/routes/admin.cms.tsx:2098,TextField,dynamic/no static accessible name,"onChange={(value) => onChange({ ...estate, name_zh: value })}",,staff; exact grants require handler review,runtime role/state not reconciled,UNCLASSIFIED; inspect before execution,,,C-f9e0ef4572,unique_rendered_control_candidate,S-f9e0ef4572,no,yes,BLOCKED,src/routes/admin.cms.tsx:2098,BLOCKED_EXTERNAL,no current rendered action execution,,not exercised in rendered session,,source-declared control; full handler chain not individually verified,not executed on current branch,not observed,"isolated role sessions, DB and synthetic browser; provider readback where applicable",NOT_TESTED,,
S-67f68548f9,SOURCE_CONTROL_OCCURRENCE,/admin/cms,src/routes/admin.cms.tsx:2104,TextField,dynamic/no static accessible name,"onChange={(value) => onChange({ ...estate, name_en: nullIfBlank(value) })}",,staff; exact grants require handler review,runtime role/state not reconciled,UNCLASSIFIED; inspect before execution,,,C-67f68548f9,unique_rendered_control_candidate,S-67f68548f9,no,yes,BLOCKED,src/routes/admin.cms.tsx:2104,BLOCKED_EXTERNAL,no current rendered action execution,,not exercised in rendered session,,source-declared control; full handler chain not individually verified,not executed on current branch,not observed,"isolated role sessions, DB and synthetic browser; provider readback where applicable",NOT_TESTED,,
S-c9b30e634d,SOURCE_CONTROL_OCCURRENCE,/admin/cms,src/routes/admin.cms.tsx:2109,CmsDistrictField,dynamic/no static accessible name,"onChange={(value) => onChange({ ...estate, district_slug: value })}",,staff; exact grants require handler review,runtime role/state not reconciled,UNCLASSIFIED; inspect before execution,,,C-c9b30e634d,unique_rendered_control_candidate,S-c9b30e634d,no,yes,BLOCKED,src/routes/admin.cms.tsx:2109,BLOCKED_EXTERNAL,no current rendered action execution,,not exercised in rendered session,,source-declared control; full handler chain not individually verified,not executed on current branch,not observed,"isolated role sessions, DB and synthetic browser; provider readback where applicable",NOT_TESTED,,
S-c10635f739,SOURCE_CONTROL_OCCURRENCE,/admin/cms,src/routes/admin.cms.tsx:2113,TextField,dynamic/no static accessible name,"onChange={(value) => onChange({ ...estate, developer: nullIfBlank(value) })}",,staff; exact grants require handler review,runtime role/state not reconciled,UNCLASSIFIED; inspect before execution,,,C-c10635f739,unique_rendered_control_candidate,S-c10635f739,no,yes,BLOCKED,src/routes/admin.cms.tsx:2113,BLOCKED_EXTERNAL,no current rendered action execution,,not exercised in rendered session,,source-declared control; full handler chain not individually verified,not executed on current branch,not observed,"isolated role sessions, DB and synthetic browser; provider readback where applicable",NOT_TESTED,,
S-7927b9f0e9,SOURCE_CONTROL_OCCURRENCE,/admin/cms,src/routes/admin.cms.tsx:2119,NumberField,dynamic/no static accessible name,"onChange={(value) => onChange({ ...estate, year_completed: value })}",,staff; exact grants require handler review,runtime role/state not reconciled,UNCLASSIFIED; inspect before execution,,,C-7927b9f0e9,unique_rendered_control_candidate,S-7927b9f0e9,no,yes,BLOCKED,src/routes/admin.cms.tsx:2119,BLOCKED_EXTERNAL,no current rendered action execution,,not exercised in rendered session,,source-declared control; full handler chain not individually verified,not executed on current branch,not observed,"isolated role sessions, DB and synthetic browser; provider readback where applicable",NOT_TESTED,,
S-c84f3a469f,SOURCE_CONTROL_OCCURRENCE,/admin/cms,src/routes/admin.cms.tsx:2124,NumberField,dynamic/no static accessible name,"onChange={(value) => onChange({ ...estate, phases: value })}",,staff; exact grants require handler review,runtime role/state not reconciled,UNCLASSIFIED; inspect before execution,,,C-c84f3a469f,unique_rendered_control_candidate,S-c84f3a469f,no,yes,BLOCKED,src/routes/admin.cms.tsx:2124,BLOCKED_EXTERNAL,no current rendered action execution,,not exercised in rendered session,,source-declared control; full handler chain not individually verified,not executed on current branch,not observed,"isolated role sessions, DB and synthetic browser; provider readback where applicable",NOT_TESTED,,
S-60ac50c8d3,SOURCE_CONTROL_OCCURRENCE,/admin/cms,src/routes/admin.cms.tsx:2129,NumberField,dynamic/no static accessible name,"onChange={(value) => onChange({ ...estate, total_units: value })}",,staff; exact grants require handler review,runtime role/state not reconciled,UNCLASSIFIED; inspect before execution,,,C-60ac50c8d3,unique_rendered_control_candidate,S-60ac50c8d3,no,yes,BLOCKED,src/routes/admin.cms.tsx:2129,BLOCKED_EXTERNAL,no current rendered action execution,,not exercised in rendered session,,source-declared control; full handler chain not individually verified,not executed on current branch,not observed,"isolated role sessions, DB and synthetic browser; provider readback where applicable",NOT_TESTED,,
S-2564abf8db,SOURCE_CONTROL_OCCURRENCE,/admin/cms,src/routes/admin.cms.tsx:2134,NumberField,dynamic/no static accessible name,"onChange={(value) => onChange({ ...estate, area_min: value })}",,staff; exact grants require handler review,runtime role/state not reconciled,UNCLASSIFIED; inspect before execution,,,C-2564abf8db,unique_rendered_control_candidate,S-2564abf8db,no,yes,BLOCKED,src/routes/admin.cms.tsx:2134,BLOCKED_EXTERNAL,no current rendered action execution,,not exercised in rendered session,,source-declared control; full handler chain not individually verified,not executed on current branch,not observed,"isolated role sessions, DB and synthetic browser; provider readback where applicable",NOT_TESTED,,
S-ab1650ce62,SOURCE_CONTROL_OCCURRENCE,/admin/cms,src/routes/admin.cms.tsx:2139,NumberField,dynamic/no static accessible name,"onChange={(value) => onChange({ ...estate, area_max: value })}",,staff; exact grants require handler review,runtime role/state not reconciled,UNCLASSIFIED; inspect before execution,,,C-ab1650ce62,unique_rendered_control_candidate,S-ab1650ce62,no,yes,BLOCKED,src/routes/admin.cms.tsx:2139,BLOCKED_EXTERNAL,no current rendered action execution,,not exercised in rendered session,,source-declared control; full handler chain not individually verified,not executed on current branch,not observed,"isolated role sessions, DB and synthetic browser; provider readback where applicable",NOT_TESTED,,
S-e18232dc75,SOURCE_CONTROL_OCCURRENCE,/admin/cms,src/routes/admin.cms.tsx:2147,TextAreaField,dynamic/no static accessible name,"onChange={(value) => onChange({ ...estate, facilities: splitList(value) })}",,staff; exact grants require handler review,runtime role/state not reconciled,UNCLASSIFIED; inspect before execution,,,C-e18232dc75,unique_rendered_control_candidate,S-e18232dc75,no,yes,BLOCKED,src/routes/admin.cms.tsx:2147,BLOCKED_EXTERNAL,no current rendered action execution,,not exercised in rendered session,,source-declared control; full handler chain not individually verified,not executed on current branch,not observed,"isolated role sessions, DB and synthetic browser; provider readback where applicable",NOT_TESTED,,
S-ad2dc953f4,SOURCE_CONTROL_OCCURRENCE,/admin/cms,src/routes/admin.cms.tsx:2153,TextAreaField,dynamic/no static accessible name,"onChange={(value) => onChange({ ...estate, description: nullIfBlank(value) })}",,staff; exact grants require handler review,runtime role/state not reconciled,UNCLASSIFIED; inspect before execution,,,C-ad2dc953f4,unique_rendered_control_candidate,S-ad2dc953f4,no,yes,BLOCKED,src/routes/admin.cms.tsx:2153,BLOCKED_EXTERNAL,no current rendered action execution,,not exercised in rendered session,,source-declared control; full handler chain not individually verified,not executed on current branch,not observed,"isolated role sessions, DB and synthetic browser; provider readback where applicable",NOT_TESTED,,
S-ef7beee2a0,SOURCE_CONTROL_OCCURRENCE,/admin/cms,src/routes/admin.cms.tsx:2162,CmsImageField,dynamic/no static accessible name,"onUploadingChange={setImageUploading} | onChange={(value) => onChange({ ...estate, hero_image: nullIfBlank(value) })}",,staff; exact grants require handler review,runtime role/state not reconciled,UNCLASSIFIED; inspect before execution,,,C-ef7beee2a0,unique_rendered_control_candidate,S-ef7beee2a0,no,yes,BLOCKED,src/routes/admin.cms.tsx:2162,BLOCKED_EXTERNAL,no current rendered action execution,,not exercised in rendered session,,source-declared control; full handler chain not individually verified,not executed on current branch,not observed,"isolated role sessions, DB and synthetic browser; provider readback where applicable",NOT_TESTED,,
S-f8dca1963f,SOURCE_CONTROL_OCCURRENCE,/admin/cms,src/routes/admin.cms.tsx:2172,TextField,dynamic/no static accessible name,"onChange={(value) => onChange({ ...estate, seo_title: nullIfBlank(value) })}",,staff; exact grants require handler review,runtime role/state not reconciled,UNCLASSIFIED; inspect before execution,,,C-f8dca1963f,unique_rendered_control_candidate,S-f8dca1963f,no,yes,BLOCKED,src/routes/admin.cms.tsx:2172,BLOCKED_EXTERNAL,no current rendered action execution,,not exercised in rendered session,,source-declared control; full handler chain not individually verified,not executed on current branch,not observed,"isolated role sessions, DB and synthetic browser; provider readback where applicable",NOT_TESTED,,
S-3447ec2bff,SOURCE_CONTROL_OCCURRENCE,/admin/cms,src/routes/admin.cms.tsx:2177,TextAreaField,dynamic/no static accessible name,"onChange={(value) =>
                      onChange({ ...estate, seo_description: nullIfBlank(value) })
                    }",,staff; exact grants require handler review,runtime role/state not reconciled,UNCLASSIFIED; inspect before execution,,,C-3447ec2bff,unique_rendered_control_candidate,S-3447ec2bff,no,yes,BLOCKED,src/routes/admin.cms.tsx:2177,BLOCKED_EXTERNAL,no current rendered action execution,,not exercised in rendered session,,source-declared control; full handler chain not individually verified,not executed on current branch,not observed,"isolated role sessions, DB and synthetic browser; provider readback where applicable",NOT_TESTED,,
S-38c56af363,SOURCE_CONTROL_OCCURRENCE,/admin/cms,src/routes/admin.cms.tsx:2189,AdminContentCopilot,dynamic/no static accessible name,"onApply={(patch) => onChange({ ...estate, ...patch })}",,staff; exact grants require handler review,runtime role/state not reconciled,UNCLASSIFIED; inspect before execution,,,C-38c56af363,unique_rendered_control_candidate,S-38c56af363,no,yes,BLOCKED,src/routes/admin.cms.tsx:2189,BLOCKED_EXTERNAL,no current rendered action execution,,not exercised in rendered session,,source-declared control; full handler chain not individually verified,not executed on current branch,not observed,"isolated role sessions, DB and synthetic browser; provider readback where applicable",NOT_TESTED,,
S-3e96d6c3c0,SOURCE_CONTROL_OCCURRENCE,/admin/cms,src/routes/admin.cms.tsx:2203,CmsRevisionHistory,dynamic/no static accessible name,"onRestoreRevision={(revisionId) => {
                  if (imageUploading) {
                    toast.info(""圖片上載中，請等待完成後再還原版本。"");
                    return;
                  }
                  onRestoreRevision(revisionId);
                }}",,staff; exact grants require handler review,runtime role/state not reconciled,UNCLASSIFIED; inspect before execution,,,C-3e96d6c3c0,unique_rendered_control_candidate,S-3e96d6c3c0,no,yes,BLOCKED,src/routes/admin.cms.tsx:2203,BLOCKED_EXTERNAL,no current rendered action execution,,not exercised in rendered session,,source-declared control; full handler chain not individually verified,not executed on current branch,not observed,"isolated role sessions, DB and synthetic browser; provider readback where applicable",NOT_TESTED,,
S-4e54fe31fc,SOURCE_CONTROL_OCCURRENCE,/admin/cms,src/routes/admin.cms.tsx:2217,CmsPublishFooter,dynamic/no static accessible name,onClose={requestClose} | onPublish={() => setConfirmingPublish(true)},,staff; exact grants require handler review,runtime role/state not reconciled,UNCLASSIFIED; inspect before execution,,,C-4e54fe31fc,unique_rendered_control_candidate,S-4e54fe31fc,no,yes,BLOCKED,src/routes/admin.cms.tsx:2217,BLOCKED_EXTERNAL,no current rendered action execution,,not exercised in rendered session,,source-declared control; full handler chain not individually verified,not executed on current branch,not observed,"isolated role sessions, DB and synthetic browser; provider readback where applicable",NOT_TESTED,,
S-11ef9bedaf,SOURCE_CONTROL_OCCURRENCE,/admin/cms,src/routes/admin.cms.tsx:2228,AdminConfirmDialog,dynamic/no static accessible name,"onOpenChange={setConfirmingPublish} | onConfirm={() => {
              setConfirmingPublish(false);
              onPublish();
            }}",,staff; exact grants require handler review,{imageUploading || isDirty || !savedPayload},UNCLASSIFIED; inspect before execution,,,C-11ef9bedaf,unique_rendered_control_candidate,S-11ef9bedaf,no,yes,BLOCKED,src/routes/admin.cms.tsx:2228,BLOCKED_EXTERNAL,no current rendered action execution,,not exercised in rendered session,,source-declared control; full handler chain not individually verified,not executed on current branch,not observed,"isolated role sessions, DB and synthetic browser; provider readback where applicable",NOT_TESTED,,
S-9e61e2b841,SOURCE_CONTROL_OCCURRENCE,/admin/cms,src/routes/admin.cms.tsx:2295,Dialog,dynamic/no static accessible name,onOpenChange={(open) => (!open ? requestClose() : undefined)},,staff; exact grants require handler review,runtime role/state not reconciled,UNCLASSIFIED; inspect before execution,,,C-9e61e2b841,container_wrapper_candidate,S-eb24921ac6,yes,yes,BLOCKED,src/routes/admin.cms.tsx:2295,BLOCKED_EXTERNAL,no current rendered action execution,,not exercised in rendered session,,source-declared control; full handler chain not individually verified,not executed on current branch,not observed,"isolated role sessions, DB and synthetic browser; provider readback where applicable",NOT_TESTED,,
S-fa694c4790,SOURCE_CONTROL_OCCURRENCE,/admin/cms,src/routes/admin.cms.tsx:2305,form,dynamic/no static accessible name,"onSubmit={(event) => {
                  if (imageUploading) {
                    event.preventDefault();
                    return;
                  }
                  onSubmit(event);
                }}",,staff; exact grants require handler review,runtime role/state not reconciled,UNCLASSIFIED; inspect before execution,,,C-fa694c4790,equivalent_repeated_row_candidate,S-95c6f85cd9,yes,yes,BLOCKED,src/routes/admin.cms.tsx:2305,BLOCKED_EXTERNAL,no current rendered action execution,,not exercised in rendered session,,source-declared control; full handler chain not individually verified,not executed on current branch,not observed,"isolated role sessions, DB and synthetic browser; provider readback where applicable",NOT_TESTED,,
S-b578bfc608,SOURCE_CONTROL_OCCURRENCE,/admin/cms,src/routes/admin.cms.tsx:2327,TextField,dynamic/no static accessible name,"onChange={(value) => onChange({ ...article, slug: value })}",,staff; exact grants require handler review,runtime role/state not reconciled,UNCLASSIFIED; inspect before execution,,,C-b578bfc608,unique_rendered_control_candidate,S-b578bfc608,no,yes,BLOCKED,src/routes/admin.cms.tsx:2327,BLOCKED_EXTERNAL,no current rendered action execution,,not exercised in rendered session,,source-declared control; full handler chain not individually verified,not executed on current branch,not observed,"isolated role sessions, DB and synthetic browser; provider readback where applicable",NOT_TESTED,,
S-c87ea176f2,SOURCE_CONTROL_OCCURRENCE,/admin/cms,src/routes/admin.cms.tsx:2333,TextField,dynamic/no static accessible name,"onChange={(value) => onChange({ ...article, title: value })}",,staff; exact grants require handler review,runtime role/state not reconciled,UNCLASSIFIED; inspect before execution,,,C-c87ea176f2,unique_rendered_control_candidate,S-c87ea176f2,no,yes,BLOCKED,src/routes/admin.cms.tsx:2333,BLOCKED_EXTERNAL,no current rendered action execution,,not exercised in rendered session,,source-declared control; full handler chain not individually verified,not executed on current branch,not observed,"isolated role sessions, DB and synthetic browser; provider readback where applicable",NOT_TESTED,,
S-4a8941b0fe,SOURCE_CONTROL_OCCURRENCE,/admin/cms,src/routes/admin.cms.tsx:2339,TextField,dynamic/no static accessible name,"onChange={(value) => onChange({ ...article, category: nullIfBlank(value) })}",,staff; exact grants require handler review,runtime role/state not reconciled,UNCLASSIFIED; inspect before execution,,,C-4a8941b0fe,unique_rendered_control_candidate,S-4a8941b0fe,no,yes,BLOCKED,src/routes/admin.cms.tsx:2339,BLOCKED_EXTERNAL,no current rendered action execution,,not exercised in rendered session,,source-declared control; full handler chain not individually verified,not executed on current branch,not observed,"isolated role sessions, DB and synthetic browser; provider readback where applicable",NOT_TESTED,,
S-a0602826f8,SOURCE_CONTROL_OCCURRENCE,/admin/cms,src/routes/admin.cms.tsx:2344,NumberField,dynamic/no static accessible name,"onChange={(value) => onChange({ ...article, reading_minutes: value })}",,staff; exact grants require handler review,runtime role/state not reconciled,UNCLASSIFIED; inspect before execution,,,C-a0602826f8,unique_rendered_control_candidate,S-a0602826f8,no,yes,BLOCKED,src/routes/admin.cms.tsx:2344,BLOCKED_EXTERNAL,no current rendered action execution,,not exercised in rendered session,,source-declared control; full handler chain not individually verified,not executed on current branch,not observed,"isolated role sessions, DB and synthetic browser; provider readback where applicable",NOT_TESTED,,
S-badf264a4e,SOURCE_CONTROL_OCCURRENCE,/admin/cms,src/routes/admin.cms.tsx:2352,TextAreaField,dynamic/no static accessible name,"onChange={(value) => onChange({ ...article, excerpt: nullIfBlank(value) })}",,staff; exact grants require handler review,runtime role/state not reconciled,UNCLASSIFIED; inspect before execution,,,C-badf264a4e,unique_rendered_control_candidate,S-badf264a4e,no,yes,BLOCKED,src/routes/admin.cms.tsx:2352,BLOCKED_EXTERNAL,no current rendered action execution,,not exercised in rendered session,,source-declared control; full handler chain not individually verified,not executed on current branch,not observed,"isolated role sessions, DB and synthetic browser; provider readback where applicable",NOT_TESTED,,
S-0127fc5ab9,SOURCE_CONTROL_OCCURRENCE,/admin/cms,src/routes/admin.cms.tsx:2358,TextAreaField,dynamic/no static accessible name,"onChange={(value) => onChange({ ...article, content: nullIfBlank(value) })}",,staff; exact grants require handler review,runtime role/state not reconciled,UNCLASSIFIED; inspect before execution,,,C-0127fc5ab9,unique_rendered_control_candidate,S-0127fc5ab9,no,yes,BLOCKED,src/routes/admin.cms.tsx:2358,BLOCKED_EXTERNAL,no current rendered action execution,,not exercised in rendered session,,source-declared control; full handler chain not individually verified,not executed on current branch,not observed,"isolated role sessions, DB and synthetic browser; provider readback where applicable",NOT_TESTED,,
S-723663488e,SOURCE_CONTROL_OCCURRENCE,/admin/cms,src/routes/admin.cms.tsx:2367,CmsImageField,dynamic/no static accessible name,"onUploadingChange={setImageUploading} | onChange={(value) => onChange({ ...article, cover_image: nullIfBlank(value) })}",,staff; exact grants require handler review,runtime role/state not reconciled,UNCLASSIFIED; inspect before execution,,,C-723663488e,unique_rendered_control_candidate,S-723663488e,no,yes,BLOCKED,src/routes/admin.cms.tsx:2367,BLOCKED_EXTERNAL,no current rendered action execution,,not exercised in rendered session,,source-declared control; full handler chain not individually verified,not executed on current branch,not observed,"isolated role sessions, DB and synthetic browser; provider readback where applicable",NOT_TESTED,,
S-764592e054,SOURCE_CONTROL_OCCURRENCE,/admin/cms,src/routes/admin.cms.tsx:2377,TextField,dynamic/no static accessible name,"onChange={(value) => onChange({ ...article, seo_title: nullIfBlank(value) })}",,staff; exact grants require handler review,runtime role/state not reconciled,UNCLASSIFIED; inspect before execution,,,C-764592e054,unique_rendered_control_candidate,S-764592e054,no,yes,BLOCKED,src/routes/admin.cms.tsx:2377,BLOCKED_EXTERNAL,no current rendered action execution,,not exercised in rendered session,,source-declared control; full handler chain not individually verified,not executed on current branch,not observed,"isolated role sessions, DB and synthetic browser; provider readback where applicable",NOT_TESTED,,
S-a904194f1a,SOURCE_CONTROL_OCCURRENCE,/admin/cms,src/routes/admin.cms.tsx:2382,TextAreaField,dynamic/no static accessible name,"onChange={(value) =>
                      onChange({ ...article, seo_description: nullIfBlank(value) })
                    }",,staff; exact grants require handler review,runtime role/state not reconciled,UNCLASSIFIED; inspect before execution,,,C-a904194f1a,unique_rendered_control_candidate,S-a904194f1a,no,yes,BLOCKED,src/routes/admin.cms.tsx:2382,BLOCKED_EXTERNAL,no current rendered action execution,,not exercised in rendered session,,source-declared control; full handler chain not individually verified,not executed on current branch,not observed,"isolated role sessions, DB and synthetic browser; provider readback where applicable",NOT_TESTED,,
S-e5ff2838ee,SOURCE_CONTROL_OCCURRENCE,/admin/cms,src/routes/admin.cms.tsx:2394,AdminContentCopilot,dynamic/no static accessible name,"onApply={(patch) => onChange({ ...article, ...patch })}",,staff; exact grants require handler review,runtime role/state not reconciled,UNCLASSIFIED; inspect before execution,,,C-e5ff2838ee,unique_rendered_control_candidate,S-e5ff2838ee,no,yes,BLOCKED,src/routes/admin.cms.tsx:2394,BLOCKED_EXTERNAL,no current rendered action execution,,not exercised in rendered session,,source-declared control; full handler chain not individually verified,not executed on current branch,not observed,"isolated role sessions, DB and synthetic browser; provider readback where applicable",NOT_TESTED,,
S-b871df2757,SOURCE_CONTROL_OCCURRENCE,/admin/cms,src/routes/admin.cms.tsx:2408,CmsRevisionHistory,dynamic/no static accessible name,"onRestoreRevision={(revisionId) => {
                  if (imageUploading) {
                    toast.info(""圖片上載中，請等待完成後再還原版本。"");
                    return;
                  }
                  onRestoreRevision(revisionId);
                }}",,staff; exact grants require handler review,runtime role/state not reconciled,UNCLASSIFIED; inspect before execution,,,C-b871df2757,equivalent_repeated_row_candidate,S-3e96d6c3c0,yes,yes,BLOCKED,src/routes/admin.cms.tsx:2408,BLOCKED_EXTERNAL,no current rendered action execution,,not exercised in rendered session,,source-declared control; full handler chain not individually verified,not executed on current branch,not observed,"isolated role sessions, DB and synthetic browser; provider readback where applicable",NOT_TESTED,,
S-22884436b2,SOURCE_CONTROL_OCCURRENCE,/admin/cms,src/routes/admin.cms.tsx:2422,CmsPublishFooter,dynamic/no static accessible name,onClose={requestClose} | onPublish={() => setConfirmingPublish(true)},,staff; exact grants require handler review,runtime role/state not reconciled,UNCLASSIFIED; inspect before execution,,,C-22884436b2,equivalent_repeated_row_candidate,S-4e54fe31fc,yes,yes,BLOCKED,src/routes/admin.cms.tsx:2422,BLOCKED_EXTERNAL,no current rendered action execution,,not exercised in rendered session,,source-declared control; full handler chain not individually verified,not executed on current branch,not observed,"isolated role sessions, DB and synthetic browser; provider readback where applicable",NOT_TESTED,,
S-4ad7db1f70,SOURCE_CONTROL_OCCURRENCE,/admin/cms,src/routes/admin.cms.tsx:2433,AdminConfirmDialog,dynamic/no static accessible name,"onOpenChange={setConfirmingPublish} | onConfirm={() => {
              setConfirmingPublish(false);
              onPublish();
            }}",,staff; exact grants require handler review,{imageUploading || isDirty || !savedPayload},UNCLASSIFIED; inspect before execution,,,C-4ad7db1f70,equivalent_repeated_row_candidate,S-11ef9bedaf,yes,yes,BLOCKED,src/routes/admin.cms.tsx:2433,BLOCKED_EXTERNAL,no current rendered action execution,,not exercised in rendered session,,source-declared control; full handler chain not individually verified,not executed on current branch,not observed,"isolated role sessions, DB and synthetic browser; provider readback where applicable",NOT_TESTED,,
S-f1608a91f9,SOURCE_CONTROL_OCCURRENCE,/admin/cms,src/routes/admin.cms.tsx:2475,Dialog,dynamic/no static accessible name,onOpenChange={(open) => (!open ? requestClose() : undefined)},,staff; exact grants require handler review,runtime role/state not reconciled,UNCLASSIFIED; inspect before execution,,,C-f1608a91f9,container_wrapper_candidate,S-eb24921ac6,yes,yes,BLOCKED,src/routes/admin.cms.tsx:2475,BLOCKED_EXTERNAL,no current rendered action execution,,not exercised in rendered session,,source-declared control; full handler chain not individually verified,not executed on current branch,not observed,"isolated role sessions, DB and synthetic browser; provider readback where applicable",NOT_TESTED,,
S-6c9753560c,SOURCE_CONTROL_OCCURRENCE,/admin/cms,src/routes/admin.cms.tsx:2483,form,dynamic/no static accessible name,onSubmit={onSubmit},,staff; exact grants require handler review,runtime role/state not reconciled,UNCLASSIFIED; inspect before execution,,,C-6c9753560c,equivalent_repeated_row_candidate,S-112faa2968,yes,yes,BLOCKED,src/routes/admin.cms.tsx:2483,BLOCKED_EXTERNAL,no current rendered action execution,,not exercised in rendered session,,source-declared control; full handler chain not individually verified,not executed on current branch,not observed,"isolated role sessions, DB and synthetic browser; provider readback where applicable",NOT_TESTED,,
S-91ccde8e1a,SOURCE_CONTROL_OCCURRENCE,/admin/cms,src/routes/admin.cms.tsx:2485,TextField,dynamic/no static accessible name,"onChange={(value) => onChange({ ...faq, scope: value })}",,staff; exact grants require handler review,runtime role/state not reconciled,UNCLASSIFIED; inspect before execution,,,C-91ccde8e1a,unique_rendered_control_candidate,S-91ccde8e1a,no,yes,BLOCKED,src/routes/admin.cms.tsx:2485,BLOCKED_EXTERNAL,no current rendered action execution,,not exercised in rendered session,,source-declared control; full handler chain not individually verified,not executed on current branch,not observed,"isolated role sessions, DB and synthetic browser; provider readback where applicable",NOT_TESTED,,
S-1a8008146b,SOURCE_CONTROL_OCCURRENCE,/admin/cms,src/routes/admin.cms.tsx:2491,NumberField,dynamic/no static accessible name,"onChange={(value) => onChange({ ...faq, sort_order: value ?? 0 })}",,staff; exact grants require handler review,runtime role/state not reconciled,UNCLASSIFIED; inspect before execution,,,C-1a8008146b,unique_rendered_control_candidate,S-1a8008146b,no,yes,BLOCKED,src/routes/admin.cms.tsx:2491,BLOCKED_EXTERNAL,no current rendered action execution,,not exercised in rendered session,,source-declared control; full handler chain not individually verified,not executed on current branch,not observed,"isolated role sessions, DB and synthetic browser; provider readback where applicable",NOT_TESTED,,
S-97c1ebf9f7,SOURCE_CONTROL_OCCURRENCE,/admin/cms,src/routes/admin.cms.tsx:2497,TextField,dynamic/no static accessible name,"onChange={(value) => onChange({ ...faq, question: value })}",,staff; exact grants require handler review,runtime role/state not reconciled,UNCLASSIFIED; inspect before execution,,,C-97c1ebf9f7,unique_rendered_control_candidate,S-97c1ebf9f7,no,yes,BLOCKED,src/routes/admin.cms.tsx:2497,BLOCKED_EXTERNAL,no current rendered action execution,,not exercised in rendered session,,source-declared control; full handler chain not individually verified,not executed on current branch,not observed,"isolated role sessions, DB and synthetic browser; provider readback where applicable",NOT_TESTED,,
S-affa9cf208,SOURCE_CONTROL_OCCURRENCE,/admin/cms,src/routes/admin.cms.tsx:2503,TextAreaField,dynamic/no static accessible name,"onChange={(value) => onChange({ ...faq, answer: value })}",,staff; exact grants require handler review,runtime role/state not reconciled,UNCLASSIFIED; inspect before execution,,,C-affa9cf208,unique_rendered_control_candidate,S-affa9cf208,no,yes,BLOCKED,src/routes/admin.cms.tsx:2503,BLOCKED_EXTERNAL,no current rendered action execution,,not exercised in rendered session,,source-declared control; full handler chain not individually verified,not executed on current branch,not observed,"isolated role sessions, DB and synthetic browser; provider readback where applicable",NOT_TESTED,,
S-ca4451e38e,SOURCE_CONTROL_OCCURRENCE,/admin/cms,src/routes/admin.cms.tsx:2510,EditorFooter,dynamic/no static accessible name,onClose={requestClose},,staff; exact grants require handler review,runtime role/state not reconciled,UNCLASSIFIED; inspect before execution,,,C-ca4451e38e,equivalent_repeated_row_candidate,S-790323de75,yes,yes,BLOCKED,src/routes/admin.cms.tsx:2510,BLOCKED_EXTERNAL,no current rendered action execution,,not exercised in rendered session,,source-declared control; full handler chain not individually verified,not executed on current branch,not observed,"isolated role sessions, DB and synthetic browser; provider readback where applicable",NOT_TESTED,,
S-5ae7f8eb6e,SOURCE_CONTROL_OCCURRENCE,/admin/cms,src/routes/admin.cms.tsx:2512,AdminContentCopilot,dynamic/no static accessible name,"onApply={(patch) => onChange({ ...faq, ...patch })}",,staff; exact grants require handler review,runtime role/state not reconciled,UNCLASSIFIED; inspect before execution,,,C-5ae7f8eb6e,unique_rendered_control_candidate,S-5ae7f8eb6e,no,yes,BLOCKED,src/routes/admin.cms.tsx:2512,BLOCKED_EXTERNAL,no current rendered action execution,,not exercised in rendered session,,source-declared control; full handler chain not individually verified,not executed on current branch,not observed,"isolated role sessions, DB and synthetic browser; provider readback where applicable",NOT_TESTED,,
S-ce5b6cce85,SOURCE_CONTROL_OCCURRENCE,/admin/cms,src/routes/admin.cms.tsx:2550,Dialog,dynamic/no static accessible name,onOpenChange={(nextOpen) => (!nextOpen ? onClose() : undefined)},,staff; exact grants require handler review,runtime role/state not reconciled,UNCLASSIFIED; inspect before execution,,,C-ce5b6cce85,container_wrapper_candidate,S-ce5b6cce85,no,yes,BLOCKED,src/routes/admin.cms.tsx:2550,BLOCKED_EXTERNAL,no current rendered action execution,,not exercised in rendered session,,source-declared control; full handler chain not individually verified,not executed on current branch,not observed,"isolated role sessions, DB and synthetic browser; provider readback where applicable",NOT_TESTED,,
S-3a237b9622,SOURCE_CONTROL_OCCURRENCE,/admin/cms,src/routes/admin.cms.tsx:2558,form,dynamic/no static accessible name,onSubmit={onSubmit},,staff; exact grants require handler review,runtime role/state not reconciled,UNCLASSIFIED; inspect before execution,,,C-3a237b9622,equivalent_repeated_row_candidate,S-112faa2968,yes,yes,BLOCKED,src/routes/admin.cms.tsx:2558,BLOCKED_EXTERNAL,no current rendered action execution,,not exercised in rendered session,,source-declared control; full handler chain not individually verified,not executed on current branch,not observed,"isolated role sessions, DB and synthetic browser; provider readback where applicable",NOT_TESTED,,
S-e51307dba6,SOURCE_CONTROL_OCCURRENCE,/admin/cms,src/routes/admin.cms.tsx:2559,TextField,dynamic/no static accessible name,onChange={onScopeChange},,staff; exact grants require handler review,runtime role/state not reconciled,UNCLASSIFIED; inspect before execution,,,C-e51307dba6,unique_rendered_control_candidate,S-e51307dba6,no,yes,BLOCKED,src/routes/admin.cms.tsx:2559,BLOCKED_EXTERNAL,no current rendered action execution,,not exercised in rendered session,,source-declared control; full handler chain not individually verified,not executed on current branch,not observed,"isolated role sessions, DB and synthetic browser; provider readback where applicable",NOT_TESTED,,
S-13ad7b6761,SOURCE_CONTROL_OCCURRENCE,/admin/cms,src/routes/admin.cms.tsx:2560,TextAreaField,dynamic/no static accessible name,onChange={onTextChange},,staff; exact grants require handler review,runtime role/state not reconciled,UNCLASSIFIED; inspect before execution,,,C-13ad7b6761,unique_rendered_control_candidate,S-13ad7b6761,no,yes,BLOCKED,src/routes/admin.cms.tsx:2560,BLOCKED_EXTERNAL,no current rendered action execution,,not exercised in rendered session,,source-declared control; full handler chain not individually verified,not executed on current branch,not observed,"isolated role sessions, DB and synthetic browser; provider readback where applicable",NOT_TESTED,,
S-c04de279b7,SOURCE_CONTROL_OCCURRENCE,/admin/cms,src/routes/admin.cms.tsx:2572,Button,取消,onClick={onClose},,staff; exact grants require handler review,{saving},UNCLASSIFIED; inspect before execution,,,C-c04de279b7,unique_rendered_control_candidate,S-c04de279b7,no,yes,BLOCKED,src/routes/admin.cms.tsx:2572,BLOCKED_EXTERNAL,no current rendered action execution,,not exercised in rendered session,,source-declared control; full handler chain not individually verified,not executed on current branch,not observed,"isolated role sessions, DB and synthetic browser; provider readback where applicable",NOT_TESTED,,
S-83a3772342,SOURCE_CONTROL_OCCURRENCE,/admin/cms,src/routes/admin.cms.tsx:2575,Button,"{saving ? ""匯入及訓練中…"" : ""匯入並訓練 AI""}",,,staff; exact grants require handler review,{saving || parsedCount === 0},local input/semantic wrapper,,,C-83a3772342,unique_rendered_control_candidate,S-83a3772342,no,yes,BLOCKED,src/routes/admin.cms.tsx:2575,BLOCKED_EXTERNAL,no current rendered action execution,,not exercised in rendered session,,source-declared control; full handler chain not individually verified,not executed on current branch,not observed,"isolated role sessions, DB and synthetic browser; provider readback where applicable",NOT_TESTED,,
S-019cadb82f,SOURCE_CONTROL_OCCURRENCE,/admin/cms,src/routes/admin.cms.tsx:2606,Dialog,dynamic/no static accessible name,onOpenChange={(open) => (!open ? requestClose() : undefined)},,staff; exact grants require handler review,runtime role/state not reconciled,UNCLASSIFIED; inspect before execution,,,C-019cadb82f,container_wrapper_candidate,S-eb24921ac6,yes,yes,BLOCKED,src/routes/admin.cms.tsx:2606,BLOCKED_EXTERNAL,no current rendered action execution,,not exercised in rendered session,,source-declared control; full handler chain not individually verified,not executed on current branch,not observed,"isolated role sessions, DB and synthetic browser; provider readback where applicable",NOT_TESTED,,
S-580a87ced1,SOURCE_CONTROL_OCCURRENCE,/admin/cms,src/routes/admin.cms.tsx:2613,form,dynamic/no static accessible name,onSubmit={onSubmit},,staff; exact grants require handler review,runtime role/state not reconciled,UNCLASSIFIED; inspect before execution,,,C-580a87ced1,equivalent_repeated_row_candidate,S-112faa2968,yes,yes,BLOCKED,src/routes/admin.cms.tsx:2613,BLOCKED_EXTERNAL,no current rendered action execution,,not exercised in rendered session,,source-declared control; full handler chain not individually verified,not executed on current branch,not observed,"isolated role sessions, DB and synthetic browser; provider readback where applicable",NOT_TESTED,,
S-c3e8bee68e,SOURCE_CONTROL_OCCURRENCE,/admin/cms,src/routes/admin.cms.tsx:2615,a,{media.url},,{media.url},staff; exact grants require handler review,runtime role/state not reconciled,navigation; destination may have side effects,,,C-c3e8bee68e,unique_rendered_control_candidate,S-c3e8bee68e,no,yes,BLOCKED,src/routes/admin.cms.tsx:2615,BLOCKED_EXTERNAL,no current rendered action execution,,not exercised in rendered session,,source-declared control; full handler chain not individually verified,not executed on current branch,not observed,"isolated role sessions, DB and synthetic browser; provider readback where applicable",NOT_TESTED,,
S-6127e1558f,SOURCE_CONTROL_OCCURRENCE,/admin/cms,src/routes/admin.cms.tsx:2628,TextAreaField,dynamic/no static accessible name,"onChange={(value) => onChange({ ...media, alt_text: value })}",,staff; exact grants require handler review,runtime role/state not reconciled,UNCLASSIFIED; inspect before execution,,,C-6127e1558f,unique_rendered_control_candidate,S-6127e1558f,no,yes,BLOCKED,src/routes/admin.cms.tsx:2628,BLOCKED_EXTERNAL,no current rendered action execution,,not exercised in rendered session,,source-declared control; full handler chain not individually verified,not executed on current branch,not observed,"isolated role sessions, DB and synthetic browser; provider readback where applicable",NOT_TESTED,,
S-d6e507073b,SOURCE_CONTROL_OCCURRENCE,/admin/cms,src/routes/admin.cms.tsx:2634,EditorFooter,dynamic/no static accessible name,onClose={requestClose},,staff; exact grants require handler review,runtime role/state not reconciled,UNCLASSIFIED; inspect before execution,,,C-d6e507073b,equivalent_repeated_row_candidate,S-790323de75,yes,yes,BLOCKED,src/routes/admin.cms.tsx:2634,BLOCKED_EXTERNAL,no current rendered action execution,,not exercised in rendered session,,source-declared control; full handler chain not individually verified,not executed on current branch,not observed,"isolated role sessions, DB and synthetic browser; provider readback where applicable",NOT_TESTED,,
S-1629ce6909,SOURCE_CONTROL_OCCURRENCE,/admin/cms,src/routes/admin.cms.tsx:2647,Button,取消,onClick={onClose},,staff; exact grants require handler review,{saving},UNCLASSIFIED; inspect before execution,,,C-1629ce6909,equivalent_repeated_row_candidate,S-c04de279b7,yes,yes,BLOCKED,src/routes/admin.cms.tsx:2647,BLOCKED_EXTERNAL,no current rendered action execution,,not exercised in rendered session,,source-declared control; full handler chain not individually verified,not executed on current branch,not observed,"isolated role sessions, DB and synthetic browser; provider readback where applicable",NOT_TESTED,,
S-ee3a51a85a,SOURCE_CONTROL_OCCURRENCE,/admin/cms,src/routes/admin.cms.tsx:2650,Button,"{saving ? ""儲存中…"" : ""儲存""}",,,staff; exact grants require handler review,{saving},local input/semantic wrapper,,,C-ee3a51a85a,unique_rendered_control_candidate,S-ee3a51a85a,no,yes,BLOCKED,src/routes/admin.cms.tsx:2650,BLOCKED_EXTERNAL,no current rendered action execution,,not exercised in rendered session,,source-declared control; full handler chain not individually verified,not executed on current branch,not observed,"isolated role sessions, DB and synthetic browser; provider readback where applicable",NOT_TESTED,,
S-879e5509e0,SOURCE_CONTROL_OCCURRENCE,/admin/cms,src/routes/admin.cms.tsx:2702,Button,取消,onClick={onClose},,staff; exact grants require handler review,{disabled},UNCLASSIFIED; inspect before execution,,,C-879e5509e0,equivalent_repeated_row_candidate,S-c04de279b7,yes,yes,BLOCKED,src/routes/admin.cms.tsx:2702,BLOCKED_EXTERNAL,no current rendered action execution,,not exercised in rendered session,,source-declared control; full handler chain not individually verified,not executed on current branch,not observed,"isolated role sessions, DB and synthetic browser; provider readback where applicable",NOT_TESTED,,
S-4a309668e5,SOURCE_CONTROL_OCCURRENCE,/admin/cms,src/routes/admin.cms.tsx:2705,Button,"{saving ? ""儲存中…"" : ""儲存草稿""}",,,staff; exact grants require handler review,{disabled},local input/semantic wrapper,,,C-4a309668e5,unique_rendered_control_candidate,S-4a309668e5,no,yes,BLOCKED,src/routes/admin.cms.tsx:2705,BLOCKED_EXTERNAL,no current rendered action execution,,not exercised in rendered session,,source-declared control; full handler chain not individually verified,not executed on current branch,not observed,"isolated role sessions, DB and synthetic browser; provider readback where applicable",NOT_TESTED,,
S-8c723f8f8e,SOURCE_CONTROL_OCCURRENCE,/admin/cms,src/routes/admin.cms.tsx:2709,Button,"{publishing ? ""發佈中…"" : ""發佈""}",onClick={onPublish},,staff; exact grants require handler review,{disabled || dirty || !hasSaved},UNCLASSIFIED; inspect before execution,,,C-8c723f8f8e,unique_rendered_control_candidate,S-8c723f8f8e,no,yes,BLOCKED,src/routes/admin.cms.tsx:2709,BLOCKED_EXTERNAL,no current rendered action execution,,not exercised in rendered session,,source-declared control; full handler chain not individually verified,not executed on current branch,not observed,"isolated role sessions, DB and synthetic browser; provider readback where applicable",NOT_TESTED,,
S-ca0a6bc4e4,SOURCE_CONTROL_OCCURRENCE,/admin/cms,src/routes/admin.cms.tsx:2750,Button,還原,onClick={() => onRestoreRevision(revision.id)},,staff; exact grants require handler review,runtime role/state not reconciled,UNCLASSIFIED; inspect before execution,,,C-ca0a6bc4e4,unique_rendered_control_candidate,S-ca0a6bc4e4,no,yes,BLOCKED,src/routes/admin.cms.tsx:2750,BLOCKED_EXTERNAL,no current rendered action execution,,not exercised in rendered session,,source-declared control; full handler chain not individually verified,not executed on current branch,not observed,"isolated role sessions, DB and synthetic browser; provider readback where applicable",NOT_TESTED,,
S-30100bf8f4,SOURCE_CONTROL_OCCURRENCE,/admin/cms,src/routes/admin.cms.tsx:2799,Input,{label},onChange={(event) => onChange(event.target.value)},,staff; exact grants require handler review,runtime role/state not reconciled,UNCLASSIFIED; inspect before execution,,,C-30100bf8f4,unique_rendered_control_candidate,S-30100bf8f4,no,yes,BLOCKED,src/routes/admin.cms.tsx:2799,BLOCKED_EXTERNAL,no current rendered action execution,,not exercised in rendered session,,source-declared control; full handler chain not individually verified,not executed on current branch,not observed,"isolated role sessions, DB and synthetic browser; provider readback where applicable",NOT_TESTED,,
S-f0ce575f4e,SOURCE_CONTROL_OCCURRENCE,/admin/cms,src/routes/admin.cms.tsx:2808,button,"""清除搜尋""","onClick={() => onChange("""")}",,staff; exact grants require handler review,runtime role/state not reconciled,UNCLASSIFIED; inspect before execution,,,C-f0ce575f4e,unique_rendered_control_candidate,S-f0ce575f4e,no,yes,BLOCKED,src/routes/admin.cms.tsx:2808,BLOCKED_EXTERNAL,no current rendered action execution,,not exercised in rendered session,,source-declared control; full handler chain not individually verified,not executed on current branch,not observed,"isolated role sessions, DB and synthetic browser; provider readback where applicable",NOT_TESTED,,
S-6f17f435d9,SOURCE_CONTROL_OCCURRENCE,/admin/cms,src/routes/admin.cms.tsx:2863,Button,清除搜尋,onClick={onClear},,staff; exact grants require handler review,runtime role/state not reconciled,UNCLASSIFIED; inspect before execution,,,C-6f17f435d9,unique_rendered_control_candidate,S-6f17f435d9,no,yes,BLOCKED,src/routes/admin.cms.tsx:2863,BLOCKED_EXTERNAL,no current rendered action execution,,not exercised in rendered session,,source-declared control; full handler chain not individually verified,not executed on current branch,not observed,"isolated role sessions, DB and synthetic browser; provider readback where applicable",NOT_TESTED,,
S-29fd0e3892,SOURCE_CONTROL_OCCURRENCE,/admin/cms,src/routes/admin.cms.tsx:2895,Input,dynamic/no static accessible name,onChange={(event) => onChange(event.target.value)},,staff; exact grants require handler review,runtime role/state not reconciled,UNCLASSIFIED; inspect before execution,,,C-29fd0e3892,unique_rendered_control_candidate,S-29fd0e3892,no,yes,BLOCKED,src/routes/admin.cms.tsx:2895,BLOCKED_EXTERNAL,no current rendered action execution,,not exercised in rendered session,,source-declared control; full handler chain not individually verified,not executed on current branch,not observed,"isolated role sessions, DB and synthetic browser; provider readback where applicable",NOT_TESTED,,
S-fcfa49fbc2,SOURCE_CONTROL_OCCURRENCE,/admin/cms,src/routes/admin.cms.tsx:2916,Input,dynamic/no static accessible name,onChange={(event) => onChange(parseNullableNumber(event.target.value))},,staff; exact grants require handler review,runtime role/state not reconciled,UNCLASSIFIED; inspect before execution,,,C-fcfa49fbc2,unique_rendered_control_candidate,S-fcfa49fbc2,no,yes,BLOCKED,src/routes/admin.cms.tsx:2916,BLOCKED_EXTERNAL,no current rendered action execution,,not exercised in rendered session,,source-declared control; full handler chain not individually verified,not executed on current branch,not observed,"isolated role sessions, DB and synthetic browser; provider readback where applicable",NOT_TESTED,,
S-aa28af75ad,SOURCE_CONTROL_OCCURRENCE,/admin/cms,src/routes/admin.cms.tsx:2940,Textarea,dynamic/no static accessible name,onChange={(event) => onChange(event.target.value)},,staff; exact grants require handler review,runtime role/state not reconciled,UNCLASSIFIED; inspect before execution,,,C-aa28af75ad,unique_rendered_control_candidate,S-aa28af75ad,no,yes,BLOCKED,src/routes/admin.cms.tsx:2940,BLOCKED_EXTERNAL,no current rendered action execution,,not exercised in rendered session,,source-declared control; full handler chain not individually verified,not executed on current branch,not observed,"isolated role sessions, DB and synthetic browser; provider readback where applicable",NOT_TESTED,,
S-69c010a340,SOURCE_CONTROL_OCCURRENCE,/admin/estates,src/routes/admin.estates.tsx:74,Input,"""搜尋屋苑""",onChange={(event) => setQuery(event.target.value)},,staff; exact grants require handler review,runtime role/state not reconciled,UNCLASSIFIED; inspect before execution,,,C-69c010a340,unique_rendered_control_candidate,S-69c010a340,no,yes,BLOCKED,src/routes/admin.estates.tsx:74,BLOCKED_EXTERNAL,no current rendered action execution,,not exercised in rendered session,,source-declared control; full handler chain not individually verified,not executed on current branch,not observed,"isolated role sessions, DB and synthetic browser; provider readback where applicable",NOT_TESTED,,
S-d9f418d142,SOURCE_CONTROL_OCCURRENCE,/admin/estates,src/routes/admin.estates.tsx:84,Button,dynamic/no static accessible name,,,staff; exact grants require handler review,runtime role/state not reconciled,local input/semantic wrapper,,,C-d9f418d142,unique_rendered_control_candidate,S-d9f418d142,no,yes,BLOCKED,src/routes/admin.estates.tsx:84,BLOCKED_EXTERNAL,no current rendered action execution,,not exercised in rendered session,,source-declared control; full handler chain not individually verified,not executed on current branch,not observed,"isolated role sessions, DB and synthetic browser; provider readback where applicable",NOT_TESTED,,
S-97f7f16ec8,SOURCE_CONTROL_OCCURRENCE,/admin/estates,src/routes/admin.estates.tsx:85,Link,新增屋苑,,"""/admin/estates/new""",staff; exact grants require handler review,runtime role/state not reconciled,navigation; destination may have side effects,,,C-97f7f16ec8,unique_rendered_control_candidate,S-97f7f16ec8,no,yes,BLOCKED,src/routes/admin.estates.tsx:85,BLOCKED_EXTERNAL,no current rendered action execution,,not exercised in rendered session,,source-declared control; full handler chain not individually verified,not executed on current branch,not observed,"isolated role sessions, DB and synthetic browser; provider readback where applicable",NOT_TESTED,,
S-312b88786b,SOURCE_CONTROL_OCCURRENCE,/admin/estates,src/routes/admin.estates.tsx:99,Button,dynamic/no static accessible name,,,staff; exact grants require handler review,runtime role/state not reconciled,local input/semantic wrapper,,,C-312b88786b,equivalent_repeated_row_candidate,S-d9f418d142,yes,yes,BLOCKED,src/routes/admin.estates.tsx:99,BLOCKED_EXTERNAL,no current rendered action execution,,not exercised in rendered session,,source-declared control; full handler chain not individually verified,not executed on current branch,not observed,"isolated role sessions, DB and synthetic browser; provider readback where applicable",NOT_TESTED,,
S-c375d2fccf,SOURCE_CONTROL_OCCURRENCE,/admin/estates,src/routes/admin.estates.tsx:100,Link,新增屋苑,,"""/admin/estates/new""",staff; exact grants require handler review,runtime role/state not reconciled,navigation; destination may have side effects,,,C-c375d2fccf,equivalent_repeated_row_candidate,S-97f7f16ec8,yes,yes,BLOCKED,src/routes/admin.estates.tsx:100,BLOCKED_EXTERNAL,no current rendered action execution,,not exercised in rendered session,,source-declared control; full handler chain not individually verified,not executed on current branch,not observed,"isolated role sessions, DB and synthetic browser; provider readback where applicable",NOT_TESTED,,
S-4a2af86c8f,SOURCE_CONTROL_OCCURRENCE,/admin/estates,src/routes/admin.estates.tsx:125,Button,清除搜尋,"onClick={() => setQuery("""")}",,staff; exact grants require handler review,runtime role/state not reconciled,UNCLASSIFIED; inspect before execution,,,C-4a2af86c8f,unique_rendered_control_candidate,S-4a2af86c8f,no,yes,BLOCKED,src/routes/admin.estates.tsx:125,BLOCKED_EXTERNAL,no current rendered action execution,,not exercised in rendered session,,source-declared control; full handler chain not individually verified,not executed on current branch,not observed,"isolated role sessions, DB and synthetic browser; provider readback where applicable",NOT_TESTED,,
S-637e9d54d4,SOURCE_CONTROL_OCCURRENCE,/admin/estates,src/routes/admin.estates.tsx:154,Button,dynamic/no static accessible name,,,staff; exact grants require handler review,runtime role/state not reconciled,local input/semantic wrapper,,,C-637e9d54d4,equivalent_repeated_row_candidate,S-d9f418d142,yes,yes,BLOCKED,src/routes/admin.estates.tsx:154,BLOCKED_EXTERNAL,no current rendered action execution,,not exercised in rendered session,,source-declared control; full handler chain not individually verified,not executed on current branch,not observed,"isolated role sessions, DB and synthetic browser; provider readback where applicable",NOT_TESTED,,
S-9ebfafe8c6,SOURCE_CONTROL_OCCURRENCE,/admin/estates,src/routes/admin.estates.tsx:155,Link,編輯,,"""/admin/estates/$id""",staff; exact grants require handler review,runtime role/state not reconciled,navigation; destination may have side effects,,,C-9ebfafe8c6,unique_rendered_control_candidate,S-9ebfafe8c6,no,yes,BLOCKED,src/routes/admin.estates.tsx:155,BLOCKED_EXTERNAL,no current rendered action execution,,not exercised in rendered session,,source-declared control; full handler chain not individually verified,not executed on current branch,not observed,"isolated role sessions, DB and synthetic browser; provider readback where applicable",NOT_TESTED,,
S-06a44db888,SOURCE_CONTROL_OCCURRENCE,/admin/estates_/$id,src/routes/admin.estates_.$id.tsx:56,Button,dynamic/no static accessible name,,,staff; exact grants require handler review,runtime role/state not reconciled,local input/semantic wrapper,,,C-06a44db888,unique_rendered_control_candidate,S-06a44db888,no,yes,BLOCKED,src/routes/admin.estates_.$id.tsx:56,BLOCKED_EXTERNAL,no current rendered action execution,,not exercised in rendered session,,source-declared control; full handler chain not individually verified,not executed on current branch,not observed,"isolated role sessions, DB and synthetic browser; provider readback where applicable",NOT_TESTED,,
S-7ab3e4c1ed,SOURCE_CONTROL_OCCURRENCE,/admin/estates_/$id,src/routes/admin.estates_.$id.tsx:57,Link,返回,,"""/admin/estates""",staff; exact grants require handler review,runtime role/state not reconciled,navigation; destination may have side effects,,,C-7ab3e4c1ed,unique_rendered_control_candidate,S-7ab3e4c1ed,no,yes,BLOCKED,src/routes/admin.estates_.$id.tsx:57,BLOCKED_EXTERNAL,no current rendered action execution,,not exercised in rendered session,,source-declared control; full handler chain not individually verified,not executed on current branch,not observed,"isolated role sessions, DB and synthetic browser; provider readback where applicable",NOT_TESTED,,
S-902cbc5828,SOURCE_CONTROL_OCCURRENCE,/admin/estates_/$id,src/routes/admin.estates_.$id.tsx:66,Button,dynamic/no static accessible name,,,staff; exact grants require handler review,runtime role/state not reconciled,local input/semantic wrapper,,,C-902cbc5828,equivalent_repeated_row_candidate,S-06a44db888,yes,yes,BLOCKED,src/routes/admin.estates_.$id.tsx:66,BLOCKED_EXTERNAL,no current rendered action execution,,not exercised in rendered session,,source-declared control; full handler chain not individually verified,not executed on current branch,not observed,"isolated role sessions, DB and synthetic browser; provider readback where applicable",NOT_TESTED,,
S-81b3853abc,SOURCE_CONTROL_OCCURRENCE,/admin/estates_/$id,src/routes/admin.estates_.$id.tsx:67,Link,返回屋苑管理,,"""/admin/estates""",staff; exact grants require handler review,runtime role/state not reconciled,navigation; destination may have side effects,,,C-81b3853abc,unique_rendered_control_candidate,S-81b3853abc,no,yes,BLOCKED,src/routes/admin.estates_.$id.tsx:67,BLOCKED_EXTERNAL,no current rendered action execution,,not exercised in rendered session,,source-declared control; full handler chain not individually verified,not executed on current branch,not observed,"isolated role sessions, DB and synthetic browser; provider readback where applicable",NOT_TESTED,,
S-d9e069ab43,SOURCE_CONTROL_OCCURRENCE,/admin/estates_/$id,src/routes/admin.estates_.$id.tsx:72,AdminEstateEditorForm,dynamic/no static accessible name,onSaved={() => undefined},,staff; exact grants require handler review,runtime role/state not reconciled,UNCLASSIFIED; inspect before execution,,,C-d9e069ab43,unique_rendered_control_candidate,S-d9e069ab43,no,yes,BLOCKED,src/routes/admin.estates_.$id.tsx:72,BLOCKED_EXTERNAL,no current rendered action execution,,not exercised in rendered session,,source-declared control; full handler chain not individually verified,not executed on current branch,not observed,"isolated role sessions, DB and synthetic browser; provider readback where applicable",NOT_TESTED,,
S-e3dd1b7a32,SOURCE_CONTROL_OCCURRENCE,/admin/estates_/new,src/routes/admin.estates_.new.tsx:21,Button,dynamic/no static accessible name,,,staff; exact grants require handler review,runtime role/state not reconciled,local input/semantic wrapper,,,C-e3dd1b7a32,unique_rendered_control_candidate,S-e3dd1b7a32,no,yes,BLOCKED,src/routes/admin.estates_.new.tsx:21,BLOCKED_EXTERNAL,no current rendered action execution,,not exercised in rendered session,,source-declared control; full handler chain not individually verified,not executed on current branch,not observed,"isolated role sessions, DB and synthetic browser; provider readback where applicable",NOT_TESTED,,
S-93a3e55977,SOURCE_CONTROL_OCCURRENCE,/admin/estates_/new,src/routes/admin.estates_.new.tsx:22,Link,返回,,"""/admin/estates""",staff; exact grants require handler review,runtime role/state not reconciled,navigation; destination may have side effects,,,C-93a3e55977,unique_rendered_control_candidate,S-93a3e55977,no,yes,BLOCKED,src/routes/admin.estates_.new.tsx:22,BLOCKED_EXTERNAL,no current rendered action execution,,not exercised in rendered session,,source-declared control; full handler chain not individually verified,not executed on current branch,not observed,"isolated role sessions, DB and synthetic browser; provider readback where applicable",NOT_TESTED,,
S-ddbc11c006,SOURCE_CONTROL_OCCURRENCE,/admin/estates_/new,src/routes/admin.estates_.new.tsx:27,AdminEstateEditorForm,dynamic/no static accessible name,"onSaved={(id) => navigate({ to: ""/admin/estates/$id"", params: { id } })}",,staff; exact grants require handler review,runtime role/state not reconciled,UNCLASSIFIED; inspect before execution,,,C-ddbc11c006,unique_rendered_control_candidate,S-ddbc11c006,no,yes,BLOCKED,src/routes/admin.estates_.new.tsx:27,BLOCKED_EXTERNAL,no current rendered action execution,,not exercised in rendered session,,source-declared control; full handler chain not individually verified,not executed on current branch,not observed,"isolated role sessions, DB and synthetic browser; provider readback where applicable",NOT_TESTED,,
S-fbd591ad8c,SOURCE_CONTROL_OCCURRENCE,/admin/,src/routes/admin.index.tsx:104,Button,重新整理,onClick={refreshAll},,staff; exact grants require handler review,runtime role/state not reconciled,UNCLASSIFIED; inspect before execution,,,C-fbd591ad8c,unique_rendered_control_candidate,S-fbd591ad8c,no,yes,BLOCKED,src/routes/admin.index.tsx:104,BLOCKED_EXTERNAL,no current rendered action execution,,not exercised in rendered session,,source-declared control; full handler chain not individually verified,not executed on current branch,not observed,"isolated role sessions, DB and synthetic browser; provider readback where applicable",NOT_TESTED,,
S-9bd4154a1f,SOURCE_CONTROL_OCCURRENCE,/admin/,src/routes/admin.index.tsx:269,Link,dynamic/no static accessible name,,{to},staff; exact grants require handler review,runtime role/state not reconciled,navigation; destination may have side effects,,,C-9bd4154a1f,unique_rendered_control_candidate,S-9bd4154a1f,no,yes,BLOCKED,src/routes/admin.index.tsx:269,BLOCKED_EXTERNAL,no current rendered action execution,,not exercised in rendered session,,source-declared control; full handler chain not individually verified,not executed on current branch,not observed,"isolated role sessions, DB and synthetic browser; provider readback where applicable",NOT_TESTED,,
S-f5905be8d5,SOURCE_CONTROL_OCCURRENCE,/admin/leads,src/routes/admin.leads.tsx:743,Input,"""搜尋客戶查詢""",onChange={(event) => setQueryDraft(event.target.value)},,staff; exact grants require handler review,runtime role/state not reconciled,UNCLASSIFIED; inspect before execution,,,C-f5905be8d5,unique_rendered_control_candidate,S-f5905be8d5,no,yes,BLOCKED,src/routes/admin.leads.tsx:743,BLOCKED_EXTERNAL,no current rendered action execution,,not exercised in rendered session,,source-declared control; full handler chain not individually verified,not executed on current branch,not observed,"isolated role sessions, DB and synthetic browser; provider readback where applicable",NOT_TESTED,,
S-3734302758,SOURCE_CONTROL_OCCURRENCE,/admin/leads,src/routes/admin.leads.tsx:752,Select,dynamic/no static accessible name,"onValueChange={(value) => setFilter(""stage"", value)}",,staff; exact grants require handler review,runtime role/state not reconciled,UNCLASSIFIED; inspect before execution,,,C-3734302758,unique_rendered_control_candidate,S-3734302758,no,yes,BLOCKED,src/routes/admin.leads.tsx:752,BLOCKED_EXTERNAL,no current rendered action execution,,not exercised in rendered session,,source-declared control; full handler chain not individually verified,not executed on current branch,not observed,"isolated role sessions, DB and synthetic browser; provider readback where applicable",NOT_TESTED,,
S-5323364284,SOURCE_CONTROL_OCCURRENCE,/admin/leads,src/routes/admin.leads.tsx:766,Select,dynamic/no static accessible name,"onValueChange={(value) => setFilter(""agent_id"", value)}",,staff; exact grants require handler review,runtime role/state not reconciled,UNCLASSIFIED; inspect before execution,,,C-5323364284,unique_rendered_control_candidate,S-5323364284,no,yes,BLOCKED,src/routes/admin.leads.tsx:766,BLOCKED_EXTERNAL,no current rendered action execution,,not exercised in rendered session,,source-declared control; full handler chain not individually verified,not executed on current branch,not observed,"isolated role sessions, DB and synthetic browser; provider readback where applicable",NOT_TESTED,,
S-9f630f9fd8,SOURCE_CONTROL_OCCURRENCE,/admin/leads,src/routes/admin.leads.tsx:784,Button,重設,onClick={() => setFilters(defaultFilters)},,staff; exact grants require handler review,runtime role/state not reconciled,UNCLASSIFIED; inspect before execution,,,C-9f630f9fd8,unique_rendered_control_candidate,S-9f630f9fd8,no,yes,BLOCKED,src/routes/admin.leads.tsx:784,BLOCKED_EXTERNAL,no current rendered action execution,,not exercised in rendered session,,source-declared control; full handler chain not individually verified,not executed on current branch,not observed,"isolated role sessions, DB and synthetic browser; provider readback where applicable",NOT_TESTED,,
S-60bf770719,SOURCE_CONTROL_OCCURRENCE,/admin/leads,src/routes/admin.leads.tsx:798,Button,dynamic/no static accessible name,,,staff; exact grants require handler review,runtime role/state not reconciled,local input/semantic wrapper,,,C-60bf770719,unique_rendered_control_candidate,S-60bf770719,no,yes,BLOCKED,src/routes/admin.leads.tsx:798,BLOCKED_EXTERNAL,no current rendered action execution,,not exercised in rendered session,,source-declared control; full handler chain not individually verified,not executed on current branch,not observed,"isolated role sessions, DB and synthetic browser; provider readback where applicable",NOT_TESTED,,
S-38aebfbd19,SOURCE_CONTROL_OCCURRENCE,/admin/leads,src/routes/admin.leads.tsx:799,Link,前往跟進工作台,,"""/admin/leads/command-center""",staff; exact grants require handler review,runtime role/state not reconciled,navigation; destination may have side effects,,,C-38aebfbd19,unique_rendered_control_candidate,S-38aebfbd19,no,yes,BLOCKED,src/routes/admin.leads.tsx:799,BLOCKED_EXTERNAL,no current rendered action execution,,not exercised in rendered session,,source-declared control; full handler chain not individually verified,not executed on current branch,not observed,"isolated role sessions, DB and synthetic browser; provider readback where applicable",NOT_TESTED,,
S-e687212e4b,SOURCE_CONTROL_OCCURRENCE,/admin/leads,src/routes/admin.leads.tsx:814,Button,新查詢,"onClick={() => setFilters((current) => quickLeadFilter(current, ""new""))}",,staff; exact grants require handler review,runtime role/state not reconciled,UNCLASSIFIED; inspect before execution,,,C-e687212e4b,unique_rendered_control_candidate,S-e687212e4b,no,yes,BLOCKED,src/routes/admin.leads.tsx:814,BLOCKED_EXTERNAL,no current rendered action execution,,not exercised in rendered session,,source-declared control; full handler chain not individually verified,not executed on current branch,not observed,"isolated role sessions, DB and synthetic browser; provider readback where applicable",NOT_TESTED,,
S-69868dc7ca,SOURCE_CONTROL_OCCURRENCE,/admin/leads,src/routes/admin.leads.tsx:821,Button,未指派代理,"onClick={() => setFilters((current) => quickLeadFilter(current, ""unassigned""))}",,staff; exact grants require handler review,runtime role/state not reconciled,UNCLASSIFIED; inspect before execution,,,C-69868dc7ca,unique_rendered_control_candidate,S-69868dc7ca,no,yes,BLOCKED,src/routes/admin.leads.tsx:821,BLOCKED_EXTERNAL,no current rendered action execution,,not exercised in rendered session,,source-declared control; full handler chain not individually verified,not executed on current branch,not observed,"isolated role sessions, DB and synthetic browser; provider readback where applicable",NOT_TESTED,,
S-eeb9f1bf3d,SOURCE_CONTROL_OCCURRENCE,/admin/leads,src/routes/admin.leads.tsx:837,AdminStatusSelect,dynamic/no static accessible name,"onChange={(value) => setFilter(""intent"", value)}",,staff; exact grants require handler review,runtime role/state not reconciled,UNCLASSIFIED; inspect before execution,,,C-eeb9f1bf3d,unique_rendered_control_candidate,S-eeb9f1bf3d,no,yes,BLOCKED,src/routes/admin.leads.tsx:837,BLOCKED_EXTERNAL,no current rendered action execution,,not exercised in rendered session,,source-declared control; full handler chain not individually verified,not executed on current branch,not observed,"isolated role sessions, DB and synthetic browser; provider readback where applicable",NOT_TESTED,,
S-69602778ab,SOURCE_CONTROL_OCCURRENCE,/admin/leads,src/routes/admin.leads.tsx:843,AdminStatusSelect,dynamic/no static accessible name,"onChange={(value) => setFilter(""source"", value)}",,staff; exact grants require handler review,runtime role/state not reconciled,UNCLASSIFIED; inspect before execution,,,C-69602778ab,unique_rendered_control_candidate,S-69602778ab,no,yes,BLOCKED,src/routes/admin.leads.tsx:843,BLOCKED_EXTERNAL,no current rendered action execution,,not exercised in rendered session,,source-declared control; full handler chain not individually verified,not executed on current branch,not observed,"isolated role sessions, DB and synthetic browser; provider readback where applicable",NOT_TESTED,,
S-fb09247002,SOURCE_CONTROL_OCCURRENCE,/admin/leads,src/routes/admin.leads.tsx:849,Select,dynamic/no static accessible name,"onValueChange={(value) => setFilter(""optIn"", value as OptInFilter)}",,staff; exact grants require handler review,runtime role/state not reconciled,UNCLASSIFIED; inspect before execution,,,C-fb09247002,unique_rendered_control_candidate,S-fb09247002,no,yes,BLOCKED,src/routes/admin.leads.tsx:849,BLOCKED_EXTERNAL,no current rendered action execution,,not exercised in rendered session,,source-declared control; full handler chain not individually verified,not executed on current branch,not observed,"isolated role sessions, DB and synthetic browser; provider readback where applicable",NOT_TESTED,,
S-76b14912fe,SOURCE_CONTROL_OCCURRENCE,/admin/leads,src/routes/admin.leads.tsx:865,Button,第一頁,"onClick={() => setFilters((current) => ({ ...current, cursor: undefined }))}",,staff; exact grants require handler review,{!filters.cursor || loadingRows},UNCLASSIFIED; inspect before execution,,,C-76b14912fe,unique_rendered_control_candidate,S-76b14912fe,no,yes,BLOCKED,src/routes/admin.leads.tsx:865,BLOCKED_EXTERNAL,no current rendered action execution,,not exercised in rendered session,,source-declared control; full handler chain not individually verified,not executed on current branch,not observed,"isolated role sessions, DB and synthetic browser; provider readback where applicable",NOT_TESTED,,
S-80167f850b,SOURCE_CONTROL_OCCURRENCE,/admin/leads,src/routes/admin.leads.tsx:872,Button,下一頁,"onClick={() => setFilters((current) => ({ ...current, cursor: nextCursor ?? undefined }))}",,staff; exact grants require handler review,{!nextCursor || loadingRows},UNCLASSIFIED; inspect before execution,,,C-80167f850b,unique_rendered_control_candidate,S-80167f850b,no,yes,BLOCKED,src/routes/admin.leads.tsx:872,BLOCKED_EXTERNAL,no current rendered action execution,,not exercised in rendered session,,source-declared control; full handler chain not individually verified,not executed on current branch,not observed,"isolated role sessions, DB and synthetic browser; provider readback where applicable",NOT_TESTED,,
S-11b1508daa,SOURCE_CONTROL_OCCURRENCE,/admin/leads,src/routes/admin.leads.tsx:887,Button,清除篩選,onClick={() => setFilters(defaultFilters)},,staff; exact grants require handler review,runtime role/state not reconciled,UNCLASSIFIED; inspect before execution,,,C-11b1508daa,unique_rendered_control_candidate,S-11b1508daa,no,yes,BLOCKED,src/routes/admin.leads.tsx:887,BLOCKED_EXTERNAL,no current rendered action execution,,not exercised in rendered session,,source-declared control; full handler chain not individually verified,not executed on current branch,not observed,"isolated role sessions, DB and synthetic browser; provider readback where applicable",NOT_TESTED,,
S-4245423ebc,SOURCE_CONTROL_OCCURRENCE,/admin/leads,src/routes/admin.leads.tsx:899,AdminStatusSelect,"""改為階段…""",onChange={setBulkStage},,staff; exact grants require handler review,runtime role/state not reconciled,UNCLASSIFIED; inspect before execution,,,C-4245423ebc,unique_rendered_control_candidate,S-4245423ebc,no,yes,BLOCKED,src/routes/admin.leads.tsx:899,BLOCKED_EXTERNAL,no current rendered action execution,,not exercised in rendered session,,source-declared control; full handler chain not individually verified,not executed on current branch,not observed,"isolated role sessions, DB and synthetic browser; provider readback where applicable",NOT_TESTED,,
S-756efdd69b,SOURCE_CONTROL_OCCURRENCE,/admin/leads,src/routes/admin.leads.tsx:906,Select,dynamic/no static accessible name,onValueChange={setBulkAgentId},,staff; exact grants require handler review,runtime role/state not reconciled,UNCLASSIFIED; inspect before execution,,,C-756efdd69b,unique_rendered_control_candidate,S-756efdd69b,no,yes,BLOCKED,src/routes/admin.leads.tsx:906,BLOCKED_EXTERNAL,no current rendered action execution,,not exercised in rendered session,,source-declared control; full handler chain not individually verified,not executed on current branch,not observed,"isolated role sessions, DB and synthetic browser; provider readback where applicable",NOT_TESTED,,
S-f7d3a0d381,SOURCE_CONTROL_OCCURRENCE,/admin/leads,src/routes/admin.leads.tsx:919,Button,套用,setBulkConfirmOpen → bulkUpdateAdminLeads,,staff; exact grants require handler review,{(!bulkStage && !bulkAgentId) || bulkPending},bulk DB mutation,UC14,LE05,C-f7d3a0d381,unique_rendered_control_candidate,S-f7d3a0d381,no,yes,BLOCKED,src/routes/admin.leads.tsx:919,BLOCKED_EXTERNAL,no current rendered action execution,,not exercised in rendered session,,source-declared control; full handler chain not individually verified,not executed on current branch,not observed,"isolated role sessions, DB and synthetic browser; provider readback where applicable",NOT_TESTED,,
S-61f9d60592,SOURCE_CONTROL_OCCURRENCE,/admin/leads,src/routes/admin.leads.tsx:928,Button,清除選取,onClick={() => setSelectedIds(new Set())},,staff; exact grants require handler review,runtime role/state not reconciled,UNCLASSIFIED; inspect before execution,,,C-61f9d60592,unique_rendered_control_candidate,S-61f9d60592,no,yes,BLOCKED,src/routes/admin.leads.tsx:928,BLOCKED_EXTERNAL,no current rendered action execution,,not exercised in rendered session,,source-declared control; full handler chain not individually verified,not executed on current branch,not observed,"isolated role sessions, DB and synthetic browser; provider readback where applicable",NOT_TESTED,,
S-0037dfb2da,SOURCE_CONTROL_OCCURRENCE,/admin/leads,src/routes/admin.leads.tsx:948,Checkbox,"""全選本頁客戶查詢""",onCheckedChange={(checked) => toggleSelectAll(checked === true)},,staff; exact grants require handler review,runtime role/state not reconciled,UNCLASSIFIED; inspect before execution,,,C-0037dfb2da,unique_rendered_control_candidate,S-0037dfb2da,no,yes,BLOCKED,src/routes/admin.leads.tsx:948,BLOCKED_EXTERNAL,no current rendered action execution,,not exercised in rendered session,,source-declared control; full handler chain not individually verified,not executed on current branch,not observed,"isolated role sessions, DB and synthetic browser; provider readback where applicable",NOT_TESTED,,
S-8140d460a6,SOURCE_CONTROL_OCCURRENCE,/admin/leads,src/routes/admin.leads.tsx:969,LeadRow,dynamic/no static accessible name,onToggleSelected={toggleSelected} | onOpen={openLead},,staff; exact grants require handler review,runtime role/state not reconciled,UNCLASSIFIED; inspect before execution,,,C-8140d460a6,unique_rendered_control_candidate,S-8140d460a6,no,yes,BLOCKED,src/routes/admin.leads.tsx:969,BLOCKED_EXTERNAL,no current rendered action execution,,not exercised in rendered session,,source-declared control; full handler chain not individually verified,not executed on current branch,not observed,"isolated role sessions, DB and synthetic browser; provider readback where applicable",NOT_TESTED,,
S-4f48312788,SOURCE_CONTROL_OCCURRENCE,/admin/leads,src/routes/admin.leads.tsx:985,AdminDetailPanel,"{detailLoading && !detail ? <Skeleton className=""h-72 w-full"" /> : null} {detailError ? <AdminError message={detailError} /> : null} {detail && draft ",onOpenChange={(open) => (open ? handlePanelOpenChange(true) : requestPanelClose())},,staff; exact grants require handler review,runtime role/state not reconciled,UNCLASSIFIED; inspect before execution,,,C-4f48312788,unique_rendered_control_candidate,S-4f48312788,no,yes,BLOCKED,src/routes/admin.leads.tsx:985,BLOCKED_EXTERNAL,no current rendered action execution,,not exercised in rendered session,,source-declared control; full handler chain not individually verified,not executed on current branch,not observed,"isolated role sessions, DB and synthetic browser; provider readback where applicable",NOT_TESTED,,
S-17aadbf94c,SOURCE_CONTROL_OCCURRENCE,/admin/leads,src/routes/admin.leads.tsx:993,Button,結束（未成交）,"onClick={() => requestMarkStage(""closed_lost"", stageLabels.closed_lost)}",,staff; exact grants require handler review,"{isMutating || draft.stage === ""closed_lost""}",UNCLASSIFIED; inspect before execution,,,C-17aadbf94c,unique_rendered_control_candidate,S-17aadbf94c,no,yes,BLOCKED,src/routes/admin.leads.tsx:993,BLOCKED_EXTERNAL,no current rendered action execution,,not exercised in rendered session,,source-declared control; full handler chain not individually verified,not executed on current branch,not observed,"isolated role sessions, DB and synthetic browser; provider readback where applicable",NOT_TESTED,,
S-13d06aaa91,SOURCE_CONTROL_OCCURRENCE,/admin/leads,src/routes/admin.leads.tsx:1002,Button,標記已成交,"onClick={() => requestMarkStage(""closed_won"", stageLabels.closed_won)}",,staff; exact grants require handler review,"{isMutating || draft.stage === ""closed_won""}",UNCLASSIFIED; inspect before execution,,,C-13d06aaa91,unique_rendered_control_candidate,S-13d06aaa91,no,yes,BLOCKED,src/routes/admin.leads.tsx:1002,BLOCKED_EXTERNAL,no current rendered action execution,,not exercised in rendered session,,source-declared control; full handler chain not individually verified,not executed on current branch,not observed,"isolated role sessions, DB and synthetic browser; provider readback where applicable",NOT_TESTED,,
S-0d0f77c774,SOURCE_CONTROL_OCCURRENCE,/admin/leads,src/routes/admin.leads.tsx:1018,Button,"{mutatingAction === ""save"" ? ""儲存中…"" : ""儲存""}",saveLead → CRM mutation,,staff; exact grants require handler review,{isMutating},DB mutation,UC13/18,LE03,C-0d0f77c774,unique_rendered_control_candidate,S-0d0f77c774,no,yes,BLOCKED,src/routes/admin.leads.tsx:1018,BLOCKED_EXTERNAL,no current rendered action execution,,not exercised in rendered session,,source-declared control; full handler chain not individually verified,not executed on current branch,not observed,"isolated role sessions, DB and synthetic browser; provider readback where applicable",NOT_TESTED,,
S-77f0d2a44b,SOURCE_CONTROL_OCCURRENCE,/admin/leads,src/routes/admin.leads.tsx:1029,LeadDetailEditor,dynamic/no static accessible name,"onDraftChange={updateDraft} | onNoteChange={(value) => {
              setNoteBody(value);
              if (noteError) setNoteError(null);
            }} | onAddNote={addNote} | onRefreshAiProfile={refreshAiProfile} | onAiTagDecision={decideAiTag}",,staff; exact grants require handler review,{isMutating},UNCLASSIFIED; inspect before execution,,,C-77f0d2a44b,unique_rendered_control_candidate,S-77f0d2a44b,no,yes,BLOCKED,src/routes/admin.leads.tsx:1029,BLOCKED_EXTERNAL,no current rendered action execution,,not exercised in rendered session,,source-declared control; full handler chain not individually verified,not executed on current branch,not observed,"isolated role sessions, DB and synthetic browser; provider readback where applicable",NOT_TESTED,,
S-cc7da0bc72,SOURCE_CONTROL_OCCURRENCE,/admin/leads,src/routes/admin.leads.tsx:1054,AdminConfirmDialog,dynamic/no static accessible name,"onOpenChange={(open) => {
          if (!bulkPending) setBulkConfirmOpen(open);
        }} | onConfirm={() => void runBulkUpdate()}",,staff; exact grants require handler review,runtime role/state not reconciled,UNCLASSIFIED; inspect before execution,,,C-cc7da0bc72,unique_rendered_control_candidate,S-cc7da0bc72,no,yes,BLOCKED,src/routes/admin.leads.tsx:1054,BLOCKED_EXTERNAL,no current rendered action execution,,not exercised in rendered session,,source-declared control; full handler chain not individually verified,not executed on current branch,not observed,"isolated role sessions, DB and synthetic browser; provider readback where applicable",NOT_TESTED,,
S-32a77e211d,SOURCE_CONTROL_OCCURRENCE,/admin/leads,src/routes/admin.leads.tsx:1086,AdminConfirmDialog,dynamic/no static accessible name,"onOpenChange={(open) => {
          if (!open) setPendingStageAction(null);
        }} | onConfirm={() => {
          if (pendingStageAction)
            void markStage(pendingStageAction.stage, pendingStageAction.label);
          setPendingStageAction(null);
        }}",,staff; exact grants require handler review,runtime role/state not reconciled,UNCLASSIFIED; inspect before execution,,,C-32a77e211d,unique_rendered_control_candidate,S-32a77e211d,no,yes,BLOCKED,src/routes/admin.leads.tsx:1086,BLOCKED_EXTERNAL,no current rendered action execution,,not exercised in rendered session,,source-declared control; full handler chain not individually verified,not executed on current branch,not observed,"isolated role sessions, DB and synthetic browser; provider readback where applicable",NOT_TESTED,,
S-0fbdecbe25,SOURCE_CONTROL_OCCURRENCE,/admin/leads,src/routes/admin.leads.tsx:1124,Checkbox,"{`選擇 ${lead.name ?? ""未命名""}`}","onCheckedChange={(checked) => onToggleSelected(lead.id, checked === true)}",,staff; exact grants require handler review,runtime role/state not reconciled,UNCLASSIFIED; inspect before execution,,,C-0fbdecbe25,unique_rendered_control_candidate,S-0fbdecbe25,no,yes,BLOCKED,src/routes/admin.leads.tsx:1124,BLOCKED_EXTERNAL,no current rendered action execution,,not exercised in rendered session,,source-declared control; full handler chain not individually verified,not executed on current branch,not observed,"isolated role sessions, DB and synthetic browser; provider readback where applicable",NOT_TESTED,,
S-70853174fd,SOURCE_CONTROL_OCCURRENCE,/admin/leads,src/routes/admin.leads.tsx:1131,button,"{lead.name ?? ""未命名""}",onClick={() => onOpen(lead.id)},,staff; exact grants require handler review,runtime role/state not reconciled,UNCLASSIFIED; inspect before execution,,,C-70853174fd,unique_rendered_control_candidate,S-70853174fd,no,yes,BLOCKED,src/routes/admin.leads.tsx:1131,BLOCKED_EXTERNAL,no current rendered action execution,,not exercised in rendered session,,source-declared control; full handler chain not individually verified,not executed on current branch,not observed,"isolated role sessions, DB and synthetic browser; provider readback where applicable",NOT_TESTED,,
S-e96b8cbca0,SOURCE_CONTROL_OCCURRENCE,/admin/leads,src/routes/admin.leads.tsx:1245,AdminStatusSelect,dynamic/no static accessible name,"onChange={(value) => onDraftChange(""stage"", value as LeadStage)}",,staff; exact grants require handler review,{disabled},UNCLASSIFIED; inspect before execution,,,C-e96b8cbca0,unique_rendered_control_candidate,S-e96b8cbca0,no,yes,BLOCKED,src/routes/admin.leads.tsx:1245,BLOCKED_EXTERNAL,no current rendered action execution,,not exercised in rendered session,,source-declared control; full handler chain not individually verified,not executed on current branch,not observed,"isolated role sessions, DB and synthetic browser; provider readback where applicable",NOT_TESTED,,
S-69fa4799e7,SOURCE_CONTROL_OCCURRENCE,/admin/leads,src/routes/admin.leads.tsx:1255,Select,dynamic/no static accessible name,"onValueChange={(value) =>
                onDraftChange(""assigned_agent_id"", value === ""none"" ? null : value)
              }",,staff; exact grants require handler review,{disabled},UNCLASSIFIED; inspect before execution,,,C-69fa4799e7,unique_rendered_control_candidate,S-69fa4799e7,no,yes,BLOCKED,src/routes/admin.leads.tsx:1255,BLOCKED_EXTERNAL,no current rendered action execution,,not exercised in rendered session,,source-declared control; full handler chain not individually verified,not executed on current branch,not observed,"isolated role sessions, DB and synthetic browser; provider readback where applicable",NOT_TESTED,,
S-ddaa655d72,SOURCE_CONTROL_OCCURRENCE,/admin/leads,src/routes/admin.leads.tsx:1284,AdminStatusSelect,dynamic/no static accessible name,"onChange={(value) => onDraftChange(""intent"", value)}",,staff; exact grants require handler review,{disabled},UNCLASSIFIED; inspect before execution,,,C-ddaa655d72,unique_rendered_control_candidate,S-ddaa655d72,no,yes,BLOCKED,src/routes/admin.leads.tsx:1284,BLOCKED_EXTERNAL,no current rendered action execution,,not exercised in rendered session,,source-declared control; full handler chain not individually verified,not executed on current branch,not observed,"isolated role sessions, DB and synthetic browser; provider readback where applicable",NOT_TESTED,,
S-762949d1b0,SOURCE_CONTROL_OCCURRENCE,/admin/leads,src/routes/admin.leads.tsx:1303,Input,dynamic/no static accessible name,"onChange={(event) =>
                onDraftChange(""budget_min"", parseNullableNumber(event.target.value))
              }",,staff; exact grants require handler review,{disabled},UNCLASSIFIED; inspect before execution,,,C-762949d1b0,unique_rendered_control_candidate,S-762949d1b0,no,yes,BLOCKED,src/routes/admin.leads.tsx:1303,BLOCKED_EXTERNAL,no current rendered action execution,,not exercised in rendered session,,source-declared control; full handler chain not individually verified,not executed on current branch,not observed,"isolated role sessions, DB and synthetic browser; provider readback where applicable",NOT_TESTED,,
S-72eb616fa8,SOURCE_CONTROL_OCCURRENCE,/admin/leads,src/routes/admin.leads.tsx:1316,Input,dynamic/no static accessible name,"onChange={(event) =>
                onDraftChange(""budget_max"", parseNullableNumber(event.target.value))
              }",,staff; exact grants require handler review,{disabled},UNCLASSIFIED; inspect before execution,,,C-72eb616fa8,unique_rendered_control_candidate,S-72eb616fa8,no,yes,BLOCKED,src/routes/admin.leads.tsx:1316,BLOCKED_EXTERNAL,no current rendered action execution,,not exercised in rendered session,,source-declared control; full handler chain not individually verified,not executed on current branch,not observed,"isolated role sessions, DB and synthetic browser; provider readback where applicable",NOT_TESTED,,
S-6c61650be5,SOURCE_CONTROL_OCCURRENCE,/admin/leads,src/routes/admin.leads.tsx:1337,Textarea,"""以逗號或換行分隔""","onChange={(event) => onDraftChange(""preferred_estates"", event.target.value)}",,staff; exact grants require handler review,{disabled},UNCLASSIFIED; inspect before execution,,,C-6c61650be5,unique_rendered_control_candidate,S-6c61650be5,no,yes,BLOCKED,src/routes/admin.leads.tsx:1337,BLOCKED_EXTERNAL,no current rendered action execution,,not exercised in rendered session,,source-declared control; full handler chain not individually verified,not executed on current branch,not observed,"isolated role sessions, DB and synthetic browser; provider readback where applicable",NOT_TESTED,,
S-19bc30c435,SOURCE_CONTROL_OCCURRENCE,/admin/leads,src/routes/admin.leads.tsx:1347,Textarea,dynamic/no static accessible name,"onChange={(event) => onDraftChange(""note"", event.target.value)}",,staff; exact grants require handler review,{disabled},UNCLASSIFIED; inspect before execution,,,C-19bc30c435,unique_rendered_control_candidate,S-19bc30c435,no,yes,BLOCKED,src/routes/admin.leads.tsx:1347,BLOCKED_EXTERNAL,no current rendered action execution,,not exercised in rendered session,,source-declared control; full handler chain not individually verified,not executed on current branch,not observed,"isolated role sessions, DB and synthetic browser; provider readback where applicable",NOT_TESTED,,
S-45b0909358,SOURCE_CONTROL_OCCURRENCE,/admin/leads,src/routes/admin.leads.tsx:1367,Textarea,"""新增內部跟進紀錄""",onChange={(event) => onNoteChange(event.target.value)},,staff; exact grants require handler review,{disabled},UNCLASSIFIED; inspect before execution,,,C-45b0909358,unique_rendered_control_candidate,S-45b0909358,no,yes,BLOCKED,src/routes/admin.leads.tsx:1367,BLOCKED_EXTERNAL,no current rendered action execution,,not exercised in rendered session,,source-declared control; full handler chain not individually verified,not executed on current branch,not observed,"isolated role sessions, DB and synthetic browser; provider readback where applicable",NOT_TESTED,,
S-05067b3cf7,SOURCE_CONTROL_OCCURRENCE,/admin/leads,src/routes/admin.leads.tsx:1383,Button,"{noteSaving ? ""儲存中…"" : ""只儲存跟進紀錄""}",onClick={onAddNote},,staff; exact grants require handler review,{disabled || noteSaving},UNCLASSIFIED; inspect before execution,,,C-05067b3cf7,unique_rendered_control_candidate,S-05067b3cf7,no,yes,BLOCKED,src/routes/admin.leads.tsx:1383,BLOCKED_EXTERNAL,no current rendered action execution,,not exercised in rendered session,,source-declared control; full handler chain not individually verified,not executed on current branch,not observed,"isolated role sessions, DB and synthetic browser; provider readback where applicable",NOT_TESTED,,
S-2f05c50ac3,SOURCE_CONTROL_OCCURRENCE,/admin/leads,src/routes/admin.leads.tsx:1434,Button,"{aiLoading ? ""分析中…"" : ""AI 分析""}",onClick={onRefreshAiProfile},,staff; exact grants require handler review,{disabled || aiLoading},UNCLASSIFIED; inspect before execution,,,C-2f05c50ac3,unique_rendered_control_candidate,S-2f05c50ac3,no,yes,BLOCKED,src/routes/admin.leads.tsx:1434,BLOCKED_EXTERNAL,no current rendered action execution,,not exercised in rendered session,,source-declared control; full handler chain not individually verified,not executed on current branch,not observed,"isolated role sessions, DB and synthetic browser; provider readback where applicable",NOT_TESTED,,
S-5c71717c7e,SOURCE_CONTROL_OCCURRENCE,/admin/leads,src/routes/admin.leads.tsx:1509,Button,批准,"onClick={() => onAiTagDecision(tag.id, true)}",,staff; exact grants require handler review,{disabled || aiMutatingTagId === tag.id},UNCLASSIFIED; inspect before execution,,,C-5c71717c7e,unique_rendered_control_candidate,S-5c71717c7e,no,yes,BLOCKED,src/routes/admin.leads.tsx:1509,BLOCKED_EXTERNAL,no current rendered action execution,,not exercised in rendered session,,source-declared control; full handler chain not individually verified,not executed on current branch,not observed,"isolated role sessions, DB and synthetic browser; provider readback where applicable",NOT_TESTED,,
S-e90e6af524,SOURCE_CONTROL_OCCURRENCE,/admin/leads,src/routes/admin.leads.tsx:1519,Button,拒絕,"onClick={() => onAiTagDecision(tag.id, false)}",,staff; exact grants require handler review,{disabled || aiMutatingTagId === tag.id},UNCLASSIFIED; inspect before execution,,,C-e90e6af524,unique_rendered_control_candidate,S-e90e6af524,no,yes,BLOCKED,src/routes/admin.leads.tsx:1519,BLOCKED_EXTERNAL,no current rendered action execution,,not exercised in rendered session,,source-declared control; full handler chain not individually verified,not executed on current branch,not observed,"isolated role sessions, DB and synthetic browser; provider readback where applicable",NOT_TESTED,,
S-760c65bc9e,SOURCE_CONTROL_OCCURRENCE,/admin/leads_/command-center,src/routes/admin.leads_.command-center.tsx:215,Button,"{filter === item.key ? <Check className=""h-3.5 w-3.5"" aria-hidden=""true"" /> : null} {item.label}",onClick={() => setFilter(item.key)},,staff; exact grants require handler review,runtime role/state not reconciled,UNCLASSIFIED; inspect before execution,,,C-760c65bc9e,unique_rendered_control_candidate,S-760c65bc9e,no,yes,BLOCKED,src/routes/admin.leads_.command-center.tsx:215,BLOCKED_EXTERNAL,no current rendered action execution,,not exercised in rendered session,,source-declared control; full handler chain not individually verified,not executed on current branch,not observed,"isolated role sessions, DB and synthetic browser; provider readback where applicable",NOT_TESTED,,
S-ce36a59d97,SOURCE_CONTROL_OCCURRENCE,/admin/leads_/command-center,src/routes/admin.leads_.command-center.tsx:237,Button,重新整理,onClick={() => void refresh()},,staff; exact grants require handler review,{loading},UNCLASSIFIED; inspect before execution,,,C-ce36a59d97,unique_rendered_control_candidate,S-ce36a59d97,no,yes,BLOCKED,src/routes/admin.leads_.command-center.tsx:237,BLOCKED_EXTERNAL,no current rendered action execution,,not exercised in rendered session,,source-declared control; full handler chain not individually verified,not executed on current branch,not observed,"isolated role sessions, DB and synthetic browser; provider readback where applicable",NOT_TESTED,,
S-a649d2305a,SOURCE_CONTROL_OCCURRENCE,/admin/leads_/command-center,src/routes/admin.leads_.command-center.tsx:248,Button,dynamic/no static accessible name,,,staff; exact grants require handler review,runtime role/state not reconciled,local input/semantic wrapper,,,C-a649d2305a,unique_rendered_control_candidate,S-a649d2305a,no,yes,BLOCKED,src/routes/admin.leads_.command-center.tsx:248,BLOCKED_EXTERNAL,no current rendered action execution,,not exercised in rendered session,,source-declared control; full handler chain not individually verified,not executed on current branch,not observed,"isolated role sessions, DB and synthetic browser; provider readback where applicable",NOT_TESTED,,
S-2d3a5210cb,SOURCE_CONTROL_OCCURRENCE,/admin/leads_/command-center,src/routes/admin.leads_.command-center.tsx:249,Link,返回 CRM 列表,,"""/admin/leads""",staff; exact grants require handler review,runtime role/state not reconciled,navigation; destination may have side effects,,,C-2d3a5210cb,unique_rendered_control_candidate,S-2d3a5210cb,no,yes,BLOCKED,src/routes/admin.leads_.command-center.tsx:249,BLOCKED_EXTERNAL,no current rendered action execution,,not exercised in rendered session,,source-declared control; full handler chain not individually verified,not executed on current branch,not observed,"isolated role sessions, DB and synthetic browser; provider readback where applicable",NOT_TESTED,,
S-8ee7dbcfde,SOURCE_CONTROL_OCCURRENCE,/admin/leads_/command-center,src/routes/admin.leads_.command-center.tsx:293,button,"{row.name ?? ""未命名""}",onClick={() => setSelectedId(row.lead_id)},,staff; exact grants require handler review,runtime role/state not reconciled,UNCLASSIFIED; inspect before execution,,,C-8ee7dbcfde,unique_rendered_control_candidate,S-8ee7dbcfde,no,yes,BLOCKED,src/routes/admin.leads_.command-center.tsx:293,BLOCKED_EXTERNAL,no current rendered action execution,,not exercised in rendered session,,source-declared control; full handler chain not individually verified,not executed on current branch,not observed,"isolated role sessions, DB and synthetic browser; provider readback where applicable",NOT_TESTED,,
S-de7f7ba09f,SOURCE_CONTROL_OCCURRENCE,/admin/leads_/command-center,src/routes/admin.leads_.command-center.tsx:334,AdminDetailPanel,"{selected ? ( <div className=""space-y-4 text-sm""> <section> <h3 className=""text-xs font-semibold text-muted-foreground"">AI 摘要</h3> <p className=""mt-1""","onOpenChange={(open) => {
          if (!open) setSelectedId(null);
        }}",,staff; exact grants require handler review,runtime role/state not reconciled,UNCLASSIFIED; inspect before execution,,,C-de7f7ba09f,unique_rendered_control_candidate,S-de7f7ba09f,no,yes,BLOCKED,src/routes/admin.leads_.command-center.tsx:334,BLOCKED_EXTERNAL,no current rendered action execution,,not exercised in rendered session,,source-declared control; full handler chain not individually verified,not executed on current branch,not observed,"isolated role sessions, DB and synthetic browser; provider readback where applicable",NOT_TESTED,,
S-aeb8b607a8,SOURCE_CONTROL_OCCURRENCE,/admin/leads_/command-center,src/routes/admin.leads_.command-center.tsx:351,Button,dynamic/no static accessible name,,,staff; exact grants require handler review,runtime role/state not reconciled,local input/semantic wrapper,,,C-aeb8b607a8,equivalent_repeated_row_candidate,S-a649d2305a,yes,yes,BLOCKED,src/routes/admin.leads_.command-center.tsx:351,BLOCKED_EXTERNAL,no current rendered action execution,,not exercised in rendered session,,source-declared control; full handler chain not individually verified,not executed on current branch,not observed,"isolated role sessions, DB and synthetic browser; provider readback where applicable",NOT_TESTED,,
S-d330c9c855,SOURCE_CONTROL_OCCURRENCE,/admin/leads_/command-center,src/routes/admin.leads_.command-center.tsx:352,Link,開啟完整客戶查詢,,"""/admin/leads""",staff; exact grants require handler review,runtime role/state not reconciled,navigation; destination may have side effects,,,C-d330c9c855,unique_rendered_control_candidate,S-d330c9c855,no,yes,BLOCKED,src/routes/admin.leads_.command-center.tsx:352,BLOCKED_EXTERNAL,no current rendered action execution,,not exercised in rendered session,,source-declared control; full handler chain not individually verified,not executed on current branch,not observed,"isolated role sessions, DB and synthetic browser; provider readback where applicable",NOT_TESTED,,
S-992af55f41,SOURCE_CONTROL_OCCURRENCE,/admin/leads_/command-center,src/routes/admin.leads_.command-center.tsx:357,Button,dynamic/no static accessible name,,,staff; exact grants require handler review,runtime role/state not reconciled,local input/semantic wrapper,,,C-992af55f41,equivalent_repeated_row_candidate,S-a649d2305a,yes,yes,BLOCKED,src/routes/admin.leads_.command-center.tsx:357,BLOCKED_EXTERNAL,no current rendered action execution,,not exercised in rendered session,,source-declared control; full handler chain not individually verified,not executed on current branch,not observed,"isolated role sessions, DB and synthetic browser; provider readback where applicable",NOT_TESTED,,
S-407eec8bc0,SOURCE_CONTROL_OCCURRENCE,/admin/leads_/command-center,src/routes/admin.leads_.command-center.tsx:358,Link,開啟 WhatsApp 對話,,"""/admin/whatsapp""",staff; exact grants require handler review,runtime role/state not reconciled,navigation; destination may have side effects,,,C-407eec8bc0,unique_rendered_control_candidate,S-407eec8bc0,no,yes,BLOCKED,src/routes/admin.leads_.command-center.tsx:358,BLOCKED_EXTERNAL,no current rendered action execution,,not exercised in rendered session,,source-declared control; full handler chain not individually verified,not executed on current branch,not observed,"isolated role sessions, DB and synthetic browser; provider readback where applicable",NOT_TESTED,,
S-12f25907a3,SOURCE_CONTROL_OCCURRENCE,/admin/leads_/command-center,src/routes/admin.leads_.command-center.tsx:366,Button,重新 AI 分析,"onClick={() => {
                  if (selected) void runAnalysis(selected);
                }}",,staff; exact grants require handler review,{busy},UNCLASSIFIED; inspect before execution,,,C-12f25907a3,unique_rendered_control_candidate,S-12f25907a3,no,yes,BLOCKED,src/routes/admin.leads_.command-center.tsx:366,BLOCKED_EXTERNAL,no current rendered action execution,,not exercised in rendered session,,source-declared control; full handler chain not individually verified,not executed on current branch,not observed,"isolated role sessions, DB and synthetic browser; provider readback where applicable",NOT_TESTED,,
S-3e6244a431,SOURCE_CONTROL_OCCURRENCE,/admin/listings,src/routes/admin.listings.tsx:179,Input,"""搜尋物業""",onChange={(e) => setQuery(e.target.value)},,staff; exact grants require handler review,runtime role/state not reconciled,UNCLASSIFIED; inspect before execution,,,C-3e6244a431,unique_rendered_control_candidate,S-3e6244a431,no,yes,BLOCKED,src/routes/admin.listings.tsx:179,BLOCKED_EXTERNAL,no current rendered action execution,,not exercised in rendered session,,source-declared control; full handler chain not individually verified,not executed on current branch,not observed,"isolated role sessions, DB and synthetic browser; provider readback where applicable",NOT_TESTED,,
S-e390c72666,SOURCE_CONTROL_OCCURRENCE,/admin/listings,src/routes/admin.listings.tsx:186,select,"""狀態""","onChange={(e) => filter({ status: e.target.value as PropertyGroupFilters[""status""] })}",,staff; exact grants require handler review,runtime role/state not reconciled,UNCLASSIFIED; inspect before execution,,,C-e390c72666,unique_rendered_control_candidate,S-e390c72666,no,yes,BLOCKED,src/routes/admin.listings.tsx:186,BLOCKED_EXTERNAL,no current rendered action execution,,not exercised in rendered session,,source-declared control; full handler chain not individually verified,not executed on current branch,not observed,"isolated role sessions, DB and synthetic browser; provider readback where applicable",NOT_TESTED,,
S-fd4d5e507f,SOURCE_CONTROL_OCCURRENCE,/admin/listings,src/routes/admin.listings.tsx:200,select,"""刊登範圍""","onChange={(e) =>
            filter({ publication: e.target.value as PropertyGroupFilters[""publication""] })
          }",,staff; exact grants require handler review,runtime role/state not reconciled,UNCLASSIFIED; inspect before execution,,,C-fd4d5e507f,unique_rendered_control_candidate,S-fd4d5e507f,no,yes,BLOCKED,src/routes/admin.listings.tsx:200,BLOCKED_EXTERNAL,no current rendered action execution,,not exercised in rendered session,,source-declared control; full handler chain not individually verified,not executed on current branch,not observed,"isolated role sessions, DB and synthetic browser; provider readback where applicable",NOT_TESTED,,
S-229d5c1a74,SOURCE_CONTROL_OCCURRENCE,/admin/listings,src/routes/admin.listings.tsx:211,select,"""放盤類型""","onChange={(e) => filter({ deal: e.target.value as ""all"" | ""sale"" | ""rent"" })}",,staff; exact grants require handler review,runtime role/state not reconciled,UNCLASSIFIED; inspect before execution,,,C-229d5c1a74,unique_rendered_control_candidate,S-229d5c1a74,no,yes,BLOCKED,src/routes/admin.listings.tsx:211,BLOCKED_EXTERNAL,no current rendered action execution,,not exercised in rendered session,,source-declared control; full handler chain not individually verified,not executed on current branch,not observed,"isolated role sessions, DB and synthetic browser; provider readback where applicable",NOT_TESTED,,
S-82b1e288bd,SOURCE_CONTROL_OCCURRENCE,/admin/listings,src/routes/admin.listings.tsx:221,select,"""屋苑""",onChange={(e) => filter({ estateId: e.target.value || undefined })},,staff; exact grants require handler review,runtime role/state not reconciled,UNCLASSIFIED; inspect before execution,,,C-82b1e288bd,unique_rendered_control_candidate,S-82b1e288bd,no,yes,BLOCKED,src/routes/admin.listings.tsx:221,BLOCKED_EXTERNAL,no current rendered action execution,,not exercised in rendered session,,source-declared control; full handler chain not individually verified,not executed on current branch,not observed,"isolated role sessions, DB and synthetic browser; provider readback where applicable",NOT_TESTED,,
S-a3daa8db02,SOURCE_CONTROL_OCCURRENCE,/admin/listings,src/routes/admin.listings.tsx:234,select,"""代理""",onChange={(e) => filter({ agentId: e.target.value || undefined })},,staff; exact grants require handler review,runtime role/state not reconciled,UNCLASSIFIED; inspect before execution,,,C-a3daa8db02,unique_rendered_control_candidate,S-a3daa8db02,no,yes,BLOCKED,src/routes/admin.listings.tsx:234,BLOCKED_EXTERNAL,no current rendered action execution,,not exercised in rendered session,,source-declared control; full handler chain not individually verified,not executed on current branch,not observed,"isolated role sessions, DB and synthetic browser; provider readback where applicable",NOT_TESTED,,
S-e3166f78a9,SOURCE_CONTROL_OCCURRENCE,/admin/listings,src/routes/admin.listings.tsx:247,select,"""排序欄位""","onChange={(e) => filter({ sort: e.target.value as PropertyGroupFilters[""sort""] })}",,staff; exact grants require handler review,runtime role/state not reconciled,UNCLASSIFIED; inspect before execution,,,C-e3166f78a9,unique_rendered_control_candidate,S-e3166f78a9,no,yes,BLOCKED,src/routes/admin.listings.tsx:247,BLOCKED_EXTERNAL,no current rendered action execution,,not exercised in rendered session,,source-declared control; full handler chain not individually verified,not executed on current branch,not observed,"isolated role sessions, DB and synthetic browser; provider readback where applicable",NOT_TESTED,,
S-7e2f2be416,SOURCE_CONTROL_OCCURRENCE,/admin/listings,src/routes/admin.listings.tsx:260,select,"""排序方向""","onChange={(e) => filter({ direction: e.target.value as ""asc"" | ""desc"" })}",,staff; exact grants require handler review,runtime role/state not reconciled,UNCLASSIFIED; inspect before execution,,,C-7e2f2be416,unique_rendered_control_candidate,S-7e2f2be416,no,yes,BLOCKED,src/routes/admin.listings.tsx:260,BLOCKED_EXTERNAL,no current rendered action execution,,not exercised in rendered session,,source-declared control; full handler chain not individually verified,not executed on current branch,not observed,"isolated role sessions, DB and synthetic browser; provider readback where applicable",NOT_TESTED,,
S-308e93c81b,SOURCE_CONTROL_OCCURRENCE,/admin/listings,src/routes/admin.listings.tsx:269,select,"""每頁物業數量""",onChange={(e) => filter({ pageSize: Number(e.target.value) })},,staff; exact grants require handler review,runtime role/state not reconciled,UNCLASSIFIED; inspect before execution,,,C-308e93c81b,unique_rendered_control_candidate,S-308e93c81b,no,yes,BLOCKED,src/routes/admin.listings.tsx:269,BLOCKED_EXTERNAL,no current rendered action execution,,not exercised in rendered session,,source-declared control; full handler chain not individually verified,not executed on current branch,not observed,"isolated role sessions, DB and synthetic browser; provider readback where applicable",NOT_TESTED,,
S-4aea7a77da,SOURCE_CONTROL_OCCURRENCE,/admin/listings,src/routes/admin.listings.tsx:281,Button,重設,"onClick={() => void navigate({ search: {}, replace: true })}",,staff; exact grants require handler review,runtime role/state not reconciled,UNCLASSIFIED; inspect before execution,,,C-4aea7a77da,unique_rendered_control_candidate,S-4aea7a77da,no,yes,BLOCKED,src/routes/admin.listings.tsx:281,BLOCKED_EXTERNAL,no current rendered action execution,,not exercised in rendered session,,source-declared control; full handler chain not individually verified,not executed on current branch,not observed,"isolated role sessions, DB and synthetic browser; provider readback where applicable",NOT_TESTED,,
S-af45c1060d,SOURCE_CONTROL_OCCURRENCE,/admin/listings,src/routes/admin.listings.tsx:284,Button,dynamic/no static accessible name,,,staff; exact grants require handler review,runtime role/state not reconciled,local input/semantic wrapper,,,C-af45c1060d,unique_rendered_control_candidate,S-af45c1060d,no,yes,BLOCKED,src/routes/admin.listings.tsx:284,BLOCKED_EXTERNAL,no current rendered action execution,,not exercised in rendered session,,source-declared control; full handler chain not individually verified,not executed on current branch,not observed,"isolated role sessions, DB and synthetic browser; provider readback where applicable",NOT_TESTED,,
S-8adf8709cd,SOURCE_CONTROL_OCCURRENCE,/admin/listings,src/routes/admin.listings.tsx:285,Link,新增物業／放盤,,"""/admin/listings/new""",staff; exact grants require handler review,runtime role/state not reconciled,navigation; destination may have side effects,,,C-8adf8709cd,unique_rendered_control_candidate,S-8adf8709cd,no,yes,BLOCKED,src/routes/admin.listings.tsx:285,BLOCKED_EXTERNAL,no current rendered action execution,,not exercised in rendered session,,source-declared control; full handler chain not individually verified,not executed on current branch,not observed,"isolated role sessions, DB and synthetic browser; provider readback where applicable",NOT_TESTED,,
S-031284ec83,SOURCE_CONTROL_OCCURRENCE,/admin/listings,src/routes/admin.listings.tsx:291,Button,重新載入,onClick={() => setRetry((v) => v + 1)},,staff; exact grants require handler review,runtime role/state not reconciled,UNCLASSIFIED; inspect before execution,,,C-031284ec83,unique_rendered_control_candidate,S-031284ec83,no,yes,BLOCKED,src/routes/admin.listings.tsx:291,BLOCKED_EXTERNAL,no current rendered action execution,,not exercised in rendered session,,source-declared control; full handler chain not individually verified,not executed on current branch,not observed,"isolated role sessions, DB and synthetic browser; provider readback where applicable",NOT_TESTED,,
S-d48c884291,SOURCE_CONTROL_OCCURRENCE,/admin/listings,src/routes/admin.listings.tsx:310,Button,下一步：預覽 WhatsApp 連結（全部符合篩選）,"onClick={() => {
                setLinkBusy(true);
                setError(null);
                void snapshotWhatsappLinkOffers({ ...search, page: 1, pageSize: 100 })
                  .then((snapshot) =>
                    openLinkWizard(
                      snapshot.offers,
                      `全部符合篩選 ${snapshot.totalProperties} 個物業；展開 ${snapshot.activeOffers} 筆租售`,
                    ),
                  )
                  .catch((cause) =>
                    setError(cause instanceof Error ? cause.message : ""未能擷取符合篩選的樓盤""),
                  )
                  .finally(() => setLinkBusy(false));
              }}",,staff; exact grants require handler review,{linkBusy || busy || bulkBusy || !data.total || data.total > 1000},UNCLASSIFIED; inspect before execution,,,C-d48c884291,unique_rendered_control_candidate,S-d48c884291,no,yes,BLOCKED,src/routes/admin.listings.tsx:310,BLOCKED_EXTERNAL,no current rendered action execution,,not exercised in rendered session,,source-declared control; full handler chain not individually verified,not executed on current branch,not observed,"isolated role sessions, DB and synthetic browser; provider readback where applicable",NOT_TESTED,,
S-0c1c96ba50,SOURCE_CONTROL_OCCURRENCE,/admin/listings,src/routes/admin.listings.tsx:334,AdminPropertyBulkActions,dynamic/no static accessible name,"onBusy={setBulkBusy} | onClear={() => setSelected(new Set())} | onReload={() => setRetry((v) => v + 1)} | onWhatsappLinks={(rows) =>
              openLinkWizard(linkOffersFromGroups(rows), `本頁已選 ${rows.length} 個物業`)
            } | onSettled={(results) => {
              setSelected(
                (current) =>
                  new Set(
                    [...current].filter((no) => !results.some((r) => r.propertyNo === no && r.ok)),
                  ),
              );
              setRetry((v) => v + 1);
            }}",,staff; exact grants require handler review,{busy || bulkBusy},UNCLASSIFIED; inspect before execution,,,C-0c1c96ba50,unique_rendered_control_candidate,S-0c1c96ba50,no,yes,BLOCKED,src/routes/admin.listings.tsx:334,BLOCKED_EXTERNAL,no current rendered action execution,,not exercised in rendered session,,source-declared control; full handler chain not individually verified,not executed on current branch,not observed,"isolated role sessions, DB and synthetic browser; provider readback where applicable",NOT_TESTED,,
S-c072943f97,SOURCE_CONTROL_OCCURRENCE,/admin/listings,src/routes/admin.listings.tsx:355,AdminPropertyTable,dynamic/no static accessible name,"onToggle={(no) =>
              setSelected((current) => {
                const next = new Set(current);
                if (next.has(no)) next.delete(no);
                else next.add(no);
                return next;
              })
            } | onToggleAll={() =>
              setSelected((current) => {
                const eligible = data.rows.filter(canSelectProperty).map((row) => row.propertyNo);
                return eligible.every((no) => current.has(no)) ? new Set() : new Set(eligible);
              })
            }",,staff; exact grants require handler review,{busy || bulkBusy},UNCLASSIFIED; inspect before execution,,,C-c072943f97,unique_rendered_control_candidate,S-c072943f97,no,yes,BLOCKED,src/routes/admin.listings.tsx:355,BLOCKED_EXTERNAL,no current rendered action execution,,not exercised in rendered session,,source-declared control; full handler chain not individually verified,not executed on current branch,not observed,"isolated role sessions, DB and synthetic browser; provider readback where applicable",NOT_TESTED,,
S-3b4d06ca55,SOURCE_CONTROL_OCCURRENCE,/admin/listings,src/routes/admin.listings.tsx:378,Button,上一頁,"onClick={() => void navigate({ search: { ...search, page: data.page - 1 } })}",,staff; exact grants require handler review,{data.page <= 1 || busy || bulkBusy},UNCLASSIFIED; inspect before execution,,,C-3b4d06ca55,unique_rendered_control_candidate,S-3b4d06ca55,no,yes,BLOCKED,src/routes/admin.listings.tsx:378,BLOCKED_EXTERNAL,no current rendered action execution,,not exercised in rendered session,,source-declared control; full handler chain not individually verified,not executed on current branch,not observed,"isolated role sessions, DB and synthetic browser; provider readback where applicable",NOT_TESTED,,
S-7d494e0919,SOURCE_CONTROL_OCCURRENCE,/admin/listings,src/routes/admin.listings.tsx:388,Button,下一頁,"onClick={() => void navigate({ search: { ...search, page: data.page + 1 } })}",,staff; exact grants require handler review,{data.page * data.pageSize >= data.total || busy || bulkBusy},UNCLASSIFIED; inspect before execution,,,C-7d494e0919,unique_rendered_control_candidate,S-7d494e0919,no,yes,BLOCKED,src/routes/admin.listings.tsx:388,BLOCKED_EXTERNAL,no current rendered action execution,,not exercised in rendered session,,source-declared control; full handler chain not individually verified,not executed on current branch,not observed,"isolated role sessions, DB and synthetic browser; provider readback where applicable",NOT_TESTED,,
S-9c584d131c,SOURCE_CONTROL_OCCURRENCE,/admin/listings_/$id,src/routes/admin.listings_.$id.tsx:53,Link,物業管理,,"""/admin/listings""",staff; exact grants require handler review,runtime role/state not reconciled,navigation; destination may have side effects,,,C-9c584d131c,unique_rendered_control_candidate,S-9c584d131c,no,yes,BLOCKED,src/routes/admin.listings_.$id.tsx:53,BLOCKED_EXTERNAL,no current rendered action execution,,not exercised in rendered session,,source-declared control; full handler chain not individually verified,not executed on current branch,not observed,"isolated role sessions, DB and synthetic browser; provider readback where applicable",NOT_TESTED,,
S-77b8747abd,SOURCE_CONTROL_OCCURRENCE,/admin/listings_/$id,src/routes/admin.listings_.$id.tsx:58,Button,dynamic/no static accessible name,,,staff; exact grants require handler review,runtime role/state not reconciled,local input/semantic wrapper,,,C-77b8747abd,unique_rendered_control_candidate,S-77b8747abd,no,yes,BLOCKED,src/routes/admin.listings_.$id.tsx:58,BLOCKED_EXTERNAL,no current rendered action execution,,not exercised in rendered session,,source-declared control; full handler chain not individually verified,not executed on current branch,not observed,"isolated role sessions, DB and synthetic browser; provider readback where applicable",NOT_TESTED,,
S-90adef6cb7,SOURCE_CONTROL_OCCURRENCE,/admin/listings_/$id,src/routes/admin.listings_.$id.tsx:59,Link,返回物業列表,,"""/admin/listings""",staff; exact grants require handler review,runtime role/state not reconciled,navigation; destination may have side effects,,,C-90adef6cb7,unique_rendered_control_candidate,S-90adef6cb7,no,yes,BLOCKED,src/routes/admin.listings_.$id.tsx:59,BLOCKED_EXTERNAL,no current rendered action execution,,not exercised in rendered session,,source-declared control; full handler chain not individually verified,not executed on current branch,not observed,"isolated role sessions, DB and synthetic browser; provider readback where applicable",NOT_TESTED,,
S-b16c9f90e8,SOURCE_CONTROL_OCCURRENCE,/admin/listings_/$id,src/routes/admin.listings_.$id.tsx:65,Button,重新載入,onClick={() => setRetry((v) => v + 1)},,staff; exact grants require handler review,runtime role/state not reconciled,UNCLASSIFIED; inspect before execution,,,C-b16c9f90e8,unique_rendered_control_candidate,S-b16c9f90e8,no,yes,BLOCKED,src/routes/admin.listings_.$id.tsx:65,BLOCKED_EXTERNAL,no current rendered action execution,,not exercised in rendered session,,source-declared control; full handler chain not individually verified,not executed on current branch,not observed,"isolated role sessions, DB and synthetic browser; provider readback where applicable",NOT_TESTED,,
S-4e5dd4ceae,SOURCE_CONTROL_OCCURRENCE,/admin/listings_/new,src/routes/admin.listings_.new.tsx:24,Link,後台,,"""/admin""",staff; exact grants require handler review,runtime role/state not reconciled,navigation; destination may have side effects,,,C-4e5dd4ceae,unique_rendered_control_candidate,S-4e5dd4ceae,no,yes,BLOCKED,src/routes/admin.listings_.new.tsx:24,BLOCKED_EXTERNAL,no current rendered action execution,,not exercised in rendered session,,source-declared control; full handler chain not individually verified,not executed on current branch,not observed,"isolated role sessions, DB and synthetic browser; provider readback where applicable",NOT_TESTED,,
S-f081799f5d,SOURCE_CONTROL_OCCURRENCE,/admin/listings_/new,src/routes/admin.listings_.new.tsx:28,Link,放盤,,"""/admin/listings""",staff; exact grants require handler review,runtime role/state not reconciled,navigation; destination may have side effects,,,C-f081799f5d,unique_rendered_control_candidate,S-f081799f5d,no,yes,BLOCKED,src/routes/admin.listings_.new.tsx:28,BLOCKED_EXTERNAL,no current rendered action execution,,not exercised in rendered session,,source-declared control; full handler chain not individually verified,not executed on current branch,not observed,"isolated role sessions, DB and synthetic browser; provider readback where applicable",NOT_TESTED,,
S-531dd8c542,SOURCE_CONTROL_OCCURRENCE,/admin/listings_/new,src/routes/admin.listings_.new.tsx:36,Button,dynamic/no static accessible name,,,staff; exact grants require handler review,runtime role/state not reconciled,local input/semantic wrapper,,,C-531dd8c542,unique_rendered_control_candidate,S-531dd8c542,no,yes,BLOCKED,src/routes/admin.listings_.new.tsx:36,BLOCKED_EXTERNAL,no current rendered action execution,,not exercised in rendered session,,source-declared control; full handler chain not individually verified,not executed on current branch,not observed,"isolated role sessions, DB and synthetic browser; provider readback where applicable",NOT_TESTED,,
S-b968357803,SOURCE_CONTROL_OCCURRENCE,/admin/listings_/new,src/routes/admin.listings_.new.tsx:37,Link,返回,,"""/admin/listings""",staff; exact grants require handler review,runtime role/state not reconciled,navigation; destination may have side effects,,,C-b968357803,unique_rendered_control_candidate,S-b968357803,no,yes,BLOCKED,src/routes/admin.listings_.new.tsx:37,BLOCKED_EXTERNAL,no current rendered action execution,,not exercised in rendered session,,source-declared control; full handler chain not individually verified,not executed on current branch,not observed,"isolated role sessions, DB and synthetic browser; provider readback where applicable",NOT_TESTED,,
S-729a70fd27,SOURCE_CONTROL_OCCURRENCE,/admin/listings_/new,src/routes/admin.listings_.new.tsx:42,PropertyForm,dynamic/no static accessible name,"onSaved={() => navigate({ to: ""/admin/listings"" })}",,staff; exact grants require handler review,runtime role/state not reconciled,UNCLASSIFIED; inspect before execution,,,C-729a70fd27,unique_rendered_control_candidate,S-729a70fd27,no,yes,BLOCKED,src/routes/admin.listings_.new.tsx:42,BLOCKED_EXTERNAL,no current rendered action execution,,not exercised in rendered session,,source-declared control; full handler chain not individually verified,not executed on current branch,not observed,"isolated role sessions, DB and synthetic browser; provider readback where applicable",NOT_TESTED,,
S-53a52b4b5b,SOURCE_CONTROL_OCCURRENCE,/admin/operations,src/routes/admin.operations.tsx:211,Button,"""重新檢查控制平面狀態""",onClick={refreshNow},,staff; exact grants require handler review,runtime role/state not reconciled,UNCLASSIFIED; inspect before execution,,,C-53a52b4b5b,unique_rendered_control_candidate,S-53a52b4b5b,no,yes,BLOCKED,src/routes/admin.operations.tsx:211,BLOCKED_EXTERNAL,no current rendered action execution,,not exercised in rendered session,,source-declared control; full handler chain not individually verified,not executed on current branch,not observed,"isolated role sessions, DB and synthetic browser; provider readback where applicable",NOT_TESTED,,
S-1a2309a8b3,SOURCE_CONTROL_OCCURRENCE,/admin/operations,src/routes/admin.operations.tsx:233,Tabs.Root,"{} {ALL_OPERATION_TABS.map((tab) => ( <Tabs.Content key={tab} value={tab} className=""pt-4""> {tab === ""overview"" ? ( <AdminOperationsOverview health={h",onValueChange={handleTabChange},,staff; exact grants require handler review,runtime role/state not reconciled,UNCLASSIFIED; inspect before execution,,,C-1a2309a8b3,container_wrapper_candidate,S-1a2309a8b3,no,yes,BLOCKED,src/routes/admin.operations.tsx:233,BLOCKED_EXTERNAL,no current rendered action execution,,not exercised in rendered session,,source-declared control; full handler chain not individually verified,not executed on current branch,not observed,"isolated role sessions, DB and synthetic browser; provider readback where applicable",NOT_TESTED,,
S-927684d0fd,SOURCE_CONTROL_OCCURRENCE,/admin/operations,src/routes/admin.operations.tsx:260,AdminOperationsOverview,dynamic/no static accessible name,"onRefresh={refreshNow} | onOpenJobs={() => handleTabChange(""jobs"")}",,staff; exact grants require handler review,runtime role/state not reconciled,UNCLASSIFIED; inspect before execution,,,C-927684d0fd,unique_rendered_control_candidate,S-927684d0fd,no,yes,BLOCKED,src/routes/admin.operations.tsx:260,BLOCKED_EXTERNAL,no current rendered action execution,,not exercised in rendered session,,source-declared control; full handler chain not individually verified,not executed on current branch,not observed,"isolated role sessions, DB and synthetic browser; provider readback where applicable",NOT_TESTED,,
S-7778cbd081,SOURCE_CONTROL_OCCURRENCE,/admin/operations,src/routes/admin.operations.tsx:270,AdminOperationsJobs,dynamic/no static accessible name,onMutationComplete={handleMutationComplete},,staff; exact grants require handler review,runtime role/state not reconciled,UNCLASSIFIED; inspect before execution,,,C-7778cbd081,unique_rendered_control_candidate,S-7778cbd081,no,yes,BLOCKED,src/routes/admin.operations.tsx:270,BLOCKED_EXTERNAL,no current rendered action execution,,not exercised in rendered session,,source-declared control; full handler chain not individually verified,not executed on current branch,not observed,"isolated role sessions, DB and synthetic browser; provider readback where applicable",NOT_TESTED,,
S-26e1c38c64,SOURCE_CONTROL_OCCURRENCE,/admin/operations,src/routes/admin.operations.tsx:281,AdminOperationsMigrations,dynamic/no static accessible name,onApplied={handleMigrationApplied},,staff; exact grants require handler review,runtime role/state not reconciled,UNCLASSIFIED; inspect before execution,,,C-26e1c38c64,unique_rendered_control_candidate,S-26e1c38c64,no,yes,BLOCKED,src/routes/admin.operations.tsx:281,BLOCKED_EXTERNAL,no current rendered action execution,,not exercised in rendered session,,source-declared control; full handler chain not individually verified,not executed on current branch,not observed,"isolated role sessions, DB and synthetic browser; provider readback where applicable",NOT_TESTED,,
S-ce28d2b813,SOURCE_CONTROL_OCCURRENCE,/admin/segments,src/routes/admin.segments.tsx:354,Select,dynamic/no static accessible name,onValueChange={selectSegment},,staff; exact grants require handler review,runtime role/state not reconciled,UNCLASSIFIED; inspect before execution,,,C-ce28d2b813,unique_rendered_control_candidate,S-ce28d2b813,no,yes,BLOCKED,src/routes/admin.segments.tsx:354,BLOCKED_EXTERNAL,no current rendered action execution,,not exercised in rendered session,,source-declared control; full handler chain not individually verified,not executed on current branch,not observed,"isolated role sessions, DB and synthetic browser; provider readback where applicable",NOT_TESTED,,
S-574ed66bc9,SOURCE_CONTROL_OCCURRENCE,/admin/segments,src/routes/admin.segments.tsx:367,Button,重新整理,onClick={() => void refreshSegments()},,staff; exact grants require handler review,{loading},UNCLASSIFIED; inspect before execution,,,C-574ed66bc9,unique_rendered_control_candidate,S-574ed66bc9,no,yes,BLOCKED,src/routes/admin.segments.tsx:367,BLOCKED_EXTERNAL,no current rendered action execution,,not exercised in rendered session,,source-declared control; full handler chain not individually verified,not executed on current branch,not observed,"isolated role sessions, DB and synthetic browser; provider readback where applicable",NOT_TESTED,,
S-f7dd014684,SOURCE_CONTROL_OCCURRENCE,/admin/segments,src/routes/admin.segments.tsx:381,Button,預覽,onClick={runPreview},,staff; exact grants require handler review,{previewLoading},UNCLASSIFIED; inspect before execution,,,C-f7dd014684,unique_rendered_control_candidate,S-f7dd014684,no,yes,BLOCKED,src/routes/admin.segments.tsx:381,BLOCKED_EXTERNAL,no current rendered action execution,,not exercised in rendered session,,source-declared control; full handler chain not individually verified,not executed on current branch,not observed,"isolated role sessions, DB and synthetic browser; provider readback where applicable",NOT_TESTED,,
S-6cb415915d,SOURCE_CONTROL_OCCURRENCE,/admin/segments,src/routes/admin.segments.tsx:385,Button,儲存,onClick={saveSegment},,staff; exact grants require handler review,{!canSaveSegment || saving},UNCLASSIFIED; inspect before execution,,,C-6cb415915d,unique_rendered_control_candidate,S-6cb415915d,no,yes,BLOCKED,src/routes/admin.segments.tsx:385,BLOCKED_EXTERNAL,no current rendered action execution,,not exercised in rendered session,,source-declared control; full handler chain not individually verified,not executed on current branch,not observed,"isolated role sessions, DB and synthetic browser; provider readback where applicable",NOT_TESTED,,
S-b29dcb30cb,SOURCE_CONTROL_OCCURRENCE,/admin/segments,src/routes/admin.segments.tsx:389,Button,建立名單…,onClick={() => setMaterializeOpen(true)},,staff; exact grants require handler review,{!canMaterializeSegment || materializing},UNCLASSIFIED; inspect before execution,,,C-b29dcb30cb,unique_rendered_control_candidate,S-b29dcb30cb,no,yes,BLOCKED,src/routes/admin.segments.tsx:389,BLOCKED_EXTERNAL,no current rendered action execution,,not exercised in rendered session,,source-declared control; full handler chain not individually verified,not executed on current branch,not observed,"isolated role sessions, DB and synthetic browser; provider readback where applicable",NOT_TESTED,,
S-85d04c846a,SOURCE_CONTROL_OCCURRENCE,/admin/segments,src/routes/admin.segments.tsx:416,Input,"""分群名稱""",onChange={(event) => setName(event.target.value)},,staff; exact grants require handler review,runtime role/state not reconciled,UNCLASSIFIED; inspect before execution,,,C-85d04c846a,unique_rendered_control_candidate,S-85d04c846a,no,yes,BLOCKED,src/routes/admin.segments.tsx:416,BLOCKED_EXTERNAL,no current rendered action execution,,not exercised in rendered session,,source-declared control; full handler chain not individually verified,not executed on current branch,not observed,"isolated role sessions, DB and synthetic browser; provider readback where applicable",NOT_TESTED,,
S-c9b28c1a74,SOURCE_CONTROL_OCCURRENCE,/admin/segments,src/routes/admin.segments.tsx:425,Select,dynamic/no static accessible name,"onValueChange={(value) => setStatus(value as AdminCrmSegmentRow[""status""])}",,staff; exact grants require handler review,runtime role/state not reconciled,UNCLASSIFIED; inspect before execution,,,C-c9b28c1a74,unique_rendered_control_candidate,S-c9b28c1a74,no,yes,BLOCKED,src/routes/admin.segments.tsx:425,BLOCKED_EXTERNAL,no current rendered action execution,,not exercised in rendered session,,source-declared control; full handler chain not individually verified,not executed on current branch,not observed,"isolated role sessions, DB and synthetic browser; provider readback where applicable",NOT_TESTED,,
S-9babf6c8af,SOURCE_CONTROL_OCCURRENCE,/admin/segments,src/routes/admin.segments.tsx:443,Textarea,"""客戶條件描述""","onChange={(event) => {
                  setPrompt(event.target.value);
                  clearPreviewState();
                }}",,staff; exact grants require handler review,runtime role/state not reconciled,UNCLASSIFIED; inspect before execution,,,C-9babf6c8af,unique_rendered_control_candidate,S-9babf6c8af,no,yes,BLOCKED,src/routes/admin.segments.tsx:443,BLOCKED_EXTERNAL,no current rendered action execution,,not exercised in rendered session,,source-declared control; full handler chain not individually verified,not executed on current branch,not observed,"isolated role sessions, DB and synthetic browser; provider readback where applicable",NOT_TESTED,,
S-fdbf1356f6,SOURCE_CONTROL_OCCURRENCE,/admin/segments,src/routes/admin.segments.tsx:510,Button,預覽名單,onClick={() => void runPreview()},,staff; exact grants require handler review,{previewLoading || !prompt.trim()},UNCLASSIFIED; inspect before execution,,,C-fdbf1356f6,unique_rendered_control_candidate,S-fdbf1356f6,no,yes,BLOCKED,src/routes/admin.segments.tsx:510,BLOCKED_EXTERNAL,no current rendered action execution,,not exercised in rendered session,,source-declared control; full handler chain not individually verified,not executed on current branch,not observed,"isolated role sessions, DB and synthetic browser; provider readback where applicable",NOT_TESTED,,
S-a1ee6c7103,SOURCE_CONTROL_OCCURRENCE,/admin/segments,src/routes/admin.segments.tsx:540,button,dynamic/no static accessible name,onClick={() => selectSegment(segment.id)},,staff; exact grants require handler review,runtime role/state not reconciled,UNCLASSIFIED; inspect before execution,,,C-a1ee6c7103,unique_rendered_control_candidate,S-a1ee6c7103,no,yes,BLOCKED,src/routes/admin.segments.tsx:540,BLOCKED_EXTERNAL,no current rendered action execution,,not exercised in rendered session,,source-declared control; full handler chain not individually verified,not executed on current branch,not observed,"isolated role sessions, DB and synthetic browser; provider readback where applicable",NOT_TESTED,,
S-5fe3c7b74e,SOURCE_CONTROL_OCCURRENCE,/admin/segments,src/routes/admin.segments.tsx:558,Button,"{creatingAudienceSegmentId === segment.id ? ""同步中…"" : segment.has_audience ? ""更新收件群組"" : ""建立收件群組""}","onClick={() =>
                      void createAudienceFromSegment(segment.id, segment.name, segment.has_audience)
                    }",,staff; exact grants require handler review,{creatingAudienceSegmentId === segment.id},UNCLASSIFIED; inspect before execution,,,C-5fe3c7b74e,unique_rendered_control_candidate,S-5fe3c7b74e,no,yes,BLOCKED,src/routes/admin.segments.tsx:558,BLOCKED_EXTERNAL,no current rendered action execution,,not exercised in rendered session,,source-declared control; full handler chain not individually verified,not executed on current branch,not observed,"isolated role sessions, DB and synthetic browser; provider readback where applicable",NOT_TESTED,,
S-db8391aebd,SOURCE_CONTROL_OCCURRENCE,/admin/segments,src/routes/admin.segments.tsx:591,AdminConfirmDialog,dynamic/no static accessible name,"onOpenChange={(open) => {
          if (!materializing) setMaterializeOpen(open);
        }} | onConfirm={() => void materializeSegment()}",,staff; exact grants require handler review,runtime role/state not reconciled,UNCLASSIFIED; inspect before execution,,,C-db8391aebd,unique_rendered_control_candidate,S-db8391aebd,no,yes,BLOCKED,src/routes/admin.segments.tsx:591,BLOCKED_EXTERNAL,no current rendered action execution,,not exercised in rendered session,,source-declared control; full handler chain not individually verified,not executed on current branch,not observed,"isolated role sessions, DB and synthetic browser; provider readback where applicable",NOT_TESTED,,
S-73247e15ad,SOURCE_CONTROL_OCCURRENCE,/admin/segments,src/routes/admin.segments.tsx:625,AdminConfirmDialog,dynamic/no static accessible name,"onOpenChange={(open) => {
          if (!open) setPendingSwitchId(null);
        }} | onConfirm={() => {
          const next = pendingSwitchId;
          setPendingSwitchId(null);
          if (next !== null) applySegmentSelection(next);
        }}",,staff; exact grants require handler review,runtime role/state not reconciled,UNCLASSIFIED; inspect before execution,,,C-73247e15ad,unique_rendered_control_candidate,S-73247e15ad,no,yes,BLOCKED,src/routes/admin.segments.tsx:625,BLOCKED_EXTERNAL,no current rendered action execution,,not exercised in rendered session,,source-declared control; full handler chain not individually verified,not executed on current branch,not observed,"isolated role sessions, DB and synthetic browser; provider readback where applicable",NOT_TESTED,,
S-aeb55a63ff,SOURCE_CONTROL_OCCURRENCE,/admin/team,src/routes/admin.team.tsx:459,Dialog,dynamic/no static accessible name,"onOpenChange={(open) => {
              setInviteOpen(open);
              if (!open) setConfirmError(null);
            }}",,staff; exact grants require handler review,runtime role/state not reconciled,UNCLASSIFIED; inspect before execution,,,C-aeb55a63ff,container_wrapper_candidate,S-aeb55a63ff,no,yes,BLOCKED,src/routes/admin.team.tsx:459,BLOCKED_EXTERNAL,no current rendered action execution,,not exercised in rendered session,,source-declared control; full handler chain not individually verified,not executed on current branch,not observed,"isolated role sessions, DB and synthetic browser; provider readback where applicable",NOT_TESTED,,
S-fd71bcd03f,SOURCE_CONTROL_OCCURRENCE,/admin/team,src/routes/admin.team.tsx:466,DialogTrigger,dynamic/no static accessible name,,,staff; exact grants require handler review,runtime role/state not reconciled,local input/semantic wrapper,,,C-fd71bcd03f,unique_rendered_control_candidate,S-fd71bcd03f,no,yes,BLOCKED,src/routes/admin.team.tsx:466,BLOCKED_EXTERNAL,no current rendered action execution,,not exercised in rendered session,,source-declared control; full handler chain not individually verified,not executed on current branch,not observed,"isolated role sessions, DB and synthetic browser; provider readback where applicable",NOT_TESTED,,
S-ff147fdf8d,SOURCE_CONTROL_OCCURRENCE,/admin/team,src/routes/admin.team.tsx:467,Button,邀請成員,,,staff; exact grants require handler review,runtime role/state not reconciled,local input/semantic wrapper,,,C-ff147fdf8d,unique_rendered_control_candidate,S-ff147fdf8d,no,yes,BLOCKED,src/routes/admin.team.tsx:467,BLOCKED_EXTERNAL,no current rendered action execution,,not exercised in rendered session,,source-declared control; full handler chain not individually verified,not executed on current branch,not observed,"isolated role sessions, DB and synthetic browser; provider readback where applicable",NOT_TESTED,,
S-33a4fa56ff,SOURCE_CONTROL_OCCURRENCE,/admin/team,src/routes/admin.team.tsx:482,Input,dynamic/no static accessible name,onChange={(event) => setInviteName(event.target.value)},,staff; exact grants require handler review,runtime role/state not reconciled,UNCLASSIFIED; inspect before execution,,,C-33a4fa56ff,unique_rendered_control_candidate,S-33a4fa56ff,no,yes,BLOCKED,src/routes/admin.team.tsx:482,BLOCKED_EXTERNAL,no current rendered action execution,,not exercised in rendered session,,source-declared control; full handler chain not individually verified,not executed on current branch,not observed,"isolated role sessions, DB and synthetic browser; provider readback where applicable",NOT_TESTED,,
S-b11ff0677f,SOURCE_CONTROL_OCCURRENCE,/admin/team,src/routes/admin.team.tsx:490,Input,dynamic/no static accessible name,onChange={(event) => setInviteEmail(event.target.value)},,staff; exact grants require handler review,runtime role/state not reconciled,UNCLASSIFIED; inspect before execution,,,C-b11ff0677f,unique_rendered_control_candidate,S-b11ff0677f,no,yes,BLOCKED,src/routes/admin.team.tsx:490,BLOCKED_EXTERNAL,no current rendered action execution,,not exercised in rendered session,,source-declared control; full handler chain not individually verified,not executed on current branch,not observed,"isolated role sessions, DB and synthetic browser; provider readback where applicable",NOT_TESTED,,
S-5029476193,SOURCE_CONTROL_OCCURRENCE,/admin/team,src/routes/admin.team.tsx:502,Checkbox,dynamic/no static accessible name,onCheckedChange={() => toggleInviteRole(role)},,staff; exact grants require handler review,runtime role/state not reconciled,UNCLASSIFIED; inspect before execution,,,C-5029476193,unique_rendered_control_candidate,S-5029476193,no,yes,BLOCKED,src/routes/admin.team.tsx:502,BLOCKED_EXTERNAL,no current rendered action execution,,not exercised in rendered session,,source-declared control; full handler chain not individually verified,not executed on current branch,not observed,"isolated role sessions, DB and synthetic browser; provider readback where applicable",NOT_TESTED,,
S-7d25da457a,SOURCE_CONTROL_OCCURRENCE,/admin/team,src/routes/admin.team.tsx:518,Button,取消,onClick={() => setInviteOpen(false)},,staff; exact grants require handler review,runtime role/state not reconciled,UNCLASSIFIED; inspect before execution,,,C-7d25da457a,unique_rendered_control_candidate,S-7d25da457a,no,yes,BLOCKED,src/routes/admin.team.tsx:518,BLOCKED_EXTERNAL,no current rendered action execution,,not exercised in rendered session,,source-declared control; full handler chain not individually verified,not executed on current branch,not observed,"isolated role sessions, DB and synthetic browser; provider readback where applicable",NOT_TESTED,,
S-b45a8b5633,SOURCE_CONTROL_OCCURRENCE,/admin/team,src/routes/admin.team.tsx:521,Button,下一步,onClick={beginInviteConfirmation},,staff; exact grants require handler review,runtime role/state not reconciled,UNCLASSIFIED; inspect before execution,,,C-b45a8b5633,unique_rendered_control_candidate,S-b45a8b5633,no,yes,BLOCKED,src/routes/admin.team.tsx:521,BLOCKED_EXTERNAL,no current rendered action execution,,not exercised in rendered session,,source-declared control; full handler chain not individually verified,not executed on current branch,not observed,"isolated role sessions, DB and synthetic browser; provider readback where applicable",NOT_TESTED,,
S-19c7b4ae77,SOURCE_CONTROL_OCCURRENCE,/admin/team,src/routes/admin.team.tsx:534,Button,複製職員註冊連結,onClick={() => void copyRegistrationLink()},,staff; exact grants require handler review,runtime role/state not reconciled,UNCLASSIFIED; inspect before execution,,,C-19c7b4ae77,unique_rendered_control_candidate,S-19c7b4ae77,no,yes,BLOCKED,src/routes/admin.team.tsx:534,BLOCKED_EXTERNAL,no current rendered action execution,,not exercised in rendered session,,source-declared control; full handler chain not individually verified,not executed on current branch,not observed,"isolated role sessions, DB and synthetic browser; provider readback where applicable",NOT_TESTED,,
S-63f42969d2,SOURCE_CONTROL_OCCURRENCE,/admin/team,src/routes/admin.team.tsx:545,Input,dynamic/no static accessible name,onFocus={(event) => event.target.select()},,staff; exact grants require handler review,runtime role/state not reconciled,UNCLASSIFIED; inspect before execution,,,C-63f42969d2,unique_rendered_control_candidate,S-63f42969d2,no,yes,BLOCKED,src/routes/admin.team.tsx:545,BLOCKED_EXTERNAL,no current rendered action execution,,not exercised in rendered session,,source-declared control; full handler chain not individually verified,not executed on current branch,not observed,"isolated role sessions, DB and synthetic browser; provider readback where applicable",NOT_TESTED,,
S-55bb8ad2b3,SOURCE_CONTROL_OCCURRENCE,/admin/team,src/routes/admin.team.tsx:550,AdminTeamFilters,dynamic/no static accessible name,"onChange={(change) => replaceSearch({ ...search, ...change, cursor: undefined })} | onClear={() => replaceSearch({})} | onQueryDraftChange={setQueryDraft}",,staff; exact grants require handler review,runtime role/state not reconciled,UNCLASSIFIED; inspect before execution,,,C-55bb8ad2b3,unique_rendered_control_candidate,S-55bb8ad2b3,no,yes,BLOCKED,src/routes/admin.team.tsx:550,BLOCKED_EXTERNAL,no current rendered action execution,,not exercised in rendered session,,source-declared control; full handler chain not individually verified,not executed on current branch,not observed,"isolated role sessions, DB and synthetic browser; provider readback where applicable",NOT_TESTED,,
S-b0962f8775,SOURCE_CONTROL_OCCURRENCE,/admin/team,src/routes/admin.team.tsx:581,Button,重試,onClick={() => void loadTeam()},,staff; exact grants require handler review,runtime role/state not reconciled,UNCLASSIFIED; inspect before execution,,,C-b0962f8775,unique_rendered_control_candidate,S-b0962f8775,no,yes,BLOCKED,src/routes/admin.team.tsx:581,BLOCKED_EXTERNAL,no current rendered action execution,,not exercised in rendered session,,source-declared control; full handler chain not individually verified,not executed on current branch,not observed,"isolated role sessions, DB and synthetic browser; provider readback where applicable",NOT_TESTED,,
S-def4a5c174,SOURCE_CONTROL_OCCURRENCE,/admin/team,src/routes/admin.team.tsx:594,AdminTeamTable,dynamic/no static accessible name,onSelect={selectMember},,staff; exact grants require handler review,runtime role/state not reconciled,UNCLASSIFIED; inspect before execution,,,C-def4a5c174,unique_rendered_control_candidate,S-def4a5c174,no,yes,BLOCKED,src/routes/admin.team.tsx:594,BLOCKED_EXTERNAL,no current rendered action execution,,not exercised in rendered session,,source-declared control; full handler chain not individually verified,not executed on current branch,not observed,"isolated role sessions, DB and synthetic browser; provider readback where applicable",NOT_TESTED,,
S-4c789fd775,SOURCE_CONTROL_OCCURRENCE,/admin/team,src/routes/admin.team.tsx:601,AdminTeamMemberCard,dynamic/no static accessible name,onSelect={selectMember},,staff; exact grants require handler review,runtime role/state not reconciled,UNCLASSIFIED; inspect before execution,,,C-4c789fd775,unique_rendered_control_candidate,S-4c789fd775,no,yes,BLOCKED,src/routes/admin.team.tsx:601,BLOCKED_EXTERNAL,no current rendered action execution,,not exercised in rendered session,,source-declared control; full handler chain not individually verified,not executed on current branch,not observed,"isolated role sessions, DB and synthetic browser; provider readback where applicable",NOT_TESTED,,
S-3b1adffe6e,SOURCE_CONTROL_OCCURRENCE,/admin/team,src/routes/admin.team.tsx:612,Button,載入更多成員,"onClick={() =>
                    replaceSearch({ ...search, cursor: directory.nextCursor ?? undefined })
                  }",,staff; exact grants require handler review,{loading},UNCLASSIFIED; inspect before execution,,,C-3b1adffe6e,unique_rendered_control_candidate,S-3b1adffe6e,no,yes,BLOCKED,src/routes/admin.team.tsx:612,BLOCKED_EXTERNAL,no current rendered action execution,,not exercised in rendered session,,source-declared control; full handler chain not individually verified,not executed on current branch,not observed,"isolated role sessions, DB and synthetic browser; provider readback where applicable",NOT_TESTED,,
S-576c7e9564,SOURCE_CONTROL_OCCURRENCE,/admin/team,src/routes/admin.team.tsx:632,AdminDetailPanel,"{detailLoading && !detail ? ( <Skeleton className=""h-72 w-full"" /> ) : detail ? ( <AdminTeamDetailPanel canManage={canManage} currentUserEmail={user?.","onOpenChange={(open) => {
          if (!open) closeDetail();
        }}",,staff; exact grants require handler review,runtime role/state not reconciled,UNCLASSIFIED; inspect before execution,,,C-576c7e9564,unique_rendered_control_candidate,S-576c7e9564,no,yes,BLOCKED,src/routes/admin.team.tsx:632,BLOCKED_EXTERNAL,no current rendered action execution,,not exercised in rendered session,,source-declared control; full handler chain not individually verified,not executed on current branch,not observed,"isolated role sessions, DB and synthetic browser; provider readback where applicable",NOT_TESTED,,
S-3d78ac6a3d,SOURCE_CONTROL_OCCURRENCE,/admin/team,src/routes/admin.team.tsx:643,AdminTeamDetailPanel,dynamic/no static accessible name,onAction={beginAction},,staff; exact grants require handler review,runtime role/state not reconciled,UNCLASSIFIED; inspect before execution,,,C-3d78ac6a3d,unique_rendered_control_candidate,S-3d78ac6a3d,no,yes,BLOCKED,src/routes/admin.team.tsx:643,BLOCKED_EXTERNAL,no current rendered action execution,,not exercised in rendered session,,source-declared control; full handler chain not individually verified,not executed on current branch,not observed,"isolated role sessions, DB and synthetic browser; provider readback where applicable",NOT_TESTED,,
S-61f0d74b57,SOURCE_CONTROL_OCCURRENCE,/admin/team,src/routes/admin.team.tsx:657,AdminTeamDialogs,dynamic/no static accessible name,onConfirm={() => void confirm()} | onOpenChange={closeConfirmation} | onTypedConfirmationChange={setConfirmText},,staff; exact grants require handler review,runtime role/state not reconciled,UNCLASSIFIED; inspect before execution,,,C-61f0d74b57,unique_rendered_control_candidate,S-61f0d74b57,no,yes,BLOCKED,src/routes/admin.team.tsx:657,BLOCKED_EXTERNAL,no current rendered action execution,,not exercised in rendered session,,source-declared control; full handler chain not individually verified,not executed on current branch,not observed,"isolated role sessions, DB and synthetic browser; provider readback where applicable",NOT_TESTED,,
S-8860dab0e9,SOURCE_CONTROL_OCCURRENCE,/admin/transactions,src/routes/admin.transactions.tsx:121,Input,"""搜尋成交""","onChange={(e) => setFilters((f) => ({ ...f, q: e.target.value }))}",,staff; exact grants require handler review,runtime role/state not reconciled,UNCLASSIFIED; inspect before execution,,,C-8860dab0e9,unique_rendered_control_candidate,S-8860dab0e9,no,yes,BLOCKED,src/routes/admin.transactions.tsx:121,BLOCKED_EXTERNAL,no current rendered action execution,,not exercised in rendered session,,source-declared control; full handler chain not individually verified,not executed on current branch,not observed,"isolated role sessions, DB and synthetic browser; provider readback where applicable",NOT_TESTED,,
S-d887fb3211,SOURCE_CONTROL_OCCURRENCE,/admin/transactions,src/routes/admin.transactions.tsx:128,Select,dynamic/no static accessible name,"onValueChange={(v) =>
                setFilters((f) => ({ ...f, deal_type: v as TransactionFilters[""deal_type""] }))
              }",,staff; exact grants require handler review,runtime role/state not reconciled,UNCLASSIFIED; inspect before execution,,,C-d887fb3211,unique_rendered_control_candidate,S-d887fb3211,no,yes,BLOCKED,src/routes/admin.transactions.tsx:128,BLOCKED_EXTERNAL,no current rendered action execution,,not exercised in rendered session,,source-declared control; full handler chain not individually verified,not executed on current branch,not observed,"isolated role sessions, DB and synthetic browser; provider readback where applicable",NOT_TESTED,,
S-cd90cf1828,SOURCE_CONTROL_OCCURRENCE,/admin/transactions,src/routes/admin.transactions.tsx:143,Select,dynamic/no static accessible name,"onValueChange={(v) => setFilters((f) => ({ ...f, estate_id: v }))}",,staff; exact grants require handler review,runtime role/state not reconciled,UNCLASSIFIED; inspect before execution,,,C-cd90cf1828,unique_rendered_control_candidate,S-cd90cf1828,no,yes,BLOCKED,src/routes/admin.transactions.tsx:143,BLOCKED_EXTERNAL,no current rendered action execution,,not exercised in rendered session,,source-declared control; full handler chain not individually verified,not executed on current branch,not observed,"isolated role sessions, DB and synthetic browser; provider readback where applicable",NOT_TESTED,,
S-7cfa9997c4,SOURCE_CONTROL_OCCURRENCE,/admin/transactions,src/routes/admin.transactions.tsx:159,Select,dynamic/no static accessible name,"onValueChange={(v) =>
                setFilters((f) => ({
                  ...f,
                  verification_state: v as TransactionFilters[""verification_state""],
                }))
              }",,staff; exact grants require handler review,runtime role/state not reconciled,UNCLASSIFIED; inspect before execution,,,C-7cfa9997c4,unique_rendered_control_candidate,S-7cfa9997c4,no,yes,BLOCKED,src/routes/admin.transactions.tsx:159,BLOCKED_EXTERNAL,no current rendered action execution,,not exercised in rendered session,,source-declared control; full handler chain not individually verified,not executed on current branch,not observed,"isolated role sessions, DB and synthetic browser; provider readback where applicable",NOT_TESTED,,
S-9732e5ad08,SOURCE_CONTROL_OCCURRENCE,/admin/transactions,src/routes/admin.transactions.tsx:179,Select,dynamic/no static accessible name,"onValueChange={(v) =>
                  setFilters((f) => ({
                    ...f,
                    attribution_status: v as TransactionFilters[""attribution_status""],
                  }))
                }",,staff; exact grants require handler review,runtime role/state not reconciled,UNCLASSIFIED; inspect before execution,,,C-9732e5ad08,unique_rendered_control_candidate,S-9732e5ad08,no,yes,BLOCKED,src/routes/admin.transactions.tsx:179,BLOCKED_EXTERNAL,no current rendered action execution,,not exercised in rendered session,,source-declared control; full handler chain not individually verified,not executed on current branch,not observed,"isolated role sessions, DB and synthetic browser; provider readback where applicable",NOT_TESTED,,
S-9f9eb3bf9f,SOURCE_CONTROL_OCCURRENCE,/admin/transactions,src/routes/admin.transactions.tsx:204,Button,dynamic/no static accessible name,,,staff; exact grants require handler review,runtime role/state not reconciled,local input/semantic wrapper,,,C-9f9eb3bf9f,unique_rendered_control_candidate,S-9f9eb3bf9f,no,yes,BLOCKED,src/routes/admin.transactions.tsx:204,BLOCKED_EXTERNAL,no current rendered action execution,,not exercised in rendered session,,source-declared control; full handler chain not individually verified,not executed on current branch,not observed,"isolated role sessions, DB and synthetic browser; provider readback where applicable",NOT_TESTED,,
S-2b8c54b0e9,SOURCE_CONTROL_OCCURRENCE,/admin/transactions,src/routes/admin.transactions.tsx:205,Link,新增成交,,"""/admin/transactions/new""",staff; exact grants require handler review,runtime role/state not reconciled,navigation; destination may have side effects,,,C-2b8c54b0e9,unique_rendered_control_candidate,S-2b8c54b0e9,no,yes,BLOCKED,src/routes/admin.transactions.tsx:205,BLOCKED_EXTERNAL,no current rendered action execution,,not exercised in rendered session,,source-declared control; full handler chain not individually verified,not executed on current branch,not observed,"isolated role sessions, DB and synthetic browser; provider readback where applicable",NOT_TESTED,,
S-71a8aea0fc,SOURCE_CONTROL_OCCURRENCE,/admin/transactions,src/routes/admin.transactions.tsx:220,Button,dynamic/no static accessible name,,,staff; exact grants require handler review,runtime role/state not reconciled,local input/semantic wrapper,,,C-71a8aea0fc,equivalent_repeated_row_candidate,S-9f9eb3bf9f,yes,yes,BLOCKED,src/routes/admin.transactions.tsx:220,BLOCKED_EXTERNAL,no current rendered action execution,,not exercised in rendered session,,source-declared control; full handler chain not individually verified,not executed on current branch,not observed,"isolated role sessions, DB and synthetic browser; provider readback where applicable",NOT_TESTED,,
S-651388b633,SOURCE_CONTROL_OCCURRENCE,/admin/transactions,src/routes/admin.transactions.tsx:221,Link,新增成交,,"""/admin/transactions/new""",staff; exact grants require handler review,runtime role/state not reconciled,navigation; destination may have side effects,,,C-651388b633,equivalent_repeated_row_candidate,S-2b8c54b0e9,yes,yes,BLOCKED,src/routes/admin.transactions.tsx:221,BLOCKED_EXTERNAL,no current rendered action execution,,not exercised in rendered session,,source-declared control; full handler chain not individually verified,not executed on current branch,not observed,"isolated role sessions, DB and synthetic browser; provider readback where applicable",NOT_TESTED,,
S-205f1708d0,SOURCE_CONTROL_OCCURRENCE,/admin/transactions,src/routes/admin.transactions.tsx:296,Button,dynamic/no static accessible name,,,staff; exact grants require handler review,runtime role/state not reconciled,local input/semantic wrapper,,,C-205f1708d0,equivalent_repeated_row_candidate,S-9f9eb3bf9f,yes,yes,BLOCKED,src/routes/admin.transactions.tsx:296,BLOCKED_EXTERNAL,no current rendered action execution,,not exercised in rendered session,,source-declared control; full handler chain not individually verified,not executed on current branch,not observed,"isolated role sessions, DB and synthetic browser; provider readback where applicable",NOT_TESTED,,
S-0e5b6feb43,SOURCE_CONTROL_OCCURRENCE,/admin/transactions,src/routes/admin.transactions.tsx:297,Link,編輯,,"""/admin/transactions/$id""",staff; exact grants require handler review,runtime role/state not reconciled,navigation; destination may have side effects,,,C-0e5b6feb43,unique_rendered_control_candidate,S-0e5b6feb43,no,yes,BLOCKED,src/routes/admin.transactions.tsx:297,BLOCKED_EXTERNAL,no current rendered action execution,,not exercised in rendered session,,source-declared control; full handler chain not individually verified,not executed on current branch,not observed,"isolated role sessions, DB and synthetic browser; provider readback where applicable",NOT_TESTED,,
S-e23c7cca7d,SOURCE_CONTROL_OCCURRENCE,/admin/transactions_/$id,src/routes/admin.transactions_.$id.tsx:75,Link,後台,,"""/admin""",staff; exact grants require handler review,runtime role/state not reconciled,navigation; destination may have side effects,,,C-e23c7cca7d,unique_rendered_control_candidate,S-e23c7cca7d,no,yes,BLOCKED,src/routes/admin.transactions_.$id.tsx:75,BLOCKED_EXTERNAL,no current rendered action execution,,not exercised in rendered session,,source-declared control; full handler chain not individually verified,not executed on current branch,not observed,"isolated role sessions, DB and synthetic browser; provider readback where applicable",NOT_TESTED,,
S-c0b7fec5d8,SOURCE_CONTROL_OCCURRENCE,/admin/transactions_/$id,src/routes/admin.transactions_.$id.tsx:79,Link,成交管理,,"""/admin/transactions""",staff; exact grants require handler review,runtime role/state not reconciled,navigation; destination may have side effects,,,C-c0b7fec5d8,unique_rendered_control_candidate,S-c0b7fec5d8,no,yes,BLOCKED,src/routes/admin.transactions_.$id.tsx:79,BLOCKED_EXTERNAL,no current rendered action execution,,not exercised in rendered session,,source-declared control; full handler chain not individually verified,not executed on current branch,not observed,"isolated role sessions, DB and synthetic browser; provider readback where applicable",NOT_TESTED,,
S-6b876f5771,SOURCE_CONTROL_OCCURRENCE,/admin/transactions_/$id,src/routes/admin.transactions_.$id.tsx:87,Button,dynamic/no static accessible name,,,staff; exact grants require handler review,runtime role/state not reconciled,local input/semantic wrapper,,,C-6b876f5771,unique_rendered_control_candidate,S-6b876f5771,no,yes,BLOCKED,src/routes/admin.transactions_.$id.tsx:87,BLOCKED_EXTERNAL,no current rendered action execution,,not exercised in rendered session,,source-declared control; full handler chain not individually verified,not executed on current branch,not observed,"isolated role sessions, DB and synthetic browser; provider readback where applicable",NOT_TESTED,,
S-a8800d9f85,SOURCE_CONTROL_OCCURRENCE,/admin/transactions_/$id,src/routes/admin.transactions_.$id.tsx:88,Link,返回,,"""/admin/transactions""",staff; exact grants require handler review,runtime role/state not reconciled,navigation; destination may have side effects,,,C-a8800d9f85,unique_rendered_control_candidate,S-a8800d9f85,no,yes,BLOCKED,src/routes/admin.transactions_.$id.tsx:88,BLOCKED_EXTERNAL,no current rendered action execution,,not exercised in rendered session,,source-declared control; full handler chain not individually verified,not executed on current branch,not observed,"isolated role sessions, DB and synthetic browser; provider readback where applicable",NOT_TESTED,,
S-9153fae97b,SOURCE_CONTROL_OCCURRENCE,/admin/transactions_/$id,src/routes/admin.transactions_.$id.tsx:97,Button,dynamic/no static accessible name,,,staff; exact grants require handler review,runtime role/state not reconciled,local input/semantic wrapper,,,C-9153fae97b,equivalent_repeated_row_candidate,S-6b876f5771,yes,yes,BLOCKED,src/routes/admin.transactions_.$id.tsx:97,BLOCKED_EXTERNAL,no current rendered action execution,,not exercised in rendered session,,source-declared control; full handler chain not individually verified,not executed on current branch,not observed,"isolated role sessions, DB and synthetic browser; provider readback where applicable",NOT_TESTED,,
S-5147df78c8,SOURCE_CONTROL_OCCURRENCE,/admin/transactions_/$id,src/routes/admin.transactions_.$id.tsx:98,Link,返回成交管理,,"""/admin/transactions""",staff; exact grants require handler review,runtime role/state not reconciled,navigation; destination may have side effects,,,C-5147df78c8,unique_rendered_control_candidate,S-5147df78c8,no,yes,BLOCKED,src/routes/admin.transactions_.$id.tsx:98,BLOCKED_EXTERNAL,no current rendered action execution,,not exercised in rendered session,,source-declared control; full handler chain not individually verified,not executed on current branch,not observed,"isolated role sessions, DB and synthetic browser; provider readback where applicable",NOT_TESTED,,
S-fed627abfe,SOURCE_CONTROL_OCCURRENCE,/admin/transactions_/$id,src/routes/admin.transactions_.$id.tsx:104,TransactionForm,dynamic/no static accessible name,"onSaved={() => {
                void fetchAdminTransaction({ data: { id } })
                  .then((data) => setTransaction(data as AdminTransactionRow | null))
                  .catch((error) =>
                    toast.error(error instanceof Error ? error.message : String(error)),
                  );
              }}",,staff; exact grants require handler review,runtime role/state not reconciled,UNCLASSIFIED; inspect before execution,,,C-fed627abfe,unique_rendered_control_candidate,S-fed627abfe,no,yes,BLOCKED,src/routes/admin.transactions_.$id.tsx:104,BLOCKED_EXTERNAL,no current rendered action execution,,not exercised in rendered session,,source-declared control; full handler chain not individually verified,not executed on current branch,not observed,"isolated role sessions, DB and synthetic browser; provider readback where applicable",NOT_TESTED,,
S-5cb5557f88,SOURCE_CONTROL_OCCURRENCE,/admin/transactions_/new,src/routes/admin.transactions_.new.tsx:26,Link,後台,,"""/admin""",staff; exact grants require handler review,runtime role/state not reconciled,navigation; destination may have side effects,,,C-5cb5557f88,unique_rendered_control_candidate,S-5cb5557f88,no,yes,BLOCKED,src/routes/admin.transactions_.new.tsx:26,BLOCKED_EXTERNAL,no current rendered action execution,,not exercised in rendered session,,source-declared control; full handler chain not individually verified,not executed on current branch,not observed,"isolated role sessions, DB and synthetic browser; provider readback where applicable",NOT_TESTED,,
S-5c95890bd2,SOURCE_CONTROL_OCCURRENCE,/admin/transactions_/new,src/routes/admin.transactions_.new.tsx:30,Link,成交管理,,"""/admin/transactions""",staff; exact grants require handler review,runtime role/state not reconciled,navigation; destination may have side effects,,,C-5c95890bd2,unique_rendered_control_candidate,S-5c95890bd2,no,yes,BLOCKED,src/routes/admin.transactions_.new.tsx:30,BLOCKED_EXTERNAL,no current rendered action execution,,not exercised in rendered session,,source-declared control; full handler chain not individually verified,not executed on current branch,not observed,"isolated role sessions, DB and synthetic browser; provider readback where applicable",NOT_TESTED,,
S-04950ae85b,SOURCE_CONTROL_OCCURRENCE,/admin/transactions_/new,src/routes/admin.transactions_.new.tsx:38,Button,dynamic/no static accessible name,,,staff; exact grants require handler review,runtime role/state not reconciled,local input/semantic wrapper,,,C-04950ae85b,unique_rendered_control_candidate,S-04950ae85b,no,yes,BLOCKED,src/routes/admin.transactions_.new.tsx:38,BLOCKED_EXTERNAL,no current rendered action execution,,not exercised in rendered session,,source-declared control; full handler chain not individually verified,not executed on current branch,not observed,"isolated role sessions, DB and synthetic browser; provider readback where applicable",NOT_TESTED,,
S-c4f8badc94,SOURCE_CONTROL_OCCURRENCE,/admin/transactions_/new,src/routes/admin.transactions_.new.tsx:39,Link,返回,,"""/admin/transactions""",staff; exact grants require handler review,runtime role/state not reconciled,navigation; destination may have side effects,,,C-c4f8badc94,unique_rendered_control_candidate,S-c4f8badc94,no,yes,BLOCKED,src/routes/admin.transactions_.new.tsx:39,BLOCKED_EXTERNAL,no current rendered action execution,,not exercised in rendered session,,source-declared control; full handler chain not individually verified,not executed on current branch,not observed,"isolated role sessions, DB and synthetic browser; provider readback where applicable",NOT_TESTED,,
S-8e7a11ab5e,SOURCE_CONTROL_OCCURRENCE,/admin/transactions_/new,src/routes/admin.transactions_.new.tsx:44,TransactionForm,dynamic/no static accessible name,"onSaved={(id) => navigate({ to: ""/admin/transactions/$id"", params: { id } })}",,staff; exact grants require handler review,runtime role/state not reconciled,UNCLASSIFIED; inspect before execution,,,C-8e7a11ab5e,unique_rendered_control_candidate,S-8e7a11ab5e,no,yes,BLOCKED,src/routes/admin.transactions_.new.tsx:44,BLOCKED_EXTERNAL,no current rendered action execution,,not exercised in rendered session,,source-declared control; full handler chain not individually verified,not executed on current branch,not observed,"isolated role sessions, DB and synthetic browser; provider readback where applicable",NOT_TESTED,,
S-2fdf5f8dba,SOURCE_CONTROL_OCCURRENCE,/admin/whatsapp-links,src/routes/admin.whatsapp-links.tsx:62,a,核對未指派代理與公開樓盤,,"""/admin/listings?status=active""",staff; exact grants require handler review,runtime role/state not reconciled,navigation; destination may have side effects,,,C-2fdf5f8dba,unique_rendered_control_candidate,S-2fdf5f8dba,no,yes,BLOCKED,src/routes/admin.whatsapp-links.tsx:62,BLOCKED_EXTERNAL,no current rendered action execution,,not exercised in rendered session,,source-declared control; full handler chain not individually verified,not executed on current branch,not observed,"isolated role sessions, DB and synthetic browser; provider readback where applicable",NOT_TESTED,,
S-2f632db162,SOURCE_CONTROL_OCCURRENCE,/admin/whatsapp-links,src/routes/admin.whatsapp-links.tsx:63,a,核對同事映射與試送狀態,,"""/admin/whatsapp-settings""",staff; exact grants require handler review,runtime role/state not reconciled,navigation; destination may have side effects,,,C-2f632db162,unique_rendered_control_candidate,S-2f632db162,no,yes,BLOCKED,src/routes/admin.whatsapp-links.tsx:63,BLOCKED_EXTERNAL,no current rendered action execution,,not exercised in rendered session,,source-declared control; full handler chain not individually verified,not executed on current branch,not observed,"isolated role sessions, DB and synthetic browser; provider readback where applicable",NOT_TESTED,,
S-eb706dfb86,SOURCE_CONTROL_OCCURRENCE,/admin/whatsapp-links,src/routes/admin.whatsapp-links.tsx:64,a,核對待核實物業內容,,"""/admin/listings""",staff; exact grants require handler review,runtime role/state not reconciled,navigation; destination may have side effects,,,C-eb706dfb86,unique_rendered_control_candidate,S-eb706dfb86,no,yes,BLOCKED,src/routes/admin.whatsapp-links.tsx:64,BLOCKED_EXTERNAL,no current rendered action execution,,not exercised in rendered session,,source-declared control; full handler chain not individually verified,not executed on current branch,not observed,"isolated role sessions, DB and synthetic browser; provider readback where applicable",NOT_TESTED,,
S-4b672d63c7,SOURCE_CONTROL_OCCURRENCE,/admin/whatsapp-links,src/routes/admin.whatsapp-links.tsx:77,WhatsappLinkWizard,dynamic/no static accessible name,"onSeedConsumed={() => {
                sessionStorage.removeItem(linkSeedKey);
                setSeed([]);
                setSeedScope("""");
              }} | onCreated={() => setRevision((value) => value + 1)}",,staff; exact grants require handler review,runtime role/state not reconciled,UNCLASSIFIED; inspect before execution,,,C-4b672d63c7,unique_rendered_control_candidate,S-4b672d63c7,no,yes,BLOCKED,src/routes/admin.whatsapp-links.tsx:77,BLOCKED_EXTERNAL,no current rendered action execution,,not exercised in rendered session,,source-declared control; full handler chain not individually verified,not executed on current branch,not observed,"isolated role sessions, DB and synthetic browser; provider readback where applicable",NOT_TESTED,,
S-44da9eb7b6,SOURCE_CONTROL_OCCURRENCE,/admin/whatsapp-settings,src/routes/admin.whatsapp-settings.tsx:52,a,返回連結草稿，重新預覽核對,,"{""/admin/whatsapp-links?draftId="" + search.draftId}",staff; exact grants require handler review,runtime role/state not reconciled,navigation; destination may have side effects,,,C-44da9eb7b6,unique_rendered_control_candidate,S-44da9eb7b6,no,yes,BLOCKED,src/routes/admin.whatsapp-settings.tsx:52,BLOCKED_EXTERNAL,no current rendered action execution,,not exercised in rendered session,,source-declared control; full handler chain not individually verified,not executed on current branch,not observed,"isolated role sessions, DB and synthetic browser; provider readback where applicable",NOT_TESTED,,
S-f82af41876,SOURCE_CONTROL_OCCURRENCE,/admin/whatsapp,src/routes/admin.whatsapp.tsx:795,StaffNotificationPanel,dynamic/no static accessible name,"onOpen={(item) => {
            openConversation(item.conversationId);
            setEnquirySelections((current) => ({
              ...current,
              [item.conversationId]: item.inquiryId,
            }));
            setWhatsappSearch({
              conversation: item.conversationId,
              enquiry: item.inquiryId,
              notification: item.id,
            });
          }}",,staff; exact grants require handler review,runtime role/state not reconciled,UNCLASSIFIED; inspect before execution,,,C-f82af41876,unique_rendered_control_candidate,S-f82af41876,no,yes,BLOCKED,src/routes/admin.whatsapp.tsx:795,BLOCKED_EXTERNAL,no current rendered action execution,,not exercised in rendered session,,source-declared control; full handler chain not individually verified,not executed on current branch,not observed,"isolated role sessions, DB and synthetic browser; provider readback where applicable",NOT_TESTED,,
S-c6bcafb59c,SOURCE_CONTROL_OCCURRENCE,/admin/whatsapp,src/routes/admin.whatsapp.tsx:815,Input,"""搜尋 WhatsApp 對話""",queryDraft → list loader → buildAdminPageQuery,,staff; exact grants require handler review,runtime role/state not reconciled,read-only,UC13,WA05,C-c6bcafb59c;R-WA05,unique_rendered_control_candidate,S-c6bcafb59c,no,yes,BLOCKED,src/routes/admin.whatsapp.tsx:815,BLOCKED_EXTERNAL,no current rendered action execution,,not exercised in rendered session,,source-declared control; full handler chain not individually verified,not executed on current branch,not observed,"isolated role sessions, DB and synthetic browser; provider readback where applicable",PASS,real-route-synthetic-auth-api,2026-09-30-no-link-browser-results.json @473d2c9; presentation only; no DB/provider proof
S-d09ee2897b,SOURCE_CONTROL_OCCURRENCE,/admin/whatsapp,src/routes/admin.whatsapp.tsx:822,AdminStatusSelect,dynamic/no static accessible name,"onChange={(value) =>
                setWhatsappSearch({ status: value === ""all"" ? undefined : value })
              }",,staff; exact grants require handler review,runtime role/state not reconciled,UNCLASSIFIED; inspect before execution,,,C-d09ee2897b,unique_rendered_control_candidate,S-d09ee2897b,no,yes,BLOCKED,src/routes/admin.whatsapp.tsx:822,BLOCKED_EXTERNAL,no current rendered action execution,,not exercised in rendered session,,source-declared control; full handler chain not individually verified,not executed on current branch,not observed,"isolated role sessions, DB and synthetic browser; provider readback where applicable",NOT_TESTED,,
S-32127a9212,SOURCE_CONTROL_OCCURRENCE,/admin/whatsapp,src/routes/admin.whatsapp.tsx:863,Button,"{backfilling ? ""匯入中…"" : ""匯入歷史訊息""}",runBackfill → woztell backfill API,,staff; exact grants require handler review,{backfilling},import writes；本次不執行,UC09/10,,C-32127a9212,unique_rendered_control_candidate,S-32127a9212,no,yes,BLOCKED,src/routes/admin.whatsapp.tsx:863,BLOCKED_EXTERNAL,no current rendered action execution,,not exercised in rendered session,,source-declared control; full handler chain not individually verified,not executed on current branch,not observed,"isolated role sessions, DB and synthetic browser; provider readback where applicable",NOT_TESTED,,
S-de3633c18d,SOURCE_CONTROL_OCCURRENCE,/admin/whatsapp,src/routes/admin.whatsapp.tsx:875,Button,重新整理,refreshConversations／selected detail refresh,,staff; exact grants require handler review,{loadingRows},read-only,UC13,WA04,C-de3633c18d;R-WA04,unique_rendered_control_candidate,S-de3633c18d,no,yes,BLOCKED,src/routes/admin.whatsapp.tsx:875,BLOCKED_EXTERNAL,no current rendered action execution,,not exercised in rendered session,,source-declared control; full handler chain not individually verified,not executed on current branch,not observed,"isolated role sessions, DB and synthetic browser; provider readback where applicable",NOT_TESTED,,
S-dcca08c268,SOURCE_CONTROL_OCCURRENCE,/admin/whatsapp,src/routes/admin.whatsapp.tsx:898,Button,第一頁,onClick={() => void refreshConversations(null)},,staff; exact grants require handler review,{!listCursor || loadingRows},UNCLASSIFIED; inspect before execution,,,C-dcca08c268,unique_rendered_control_candidate,S-dcca08c268,no,yes,BLOCKED,src/routes/admin.whatsapp.tsx:898,BLOCKED_EXTERNAL,no current rendered action execution,,not exercised in rendered session,,source-declared control; full handler chain not individually verified,not executed on current branch,not observed,"isolated role sessions, DB and synthetic browser; provider readback where applicable",NOT_TESTED,,
S-5902df538f,SOURCE_CONTROL_OCCURRENCE,/admin/whatsapp,src/routes/admin.whatsapp.tsx:905,Button,下一頁,onClick={() => void refreshConversations(nextListCursor)},,staff; exact grants require handler review,{!nextListCursor || loadingRows},UNCLASSIFIED; inspect before execution,,,C-5902df538f,unique_rendered_control_candidate,S-5902df538f,no,yes,BLOCKED,src/routes/admin.whatsapp.tsx:905,BLOCKED_EXTERNAL,no current rendered action execution,,not exercised in rendered session,,source-declared control; full handler chain not individually verified,not executed on current branch,not observed,"isolated role sessions, DB and synthetic browser; provider readback where applicable",NOT_TESTED,,
S-e7bd0a7a00,SOURCE_CONTROL_OCCURRENCE,/admin/whatsapp,src/routes/admin.whatsapp.tsx:918,ConversationList,dynamic/no static accessible name,"onShowAwaiting={() => setWhatsappSearch({ status: ""awaiting"" })} | onClearFilters={() => {
                setQueryDraft("""");
                setWhatsappSearch({ q: undefined, status: undefined });
              }} | onOpen={openConversation}",,staff; exact grants require handler review,runtime role/state not reconciled,UNCLASSIFIED; inspect before execution,,,C-e7bd0a7a00,unique_rendered_control_candidate,S-e7bd0a7a00,no,yes,BLOCKED,src/routes/admin.whatsapp.tsx:918,BLOCKED_EXTERNAL,no current rendered action execution,,not exercised in rendered session,,source-declared control; full handler chain not individually verified,not executed on current branch,not observed,"isolated role sessions, DB and synthetic browser; provider readback where applicable",NOT_TESTED,,
S-69f4f2899b,SOURCE_CONTROL_OCCURRENCE,/admin/whatsapp,src/routes/admin.whatsapp.tsx:938,ConversationWorkspace,dynamic/no static accessible name,"onEnquirySelect={(id) => {
                if (selectedId)
                  setEnquirySelections((current) => ({ ...current, [selectedId]: id }));
              }} | onLoadOlder={loadOlderMessages} | onReplyBodyChange={setReplyBody} | onSendReply={sendReply} | onSendTemplate={sendTemplate} | onConsentSaved={() => {
                if (selectedIdRef.current) void loadConversationDetail(selectedIdRef.current);
              }} | onStatusChange={(status) =>
                detail
                  ? saveConversationUpdate({
                      status,
                      assigned_agent_id: detail.assigned_agent_id,
                    })
                  : undefined
              } | onAgentChange={(assignedAgentId) =>
                detail
                  ? saveConversationUpdate({
                      status: detail.status,
                      assigned_agent_id: assignedAgentI",,staff; exact grants require handler review,{isMutating},UNCLASSIFIED; inspect before execution,,,C-69f4f2899b,unique_rendered_control_candidate,S-69f4f2899b,no,yes,BLOCKED,src/routes/admin.whatsapp.tsx:938,BLOCKED_EXTERNAL,no current rendered action execution,,not exercised in rendered session,,source-declared control; full handler chain not individually verified,not executed on current branch,not observed,"isolated role sessions, DB and synthetic browser; provider readback where applicable",NOT_TESTED,,
S-4e7600fad7,SOURCE_CONTROL_OCCURRENCE,/admin/whatsapp,src/routes/admin.whatsapp.tsx:989,AdminDetailPanel,dynamic/no static accessible name,onOpenChange={handlePanelOpenChange},,staff; exact grants require handler review,runtime role/state not reconciled,UNCLASSIFIED; inspect before execution,,,C-4e7600fad7,unique_rendered_control_candidate,S-4e7600fad7,no,yes,BLOCKED,src/routes/admin.whatsapp.tsx:989,BLOCKED_EXTERNAL,no current rendered action execution,,not exercised in rendered session,,source-declared control; full handler chain not individually verified,not executed on current branch,not observed,"isolated role sessions, DB and synthetic browser; provider readback where applicable",NOT_TESTED,,
S-98634e8d09,SOURCE_CONTROL_OCCURRENCE,/admin/whatsapp,src/routes/admin.whatsapp.tsx:995,ConversationWorkspace,dynamic/no static accessible name,"onEnquirySelect={(id) => {
            if (selectedId) setEnquirySelections((current) => ({ ...current, [selectedId]: id }));
          }} | onLoadOlder={loadOlderMessages} | onReplyBodyChange={setReplyBody} | onSendReply={sendReply} | onSendTemplate={sendTemplate} | onConsentSaved={() => {
            if (selectedIdRef.current) void loadConversationDetail(selectedIdRef.current);
          }} | onStatusChange={(status) =>
            detail
              ? saveConversationUpdate({
                  status,
                  assigned_agent_id: detail.assigned_agent_id,
                })
              : undefined
          } | onAgentChange={(assignedAgentId) =>
            detail
              ? saveConversationUpdate({
                  status: detail.status,
                  assigned_agent_id: assignedAgentId,
                })
              : undefined
          }",,staff; exact grants require handler review,{isMutating},UNCLASSIFIED; inspect before execution,,,C-98634e8d09,unique_rendered_control_candidate,S-98634e8d09,no,yes,BLOCKED,src/routes/admin.whatsapp.tsx:995,BLOCKED_EXTERNAL,no current rendered action execution,,not exercised in rendered session,,source-declared control; full handler chain not individually verified,not executed on current branch,not observed,"isolated role sessions, DB and synthetic browser; provider readback where applicable",NOT_TESTED,,
S-b12d73296d,SOURCE_CONTROL_OCCURRENCE,/admin/whatsapp,src/routes/admin.whatsapp.tsx:1082,Button,清除篩選,onClick={onClearFilters},,staff; exact grants require handler review,runtime role/state not reconciled,UNCLASSIFIED; inspect before execution,,,C-b12d73296d,unique_rendered_control_candidate,S-b12d73296d,no,yes,BLOCKED,src/routes/admin.whatsapp.tsx:1082,BLOCKED_EXTERNAL,no current rendered action execution,,not exercised in rendered session,,source-declared control; full handler chain not individually verified,not executed on current branch,not observed,"isolated role sessions, DB and synthetic browser; provider readback where applicable",NOT_TESTED,,
S-81ed5ffaa0,SOURCE_CONTROL_OCCURRENCE,/admin/whatsapp,src/routes/admin.whatsapp.tsx:1100,button,dynamic/no static accessible name,onClick={onShowAwaiting},,staff; exact grants require handler review,runtime role/state not reconciled,UNCLASSIFIED; inspect before execution,,,C-81ed5ffaa0,unique_rendered_control_candidate,S-81ed5ffaa0,no,yes,BLOCKED,src/routes/admin.whatsapp.tsx:1100,BLOCKED_EXTERNAL,no current rendered action execution,,not exercised in rendered session,,source-declared control; full handler chain not individually verified,not executed on current branch,not observed,"isolated role sessions, DB and synthetic browser; provider readback where applicable",NOT_TESTED,,
S-77a0e5924c,SOURCE_CONTROL_OCCURRENCE,/admin/whatsapp,src/routes/admin.whatsapp.tsx:1124,button,dynamic/no static accessible name,onClick={() => onOpen(conversation.id)},,staff; exact grants require handler review,runtime role/state not reconciled,UNCLASSIFIED; inspect before execution,,,C-77a0e5924c,unique_rendered_control_candidate,S-77a0e5924c,no,yes,BLOCKED,src/routes/admin.whatsapp.tsx:1124,BLOCKED_EXTERNAL,no current rendered action execution,,not exercised in rendered session,,source-declared control; full handler chain not individually verified,not executed on current branch,not observed,"isolated role sessions, DB and synthetic browser; provider readback where applicable",PASS,real-route-synthetic-auth-api,2026-09-30-no-link-browser-results.json @473d2c9; presentation only; no DB/provider proof
S-02fa21f096,SOURCE_CONTROL_OCCURRENCE,/admin/whatsapp,src/routes/admin.whatsapp.tsx:1316,WhatsappConsentDialog,dynamic/no static accessible name,onSaved={onConsentSaved},,staff; exact grants require handler review,runtime role/state not reconciled,UNCLASSIFIED; inspect before execution,,,C-02fa21f096,unique_rendered_control_candidate,S-02fa21f096,no,yes,BLOCKED,src/routes/admin.whatsapp.tsx:1316,BLOCKED_EXTERNAL,no current rendered action execution,,not exercised in rendered session,,source-declared control; full handler chain not individually verified,not executed on current branch,not observed,"isolated role sessions, DB and synthetic browser; provider readback where applicable",NOT_TESTED,,
S-15245368e3,SOURCE_CONTROL_OCCURRENCE,/admin/whatsapp,src/routes/admin.whatsapp.tsx:1332,AdminStatusSelect,dynamic/no static accessible name,onChange={onStatusChange},,staff; exact grants require handler review,{disabled},UNCLASSIFIED; inspect before execution,,,C-15245368e3,unique_rendered_control_candidate,S-15245368e3,no,yes,BLOCKED,src/routes/admin.whatsapp.tsx:1332,BLOCKED_EXTERNAL,no current rendered action execution,,not exercised in rendered session,,source-declared control; full handler chain not individually verified,not executed on current branch,not observed,"isolated role sessions, DB and synthetic browser; provider readback where applicable",NOT_TESTED,,
S-79ab08fdb8,SOURCE_CONTROL_OCCURRENCE,/admin/whatsapp,src/routes/admin.whatsapp.tsx:1341,Select,dynamic/no static accessible name,onAgentChange → saveConversationUpdate → assignment request,,staff; exact grants require handler review,{disabled},分派外部effect,UC14,WA03,C-79ab08fdb8;R-WA03,unique_rendered_control_candidate,S-79ab08fdb8,no,yes,BLOCKED,src/routes/admin.whatsapp.tsx:1341,BLOCKED_EXTERNAL,no current rendered action execution,,not exercised in rendered session,,source-declared control; full handler chain not individually verified,not executed on current branch,not observed,"isolated role sessions, DB and synthetic browser; provider readback where applicable",NOT_TESTED,,
S-896072109f,SOURCE_CONTROL_OCCURRENCE,/admin/whatsapp,src/routes/admin.whatsapp.tsx:1366,WhatsappEnquiryContext,dynamic/no static accessible name,onSelect={onEnquirySelect},,staff; exact grants require handler review,runtime role/state not reconciled,UNCLASSIFIED; inspect before execution,,,C-896072109f,unique_rendered_control_candidate,S-896072109f,no,yes,BLOCKED,src/routes/admin.whatsapp.tsx:1366,BLOCKED_EXTERNAL,no current rendered action execution,,not exercised in rendered session,,source-declared control; full handler chain not individually verified,not executed on current branch,not observed,"isolated role sessions, DB and synthetic browser; provider readback where applicable",NOT_TESTED,,
S-94f5819300,SOURCE_CONTROL_OCCURRENCE,/admin/whatsapp,src/routes/admin.whatsapp.tsx:1379,MessageTimeline,dynamic/no static accessible name,onLoadOlder={onLoadOlder},,staff; exact grants require handler review,runtime role/state not reconciled,UNCLASSIFIED; inspect before execution,,,C-94f5819300,unique_rendered_control_candidate,S-94f5819300,no,yes,BLOCKED,src/routes/admin.whatsapp.tsx:1379,BLOCKED_EXTERNAL,no current rendered action execution,,not exercised in rendered session,,source-declared control; full handler chain not individually verified,not executed on current branch,not observed,"isolated role sessions, DB and synthetic browser; provider readback where applicable",NOT_TESTED,,
S-7edc6a459c,SOURCE_CONTROL_OCCURRENCE,/admin/whatsapp,src/routes/admin.whatsapp.tsx:1396,TemplateSendPanel,dynamic/no static accessible name,onSend={onSendTemplate},,staff; exact grants require handler review,{disabled},UNCLASSIFIED; inspect before execution,,,C-7edc6a459c,unique_rendered_control_candidate,S-7edc6a459c,no,yes,BLOCKED,src/routes/admin.whatsapp.tsx:1396,BLOCKED_EXTERNAL,no current rendered action execution,,not exercised in rendered session,,source-declared control; full handler chain not individually verified,not executed on current branch,not observed,"isolated role sessions, DB and synthetic browser; provider readback where applicable",NOT_TESTED,,
S-8f0da739ea,SOURCE_CONTROL_OCCURRENCE,/admin/whatsapp,src/routes/admin.whatsapp.tsx:1420,Textarea,"""WhatsApp 回覆""",onChange={(event) => onReplyBodyChange(event.target.value)},,staff; exact grants require handler review,{sendingReply || Boolean(availability.reason)},UNCLASSIFIED; inspect before execution,,,C-8f0da739ea,unique_rendered_control_candidate,S-8f0da739ea,no,yes,BLOCKED,src/routes/admin.whatsapp.tsx:1420,BLOCKED_EXTERNAL,no current rendered action execution,,not exercised in rendered session,,source-declared control; full handler chain not individually verified,not executed on current branch,not observed,"isolated role sessions, DB and synthetic browser; provider readback where applicable",PASS,real-route-synthetic-auth-api,2026-09-30-no-link-browser-results.json @473d2c9; presentation only; no DB/provider proof
S-cd7c8385a1,SOURCE_CONTROL_OCCURRENCE,/admin/whatsapp,src/routes/admin.whatsapp.tsx:1444,Button,"{sendingReply ? ""傳送中…"" : ""傳送回覆""}",sendReply → sendAdminConversationReply → /api/admin/woztell/send,,staff; exact grants require handler review,{!canSendReply || sendingReply},客戶訊息；禁止production試送,UC01/13/17,WA01;UX01,C-cd7c8385a1;U13;R-WA01;R-UX01,unique_rendered_control_candidate,S-cd7c8385a1,no,yes,BLOCKED,src/routes/admin.whatsapp.tsx:1444,BLOCKED_EXTERNAL,no current rendered action execution,,not exercised in rendered session,,source-declared control; full handler chain not individually verified,not executed on current branch,not observed,"isolated role sessions, DB and synthetic browser; provider readback where applicable",NOT_TESTED,,
S-a5bdcabbd8,SOURCE_CONTROL_OCCURRENCE,/admin/whatsapp,src/routes/admin.whatsapp.tsx:1451,AiAssistPanel,dynamic/no static accessible name,"onUseSuggestedReply={(value) => {
              if (replyBody.trim() && !window.confirm(""將會覆蓋你已輸入的回覆內容，確定繼續？"")) {
                return;
              }
              onReplyBodyChange(value);
            }}",,staff; exact grants require handler review,runtime role/state not reconciled,UNCLASSIFIED; inspect before execution,,,C-a5bdcabbd8,unique_rendered_control_candidate,S-a5bdcabbd8,no,yes,BLOCKED,src/routes/admin.whatsapp.tsx:1451,BLOCKED_EXTERNAL,no current rendered action execution,,not exercised in rendered session,,source-declared control; full handler chain not individually verified,not executed on current branch,not observed,"isolated role sessions, DB and synthetic browser; provider readback where applicable",NOT_TESTED,,
S-3d7227a06b,SOURCE_CONTROL_OCCURRENCE,/admin/whatsapp,src/routes/admin.whatsapp.tsx:1477,WhatsappAiSuggestions,dynamic/no static accessible name,onUseSuggestedReply={onUseSuggestedReply},,staff; exact grants require handler review,runtime role/state not reconciled,UNCLASSIFIED; inspect before execution,,,C-3d7227a06b,unique_rendered_control_candidate,S-3d7227a06b,no,yes,BLOCKED,src/routes/admin.whatsapp.tsx:1477,BLOCKED_EXTERNAL,no current rendered action execution,,not exercised in rendered session,,source-declared control; full handler chain not individually verified,not executed on current branch,not observed,"isolated role sessions, DB and synthetic browser; provider readback where applicable",NOT_TESTED,,
S-b028ec7bbf,SOURCE_CONTROL_OCCURRENCE,/admin/whatsapp,src/routes/admin.whatsapp.tsx:1534,Select,dynamic/no static accessible name,onValueChange={setTemplateId},,staff; exact grants require handler review,{disabled || sending},UNCLASSIFIED; inspect before execution,,,C-b028ec7bbf,unique_rendered_control_candidate,S-b028ec7bbf,no,yes,BLOCKED,src/routes/admin.whatsapp.tsx:1534,BLOCKED_EXTERNAL,no current rendered action execution,,not exercised in rendered session,,source-declared control; full handler chain not individually verified,not executed on current branch,not observed,"isolated role sessions, DB and synthetic browser; provider readback where applicable",NOT_TESTED,,
S-0f82b7160d,SOURCE_CONTROL_OCCURRENCE,/admin/whatsapp,src/routes/admin.whatsapp.tsx:1558,Button,"{sending ? ""傳送中…"" : ""傳送範本""}",onClick={() => setConfirmOpen(true)},,staff; exact grants require handler review,{!selected || disabled || sending},UNCLASSIFIED; inspect before execution,,,C-0f82b7160d,unique_rendered_control_candidate,S-0f82b7160d,no,yes,BLOCKED,src/routes/admin.whatsapp.tsx:1558,BLOCKED_EXTERNAL,no current rendered action execution,,not exercised in rendered session,,source-declared control; full handler chain not individually verified,not executed on current branch,not observed,"isolated role sessions, DB and synthetic browser; provider readback where applicable",NOT_TESTED,,
S-341e2b8dbc,SOURCE_CONTROL_OCCURRENCE,/admin/whatsapp,src/routes/admin.whatsapp.tsx:1568,AdminConfirmDialog,dynamic/no static accessible name,template confirmation → sendTemplate → /api/admin/woztell/send-template,,staff; exact grants require handler review,runtime role/state not reconciled,客戶template send,UC17,WA06,C-341e2b8dbc,unique_rendered_control_candidate,S-341e2b8dbc,no,yes,BLOCKED,src/routes/admin.whatsapp.tsx:1568,BLOCKED_EXTERNAL,no current rendered action execution,,not exercised in rendered session,,source-declared control; full handler chain not individually verified,not executed on current branch,not observed,"isolated role sessions, DB and synthetic browser; provider readback where applicable",NOT_TESTED,,
S-043be9389f,SOURCE_CONTROL_OCCURRENCE,/admin/whatsapp,src/routes/admin.whatsapp.tsx:1623,div,"{olderCursor ? ( <Button variant=""outline"" disabled={loadingOlder} onClick={() => void older()}> {loadingOlder ? ""載入中…"" : ""載入較早訊息""} </Button> ) : null","onScroll={() => {
        const e = container.current;
        if (e) pinned.current = e.scrollHeight - e.scrollTop - e.clientHeight < 80;
      }}",,staff; exact grants require handler review,runtime role/state not reconciled,UNCLASSIFIED; inspect before execution,,,C-043be9389f,unique_rendered_control_candidate,S-043be9389f,no,yes,BLOCKED,src/routes/admin.whatsapp.tsx:1623,BLOCKED_EXTERNAL,no current rendered action execution,,not exercised in rendered session,,source-declared control; full handler chain not individually verified,not executed on current branch,not observed,"isolated role sessions, DB and synthetic browser; provider readback where applicable",NOT_TESTED,,
S-1daa754fd7,SOURCE_CONTROL_OCCURRENCE,/admin/whatsapp,src/routes/admin.whatsapp.tsx:1633,Button,"{loadingOlder ? ""載入中…"" : ""載入較早訊息""}",onClick={() => void older()},,staff; exact grants require handler review,{loadingOlder},UNCLASSIFIED; inspect before execution,,,C-1daa754fd7,unique_rendered_control_candidate,S-1daa754fd7,no,yes,BLOCKED,src/routes/admin.whatsapp.tsx:1633,BLOCKED_EXTERNAL,no current rendered action execution,,not exercised in rendered session,,source-declared control; full handler chain not individually verified,not executed on current branch,not observed,"isolated role sessions, DB and synthetic browser; provider readback where applicable",NOT_TESTED,,
S-5e854987c6,SOURCE_CONTROL_OCCURRENCE,/agents,src/routes/agents.tsx:269,Button,清除篩選,onClick={() => navigate({ search: {} })},,public/shared,runtime role/state not reconciled,UNCLASSIFIED; inspect before execution,,,C-5e854987c6,unique_rendered_control_candidate,S-5e854987c6,no,yes,NOT_TESTED,src/routes/agents.tsx:269,NOT_TESTED,no current rendered action execution,,not exercised in rendered session,,source-declared control; full handler chain not individually verified,not executed on current branch,not observed,rendered browser action and content/readback not executed on current SHA,NOT_TESTED,,
S-7af6444f0e,SOURCE_CONTROL_OCCURRENCE,/agents,src/routes/agents.tsx:333,Input,"""輸入代理姓名""","onChange={(e) => setParam(""q"", e.target.value.trim() || undefined)}",,public/shared,runtime role/state not reconciled,UNCLASSIFIED; inspect before execution,,,C-7af6444f0e,unique_rendered_control_candidate,S-7af6444f0e,no,yes,NOT_TESTED,src/routes/agents.tsx:333,NOT_TESTED,no current rendered action execution,,not exercised in rendered session,,source-declared control; full handler chain not individually verified,not executed on current branch,not observed,rendered browser action and content/readback not executed on current SHA,NOT_TESTED,,
S-7db099f0c2,SOURCE_CONTROL_OCCURRENCE,/agents,src/routes/agents.tsx:349,Select,dynamic/no static accessible name,"onValueChange={(value) => setParam(""branch"", value === ""all"" ? undefined : value)}",,public/shared,runtime role/state not reconciled,UNCLASSIFIED; inspect before execution,,,C-7db099f0c2,unique_rendered_control_candidate,S-7db099f0c2,no,yes,NOT_TESTED,src/routes/agents.tsx:349,NOT_TESTED,no current rendered action execution,,not exercised in rendered session,,source-declared control; full handler chain not individually verified,not executed on current branch,not observed,rendered browser action and content/readback not executed on current SHA,NOT_TESTED,,
S-5485af6305,SOURCE_CONTROL_OCCURRENCE,/agents,src/routes/agents.tsx:373,Select,dynamic/no static accessible name,"onValueChange={(value) => setParam(""district"", value === ""all"" ? undefined : value)}",,public/shared,runtime role/state not reconciled,UNCLASSIFIED; inspect before execution,,,C-5485af6305,unique_rendered_control_candidate,S-5485af6305,no,yes,NOT_TESTED,src/routes/agents.tsx:373,NOT_TESTED,no current rendered action execution,,not exercised in rendered session,,source-declared control; full handler chain not individually verified,not executed on current branch,not observed,rendered browser action and content/readback not executed on current SHA,NOT_TESTED,,
S-9fbe59e299,SOURCE_CONTROL_OCCURRENCE,/agents,src/routes/agents.tsx:397,Select,dynamic/no static accessible name,"onValueChange={(value) => setParam(""speciality"", value === ""all"" ? undefined : value)}",,public/shared,runtime role/state not reconciled,UNCLASSIFIED; inspect before execution,,,C-9fbe59e299,unique_rendered_control_candidate,S-9fbe59e299,no,yes,NOT_TESTED,src/routes/agents.tsx:397,NOT_TESTED,no current rendered action execution,,not exercised in rendered session,,source-declared control; full handler chain not individually verified,not executed on current branch,not observed,rendered browser action and content/readback not executed on current SHA,NOT_TESTED,,
S-f5ca6b9240,SOURCE_CONTROL_OCCURRENCE,/agents,src/routes/agents.tsx:421,Select,dynamic/no static accessible name,"onValueChange={(value) => setParam(""language"", value === ""all"" ? undefined : value)}",,public/shared,runtime role/state not reconciled,UNCLASSIFIED; inspect before execution,,,C-f5ca6b9240,unique_rendered_control_candidate,S-f5ca6b9240,no,yes,NOT_TESTED,src/routes/agents.tsx:421,NOT_TESTED,no current rendered action execution,,not exercised in rendered session,,source-declared control; full handler chain not individually verified,not executed on current branch,not observed,rendered browser action and content/readback not executed on current SHA,NOT_TESTED,,
S-f10c2440ac,SOURCE_CONTROL_OCCURRENCE,/agents,src/routes/agents.tsx:442,Button,清除全部篩選,onClick={() => navigate({ search: {} })},,public/shared,runtime role/state not reconciled,UNCLASSIFIED; inspect before execution,,,C-f10c2440ac,unique_rendered_control_candidate,S-f10c2440ac,no,yes,NOT_TESTED,src/routes/agents.tsx:442,NOT_TESTED,no current rendered action execution,,not exercised in rendered session,,source-declared control; full handler chain not individually verified,not executed on current branch,not observed,rendered browser action and content/readback not executed on current SHA,NOT_TESTED,,
S-ddcadbc716,SOURCE_CONTROL_OCCURRENCE,/agents,src/routes/agents.tsx:525,Button,dynamic/no static accessible name,,,public/shared,runtime role/state not reconciled,local input/semantic wrapper,,,C-ddcadbc716,unique_rendered_control_candidate,S-ddcadbc716,no,yes,NOT_TESTED,src/routes/agents.tsx:525,NOT_TESTED,no current rendered action execution,,not exercised in rendered session,,source-declared control; full handler chain not individually verified,not executed on current branch,not observed,rendered browser action and content/readback not executed on current SHA,NOT_TESTED,,
S-aae5891603,SOURCE_CONTROL_OCCURRENCE,/agents,src/routes/agents.tsx:526,Link,查看資料,,"""/agents/$slug""",public/shared,runtime role/state not reconciled,navigation; destination may have side effects,,,C-aae5891603,unique_rendered_control_candidate,S-aae5891603,no,yes,NOT_TESTED,src/routes/agents.tsx:526,NOT_TESTED,no current rendered action execution,,not exercised in rendered session,,source-declared control; full handler chain not individually verified,not executed on current branch,not observed,rendered browser action and content/readback not executed on current SHA,NOT_TESTED,,
S-179c3a52be,SOURCE_CONTROL_OCCURRENCE,/agents,src/routes/agents.tsx:533,Button,dynamic/no static accessible name,,,public/shared,runtime role/state not reconciled,local input/semantic wrapper,,,C-179c3a52be,equivalent_repeated_row_candidate,S-ddcadbc716,yes,yes,NOT_TESTED,src/routes/agents.tsx:533,NOT_TESTED,no current rendered action execution,,not exercised in rendered session,,source-declared control; full handler chain not individually verified,not executed on current branch,not observed,rendered browser action and content/readback not executed on current SHA,NOT_TESTED,,
S-de9718d62c,SOURCE_CONTROL_OCCURRENCE,/agents,src/routes/agents.tsx:534,a,電話聯絡,,{phoneHref},public/shared,runtime role/state not reconciled,navigation; destination may have side effects,,,C-de9718d62c,unique_rendered_control_candidate,S-de9718d62c,no,yes,NOT_TESTED,src/routes/agents.tsx:534,NOT_TESTED,no current rendered action execution,,not exercised in rendered session,,source-declared control; full handler chain not individually verified,not executed on current branch,not observed,rendered browser action and content/readback not executed on current SHA,NOT_TESTED,,
S-129074ea12,SOURCE_CONTROL_OCCURRENCE,/agents,src/routes/agents.tsx:541,Button,dynamic/no static accessible name,,,public/shared,runtime role/state not reconciled,local input/semantic wrapper,,,C-129074ea12,equivalent_repeated_row_candidate,S-ddcadbc716,yes,yes,NOT_TESTED,src/routes/agents.tsx:541,NOT_TESTED,no current rendered action execution,,not exercised in rendered session,,source-declared control; full handler chain not individually verified,not executed on current branch,not observed,rendered browser action and content/readback not executed on current SHA,NOT_TESTED,,
S-c14d5c0a15,SOURCE_CONTROL_OCCURRENCE,/agents,src/routes/agents.tsx:542,a,WhatsApp,,{whatsappHref},public/shared,runtime role/state not reconciled,navigation; destination may have side effects,,,C-c14d5c0a15,unique_rendered_control_candidate,S-c14d5c0a15,no,yes,NOT_TESTED,src/routes/agents.tsx:542,NOT_TESTED,no current rendered action execution,,not exercised in rendered session,,source-declared control; full handler chain not individually verified,not executed on current branch,not observed,rendered browser action and content/readback not executed on current SHA,NOT_TESTED,,
S-96fc94ade4,SOURCE_CONTROL_OCCURRENCE,/agents,src/routes/agents.tsx:549,Button,dynamic/no static accessible name,,,public/shared,runtime role/state not reconciled,local input/semantic wrapper,,,C-96fc94ade4,equivalent_repeated_row_candidate,S-ddcadbc716,yes,yes,NOT_TESTED,src/routes/agents.tsx:549,NOT_TESTED,no current rendered action execution,,not exercised in rendered session,,source-declared control; full handler chain not individually verified,not executed on current branch,not observed,rendered browser action and content/readback not executed on current SHA,NOT_TESTED,,
S-33ac1366d9,SOURCE_CONTROL_OCCURRENCE,/agents,src/routes/agents.tsx:550,Link,一般查詢,,"""/contact""",public/shared,runtime role/state not reconciled,navigation; destination may have side effects,,,C-33ac1366d9,unique_rendered_control_candidate,S-33ac1366d9,no,yes,NOT_TESTED,src/routes/agents.tsx:550,NOT_TESTED,no current rendered action execution,,not exercised in rendered session,,source-declared control; full handler chain not individually verified,not executed on current branch,not observed,rendered browser action and content/readback not executed on current SHA,NOT_TESTED,,
S-4301fa4582,SOURCE_CONTROL_OCCURRENCE,/agents,src/routes/agents.tsx:587,Button,dynamic/no static accessible name,,,public/shared,runtime role/state not reconciled,local input/semantic wrapper,,,C-4301fa4582,equivalent_repeated_row_candidate,S-ddcadbc716,yes,yes,NOT_TESTED,src/routes/agents.tsx:587,NOT_TESTED,no current rendered action execution,,not exercised in rendered session,,source-declared control; full handler chain not individually verified,not executed on current branch,not observed,rendered browser action and content/readback not executed on current SHA,NOT_TESTED,,
S-7c184c5630,SOURCE_CONTROL_OCCURRENCE,/agents,src/routes/agents.tsx:588,Link,聯絡我們,,"""/contact""",public/shared,runtime role/state not reconciled,navigation; destination may have side effects,,,C-7c184c5630,unique_rendered_control_candidate,S-7c184c5630,no,yes,NOT_TESTED,src/routes/agents.tsx:588,NOT_TESTED,no current rendered action execution,,not exercised in rendered session,,source-declared control; full handler chain not individually verified,not executed on current branch,not observed,rendered browser action and content/readback not executed on current SHA,NOT_TESTED,,
S-8178533aca,SOURCE_CONTROL_OCCURRENCE,/agents,src/routes/agents.tsx:602,Button,dynamic/no static accessible name,,,public/shared,runtime role/state not reconciled,local input/semantic wrapper,,,C-8178533aca,equivalent_repeated_row_candidate,S-ddcadbc716,yes,yes,NOT_TESTED,src/routes/agents.tsx:602,NOT_TESTED,no current rendered action execution,,not exercised in rendered session,,source-declared control; full handler chain not individually verified,not executed on current branch,not observed,rendered browser action and content/readback not executed on current SHA,NOT_TESTED,,
S-3b55b31b22,SOURCE_CONTROL_OCCURRENCE,/agents,src/routes/agents.tsx:603,Link,聯絡我們,,"""/contact""",public/shared,runtime role/state not reconciled,navigation; destination may have side effects,,,C-3b55b31b22,equivalent_repeated_row_candidate,S-7c184c5630,yes,yes,NOT_TESTED,src/routes/agents.tsx:603,NOT_TESTED,no current rendered action execution,,not exercised in rendered session,,source-declared control; full handler chain not individually verified,not executed on current branch,not observed,rendered browser action and content/readback not executed on current SHA,NOT_TESTED,,
S-47c4276e94,SOURCE_CONTROL_OCCURRENCE,/agents_/$slug,src/routes/agents_.$slug.tsx:183,Link,{label},,"""/estate/$slug""",public/shared,runtime role/state not reconciled,navigation; destination may have side effects,,,C-47c4276e94,unique_rendered_control_candidate,S-47c4276e94,no,yes,NOT_TESTED,src/routes/agents_.$slug.tsx:183,NOT_TESTED,no current rendered action execution,,not exercised in rendered session,,source-declared control; full handler chain not individually verified,not executed on current branch,not observed,rendered browser action and content/readback not executed on current SHA,NOT_TESTED,,
S-14de3dfbf2,SOURCE_CONTROL_OCCURRENCE,/agents_/$slug,src/routes/agents_.$slug.tsx:203,Button,dynamic/no static accessible name,,,public/shared,runtime role/state not reconciled,local input/semantic wrapper,,,C-14de3dfbf2,unique_rendered_control_candidate,S-14de3dfbf2,no,yes,NOT_TESTED,src/routes/agents_.$slug.tsx:203,NOT_TESTED,no current rendered action execution,,not exercised in rendered session,,source-declared control; full handler chain not individually verified,not executed on current branch,not observed,rendered browser action and content/readback not executed on current SHA,NOT_TESTED,,
S-9902eae4b6,SOURCE_CONTROL_OCCURRENCE,/agents_/$slug,src/routes/agents_.$slug.tsx:204,a,電話聯絡,,{phoneHref},public/shared,runtime role/state not reconciled,navigation; destination may have side effects,,,C-9902eae4b6,unique_rendered_control_candidate,S-9902eae4b6,no,yes,NOT_TESTED,src/routes/agents_.$slug.tsx:204,NOT_TESTED,no current rendered action execution,,not exercised in rendered session,,source-declared control; full handler chain not individually verified,not executed on current branch,not observed,rendered browser action and content/readback not executed on current SHA,NOT_TESTED,,
S-551de86c7f,SOURCE_CONTROL_OCCURRENCE,/agents_/$slug,src/routes/agents_.$slug.tsx:211,Button,dynamic/no static accessible name,,,public/shared,runtime role/state not reconciled,local input/semantic wrapper,,,C-551de86c7f,equivalent_repeated_row_candidate,S-14de3dfbf2,yes,yes,NOT_TESTED,src/routes/agents_.$slug.tsx:211,NOT_TESTED,no current rendered action execution,,not exercised in rendered session,,source-declared control; full handler chain not individually verified,not executed on current branch,not observed,rendered browser action and content/readback not executed on current SHA,NOT_TESTED,,
S-20401a88f9,SOURCE_CONTROL_OCCURRENCE,/agents_/$slug,src/routes/agents_.$slug.tsx:212,a,WhatsApp 聯絡,onClick={handleWhatsAppClick},{whatsappHref},public/shared,runtime role/state not reconciled,navigation; destination may have side effects,,,C-20401a88f9,unique_rendered_control_candidate,S-20401a88f9,no,yes,NOT_TESTED,src/routes/agents_.$slug.tsx:212,NOT_TESTED,no current rendered action execution,,not exercised in rendered session,,source-declared control; full handler chain not individually verified,not executed on current branch,not observed,rendered browser action and content/readback not executed on current SHA,NOT_TESTED,,
S-ca9f421c52,SOURCE_CONTROL_OCCURRENCE,/agents_/$slug,src/routes/agents_.$slug.tsx:224,Button,dynamic/no static accessible name,,,public/shared,runtime role/state not reconciled,local input/semantic wrapper,,,C-ca9f421c52,equivalent_repeated_row_candidate,S-14de3dfbf2,yes,yes,NOT_TESTED,src/routes/agents_.$slug.tsx:224,NOT_TESTED,no current rendered action execution,,not exercised in rendered session,,source-declared control; full handler chain not individually verified,not executed on current branch,not observed,rendered browser action and content/readback not executed on current SHA,NOT_TESTED,,
S-206e7281c3,SOURCE_CONTROL_OCCURRENCE,/agents_/$slug,src/routes/agents_.$slug.tsx:225,Link,一般查詢,,"""/contact""",public/shared,runtime role/state not reconciled,navigation; destination may have side effects,,,C-206e7281c3,unique_rendered_control_candidate,S-206e7281c3,no,yes,NOT_TESTED,src/routes/agents_.$slug.tsx:225,NOT_TESTED,no current rendered action execution,,not exercised in rendered session,,source-declared control; full handler chain not individually verified,not executed on current branch,not observed,rendered browser action and content/readback not executed on current SHA,NOT_TESTED,,
S-58969c2d87,SOURCE_CONTROL_OCCURRENCE,/agents_/$slug,src/routes/agents_.$slug.tsx:232,AgentContactMedia,dynamic/no static accessible name,onWhatsAppClick={handleWhatsAppClick},,public/shared,runtime role/state not reconciled,UNCLASSIFIED; inspect before execution,,,C-58969c2d87,unique_rendered_control_candidate,S-58969c2d87,no,yes,NOT_TESTED,src/routes/agents_.$slug.tsx:232,NOT_TESTED,no current rendered action execution,,not exercised in rendered session,,source-declared control; full handler chain not individually verified,not executed on current branch,not observed,rendered browser action and content/readback not executed on current SHA,NOT_TESTED,,
S-151c0a5532,SOURCE_CONTROL_OCCURRENCE,/agents_/$slug,src/routes/agents_.$slug.tsx:253,Button,{},,,public/shared,runtime role/state not reconciled,local input/semantic wrapper,,,C-151c0a5532,unique_rendered_control_candidate,S-151c0a5532,no,yes,NOT_TESTED,src/routes/agents_.$slug.tsx:253,NOT_TESTED,no current rendered action execution,,not exercised in rendered session,,source-declared control; full handler chain not individually verified,not executed on current branch,not observed,rendered browser action and content/readback not executed on current SHA,NOT_TESTED,,
S-7edd388b02,SOURCE_CONTROL_OCCURRENCE,/agents_/$slug,src/routes/agents_.$slug.tsx:259,Link,查看代理放盤,,"""/listings""",public/shared,runtime role/state not reconciled,navigation; destination may have side effects,,,C-7edd388b02,unique_rendered_control_candidate,S-7edd388b02,no,yes,NOT_TESTED,src/routes/agents_.$slug.tsx:259,NOT_TESTED,no current rendered action execution,,not exercised in rendered session,,source-declared control; full handler chain not individually verified,not executed on current branch,not observed,rendered browser action and content/readback not executed on current SHA,NOT_TESTED,,
S-f3f08b4598,SOURCE_CONTROL_OCCURRENCE,/agents_/$slug,src/routes/agents_.$slug.tsx:275,Link,dynamic/no static accessible name,,"""/property/$listingNo""",public/shared,runtime role/state not reconciled,navigation; destination may have side effects,,,C-f3f08b4598,unique_rendered_control_candidate,S-f3f08b4598,no,yes,NOT_TESTED,src/routes/agents_.$slug.tsx:275,NOT_TESTED,no current rendered action execution,,not exercised in rendered session,,source-declared control; full handler chain not individually verified,not executed on current branch,not observed,rendered browser action and content/readback not executed on current SHA,NOT_TESTED,,
S-5dbbd7ab43,SOURCE_CONTROL_OCCURRENCE,/agents_/$slug,src/routes/agents_.$slug.tsx:316,Button,dynamic/no static accessible name,,,public/shared,runtime role/state not reconciled,local input/semantic wrapper,,,C-5dbbd7ab43,equivalent_repeated_row_candidate,S-14de3dfbf2,yes,yes,NOT_TESTED,src/routes/agents_.$slug.tsx:316,NOT_TESTED,no current rendered action execution,,not exercised in rendered session,,source-declared control; full handler chain not individually verified,not executed on current branch,not observed,rendered browser action and content/readback not executed on current SHA,NOT_TESTED,,
S-721259d1fb,SOURCE_CONTROL_OCCURRENCE,/agents_/$slug,src/routes/agents_.$slug.tsx:317,Link,聯絡晉誠地產,,"""/contact""",public/shared,runtime role/state not reconciled,navigation; destination may have side effects,,,C-721259d1fb,unique_rendered_control_candidate,S-721259d1fb,no,yes,NOT_TESTED,src/routes/agents_.$slug.tsx:317,NOT_TESTED,no current rendered action execution,,not exercised in rendered session,,source-declared control; full handler chain not individually verified,not executed on current branch,not observed,rendered browser action and content/readback not executed on current SHA,NOT_TESTED,,
S-1c79113428,SOURCE_CONTROL_OCCURRENCE,/agents_/$slug,src/routes/agents_.$slug.tsx:319,Button,dynamic/no static accessible name,,,public/shared,runtime role/state not reconciled,local input/semantic wrapper,,,C-1c79113428,equivalent_repeated_row_candidate,S-14de3dfbf2,yes,yes,NOT_TESTED,src/routes/agents_.$slug.tsx:319,NOT_TESTED,no current rendered action execution,,not exercised in rendered session,,source-declared control; full handler chain not individually verified,not executed on current branch,not observed,rendered browser action and content/readback not executed on current SHA,NOT_TESTED,,
S-4c247c3b48,SOURCE_CONTROL_OCCURRENCE,/agents_/$slug,src/routes/agents_.$slug.tsx:320,Link,返回代理團隊,,"""/agents""",public/shared,runtime role/state not reconciled,navigation; destination may have side effects,,,C-4c247c3b48,unique_rendered_control_candidate,S-4c247c3b48,no,yes,NOT_TESTED,src/routes/agents_.$slug.tsx:320,NOT_TESTED,no current rendered action execution,,not exercised in rendered session,,source-declared control; full handler chain not individually verified,not executed on current branch,not observed,rendered browser action and content/readback not executed on current SHA,NOT_TESTED,,
S-2fcd12b827,SOURCE_CONTROL_OCCURRENCE,/agents_/$slug,src/routes/agents_.$slug.tsx:333,Button,dynamic/no static accessible name,,,public/shared,runtime role/state not reconciled,local input/semantic wrapper,,,C-2fcd12b827,equivalent_repeated_row_candidate,S-14de3dfbf2,yes,yes,NOT_TESTED,src/routes/agents_.$slug.tsx:333,NOT_TESTED,no current rendered action execution,,not exercised in rendered session,,source-declared control; full handler chain not individually verified,not executed on current branch,not observed,rendered browser action and content/readback not executed on current SHA,NOT_TESTED,,
S-2bb77187a1,SOURCE_CONTROL_OCCURRENCE,/agents_/$slug,src/routes/agents_.$slug.tsx:334,Link,返回代理團隊,,"""/agents""",public/shared,runtime role/state not reconciled,navigation; destination may have side effects,,,C-2bb77187a1,equivalent_repeated_row_candidate,S-4c247c3b48,yes,yes,NOT_TESTED,src/routes/agents_.$slug.tsx:334,NOT_TESTED,no current rendered action execution,,not exercised in rendered session,,source-declared control; full handler chain not individually verified,not executed on current branch,not observed,rendered browser action and content/readback not executed on current SHA,NOT_TESTED,,
S-1e875f6bde,SOURCE_CONTROL_OCCURRENCE,/auth/$pathname,src/routes/auth.$pathname.tsx:52,a,晉誠地產,,"""/""",public/shared,runtime role/state not reconciled,navigation; destination may have side effects,,,C-1e875f6bde,unique_rendered_control_candidate,S-1e875f6bde,no,yes,NOT_TESTED,src/routes/auth.$pathname.tsx:52,NOT_TESTED,no current rendered action execution,,not exercised in rendered session,,source-declared control; full handler chain not individually verified,not executed on current branch,not observed,rendered browser action and content/readback not executed on current SHA,NOT_TESTED,,
S-baac859fa7,SOURCE_CONTROL_OCCURRENCE,/blog,src/routes/blog.tsx:163,Link,新手先睇： {primaryArticle.title},,"""/blog/$slug""",public/shared,runtime role/state not reconciled,navigation; destination may have side effects,,,C-baac859fa7,unique_rendered_control_candidate,S-baac859fa7,no,yes,NOT_TESTED,src/routes/blog.tsx:163,NOT_TESTED,no current rendered action execution,,not exercised in rendered session,,source-declared control; full handler chain not individually verified,not executed on current branch,not observed,rendered browser action and content/readback not executed on current SHA,NOT_TESTED,,
S-e027953c40,SOURCE_CONTROL_OCCURRENCE,/blog,src/routes/blog.tsx:177,Link,{category},,"""/blog""",public/shared,runtime role/state not reconciled,navigation; destination may have side effects,,,C-e027953c40,unique_rendered_control_candidate,S-e027953c40,no,yes,NOT_TESTED,src/routes/blog.tsx:177,NOT_TESTED,no current rendered action execution,,not exercised in rendered session,,source-declared control; full handler chain not individually verified,not executed on current branch,not observed,rendered browser action and content/readback not executed on current SHA,NOT_TESTED,,
S-d24f9784e4,SOURCE_CONTROL_OCCURRENCE,/blog,src/routes/blog.tsx:192,Input,"""搜尋文章""",onChange={(event) => setSearchQuery(event.target.value)},,public/shared,runtime role/state not reconciled,UNCLASSIFIED; inspect before execution,,,C-d24f9784e4,unique_rendered_control_candidate,S-d24f9784e4,no,yes,NOT_TESTED,src/routes/blog.tsx:192,NOT_TESTED,no current rendered action execution,,not exercised in rendered session,,source-declared control; full handler chain not individually verified,not executed on current branch,not observed,rendered browser action and content/readback not executed on current SHA,NOT_TESTED,,
S-1dd33be114,SOURCE_CONTROL_OCCURRENCE,/blog,src/routes/blog.tsx:209,Link,"{article.cover_image && ( <AppImage src={article.cover_image} alt={article.title} width={800} height={320} className=""mb-4 h-40 w-full rounded-md obje",,"""/blog/$slug""",public/shared,runtime role/state not reconciled,navigation; destination may have side effects,,,C-1dd33be114,unique_rendered_control_candidate,S-1dd33be114,no,yes,NOT_TESTED,src/routes/blog.tsx:209,NOT_TESTED,no current rendered action execution,,not exercised in rendered session,,source-declared control; full handler chain not individually verified,not executed on current branch,not observed,rendered browser action and content/readback not executed on current SHA,NOT_TESTED,,
S-de5c68d056,SOURCE_CONTROL_OCCURRENCE,/blog,src/routes/blog.tsx:255,Link,編採及事實查核標準,,"""/blog/editorial-standards""",public/shared,runtime role/state not reconciled,navigation; destination may have side effects,,,C-de5c68d056,unique_rendered_control_candidate,S-de5c68d056,no,yes,NOT_TESTED,src/routes/blog.tsx:255,NOT_TESTED,no current rendered action execution,,not exercised in rendered session,,source-declared control; full handler chain not individually verified,not executed on current branch,not observed,rendered browser action and content/readback not executed on current SHA,NOT_TESTED,,
S-283bcecc0e,SOURCE_CONTROL_OCCURRENCE,/blog_/$slug,src/routes/blog_.$slug.tsx:247,Link,返回 Blog,,"""/blog""",public/shared,runtime role/state not reconciled,navigation; destination may have side effects,,,C-283bcecc0e,unique_rendered_control_candidate,S-283bcecc0e,no,yes,NOT_TESTED,src/routes/blog_.$slug.tsx:247,NOT_TESTED,no current rendered action execution,,not exercised in rendered session,,source-declared control; full handler chain not individually verified,not executed on current branch,not observed,rendered browser action and content/readback not executed on current SHA,NOT_TESTED,,
S-66526eb643,SOURCE_CONTROL_OCCURRENCE,/blog_/$slug,src/routes/blog_.$slug.tsx:322,Link,編採標準,,"""/blog/editorial-standards""",public/shared,runtime role/state not reconciled,navigation; destination may have side effects,,,C-66526eb643,unique_rendered_control_candidate,S-66526eb643,no,yes,NOT_TESTED,src/routes/blog_.$slug.tsx:322,NOT_TESTED,no current rendered action execution,,not exercised in rendered session,,source-declared control; full handler chain not individually verified,not executed on current branch,not observed,rendered browser action and content/readback not executed on current SHA,NOT_TESTED,,
S-87a2c515c9,SOURCE_CONTROL_OCCURRENCE,/blog_/$slug,src/routes/blog_.$slug.tsx:339,a,{section.heading},,{`#${sectionAnchors[index]}`},public/shared,runtime role/state not reconciled,navigation; destination may have side effects,,,C-87a2c515c9,unique_rendered_control_candidate,S-87a2c515c9,no,yes,NOT_TESTED,src/routes/blog_.$slug.tsx:339,NOT_TESTED,no current rendered action execution,,not exercised in rendered session,,source-declared control; full handler chain not individually verified,not executed on current branch,not observed,rendered browser action and content/readback not executed on current SHA,NOT_TESTED,,
S-dda1f79f86,SOURCE_CONTROL_OCCURRENCE,/blog_/editorial-standards,src/routes/blog_.editorial-standards.tsx:72,Link,免責聲明,,"""/disclaimer""",public/shared,runtime role/state not reconciled,navigation; destination may have side effects,,,C-dda1f79f86,unique_rendered_control_candidate,S-dda1f79f86,no,yes,NOT_TESTED,src/routes/blog_.editorial-standards.tsx:72,NOT_TESTED,no current rendered action execution,,not exercised in rendered session,,source-declared control; full handler chain not individually verified,not executed on current branch,not observed,rendered browser action and content/readback not executed on current SHA,NOT_TESTED,,
S-a0b74385df,SOURCE_CONTROL_OCCURRENCE,/castle-peak-road/$segment,src/routes/castle-peak-road.$segment.tsx:116,Button,重新載入,onClick={() => router.invalidate()},,public/shared,runtime role/state not reconciled,UNCLASSIFIED; inspect before execution,,,C-a0b74385df,unique_rendered_control_candidate,S-a0b74385df,no,yes,NOT_TESTED,src/routes/castle-peak-road.$segment.tsx:116,NOT_TESTED,no current rendered action execution,,not exercised in rendered session,,source-declared control; full handler chain not individually verified,not executed on current branch,not observed,rendered browser action and content/readback not executed on current SHA,NOT_TESTED,,
S-4f3b5720cc,SOURCE_CONTROL_OCCURRENCE,/castle-peak-road/$segment,src/routes/castle-peak-road.$segment.tsx:117,Button,dynamic/no static accessible name,,,public/shared,runtime role/state not reconciled,local input/semantic wrapper,,,C-4f3b5720cc,unique_rendered_control_candidate,S-4f3b5720cc,no,yes,NOT_TESTED,src/routes/castle-peak-road.$segment.tsx:117,NOT_TESTED,no current rendered action execution,,not exercised in rendered session,,source-declared control; full handler chain not individually verified,not executed on current branch,not observed,rendered browser action and content/readback not executed on current SHA,NOT_TESTED,,
S-fe68647df1,SOURCE_CONTROL_OCCURRENCE,/castle-peak-road/$segment,src/routes/castle-peak-road.$segment.tsx:118,Link,返回青山公路總覽,,"""/castle-peak-road""",public/shared,runtime role/state not reconciled,navigation; destination may have side effects,,,C-fe68647df1,unique_rendered_control_candidate,S-fe68647df1,no,yes,NOT_TESTED,src/routes/castle-peak-road.$segment.tsx:118,NOT_TESTED,no current rendered action execution,,not exercised in rendered session,,source-declared control; full handler chain not individually verified,not executed on current branch,not observed,rendered browser action and content/readback not executed on current SHA,NOT_TESTED,,
S-9341d6a272,SOURCE_CONTROL_OCCURRENCE,/castle-peak-road/$segment,src/routes/castle-peak-road.$segment.tsx:215,Button,dynamic/no static accessible name,,,public/shared,runtime role/state not reconciled,local input/semantic wrapper,,,C-9341d6a272,equivalent_repeated_row_candidate,S-4f3b5720cc,yes,yes,NOT_TESTED,src/routes/castle-peak-road.$segment.tsx:215,NOT_TESTED,no current rendered action execution,,not exercised in rendered session,,source-declared control; full handler chain not individually verified,not executed on current branch,not observed,rendered browser action and content/readback not executed on current SHA,NOT_TESTED,,
S-7af2977609,SOURCE_CONTROL_OCCURRENCE,/castle-peak-road/$segment,src/routes/castle-peak-road.$segment.tsx:216,a,WhatsApp 查詢,,{whatsappUrl(`你好，我想查詢${segment.nameZh}樓盤`)},public/shared,runtime role/state not reconciled,navigation; destination may have side effects,,,C-7af2977609,unique_rendered_control_candidate,S-7af2977609,no,yes,NOT_TESTED,src/routes/castle-peak-road.$segment.tsx:216,NOT_TESTED,no current rendered action execution,,not exercised in rendered session,,source-declared control; full handler chain not individually verified,not executed on current branch,not observed,rendered browser action and content/readback not executed on current SHA,NOT_TESTED,,
S-8fb6f352b8,SOURCE_CONTROL_OCCURRENCE,/castle-peak-road/$segment,src/routes/castle-peak-road.$segment.tsx:224,Button,dynamic/no static accessible name,,,public/shared,runtime role/state not reconciled,local input/semantic wrapper,,,C-8fb6f352b8,equivalent_repeated_row_candidate,S-4f3b5720cc,yes,yes,NOT_TESTED,src/routes/castle-peak-road.$segment.tsx:224,NOT_TESTED,no current rendered action execution,,not exercised in rendered session,,source-declared control; full handler chain not individually verified,not executed on current branch,not observed,rendered browser action and content/readback not executed on current SHA,NOT_TESTED,,
S-e5928b298d,SOURCE_CONTROL_OCCURRENCE,/castle-peak-road/$segment,src/routes/castle-peak-road.$segment.tsx:225,Link,返回青山公路總覽,,"""/castle-peak-road""",public/shared,runtime role/state not reconciled,navigation; destination may have side effects,,,C-e5928b298d,equivalent_repeated_row_candidate,S-fe68647df1,yes,yes,NOT_TESTED,src/routes/castle-peak-road.$segment.tsx:225,NOT_TESTED,no current rendered action execution,,not exercised in rendered session,,source-declared control; full handler chain not individually verified,not executed on current branch,not observed,rendered browser action and content/readback not executed on current SHA,NOT_TESTED,,
S-fd9638d65b,SOURCE_CONTROL_OCCURRENCE,/castle-peak-road/,src/routes/castle-peak-road.index.tsx:139,Link,dynamic/no static accessible name,,"""/castle-peak-road/$segment""",public/shared,runtime role/state not reconciled,navigation; destination may have side effects,,,C-fd9638d65b,unique_rendered_control_candidate,S-fd9638d65b,no,yes,NOT_TESTED,src/routes/castle-peak-road.index.tsx:139,NOT_TESTED,no current rendered action execution,,not exercised in rendered session,,source-declared control; full handler chain not individually verified,not executed on current branch,not observed,rendered browser action and content/readback not executed on current SHA,NOT_TESTED,,
S-92a8f5321a,SOURCE_CONTROL_OCCURRENCE,/castle-peak-road/,src/routes/castle-peak-road.index.tsx:178,Button,重新載入,onClick={() => router.invalidate()},,public/shared,runtime role/state not reconciled,UNCLASSIFIED; inspect before execution,,,C-92a8f5321a,unique_rendered_control_candidate,S-92a8f5321a,no,yes,NOT_TESTED,src/routes/castle-peak-road.index.tsx:178,NOT_TESTED,no current rendered action execution,,not exercised in rendered session,,source-declared control; full handler chain not individually verified,not executed on current branch,not observed,rendered browser action and content/readback not executed on current SHA,NOT_TESTED,,
S-9e946c7886,SOURCE_CONTROL_OCCURRENCE,/castle-peak-road/,src/routes/castle-peak-road.index.tsx:179,Button,dynamic/no static accessible name,,,public/shared,runtime role/state not reconciled,local input/semantic wrapper,,,C-9e946c7886,unique_rendered_control_candidate,S-9e946c7886,no,yes,NOT_TESTED,src/routes/castle-peak-road.index.tsx:179,NOT_TESTED,no current rendered action execution,,not exercised in rendered session,,source-declared control; full handler chain not individually verified,not executed on current branch,not observed,rendered browser action and content/readback not executed on current SHA,NOT_TESTED,,
S-fd717b5b49,SOURCE_CONTROL_OCCURRENCE,/castle-peak-road/,src/routes/castle-peak-road.index.tsx:180,Link,返回青山公路總覽,,"""/castle-peak-road""",public/shared,runtime role/state not reconciled,navigation; destination may have side effects,,,C-fd717b5b49,unique_rendered_control_candidate,S-fd717b5b49,no,yes,NOT_TESTED,src/routes/castle-peak-road.index.tsx:180,NOT_TESTED,no current rendered action execution,,not exercised in rendered session,,source-declared control; full handler chain not individually verified,not executed on current branch,not observed,rendered browser action and content/readback not executed on current SHA,NOT_TESTED,,
S-e7697b54e1,SOURCE_CONTROL_OCCURRENCE,/castle-peak-road/,src/routes/castle-peak-road.index.tsx:302,Link,{clientAreaEstateLabel(ref)},,"""/estate/$slug""",public/shared,runtime role/state not reconciled,navigation; destination may have side effects,,,C-e7697b54e1,unique_rendered_control_candidate,S-e7697b54e1,no,yes,NOT_TESTED,src/routes/castle-peak-road.index.tsx:302,NOT_TESTED,no current rendered action execution,,not exercised in rendered session,,source-declared control; full handler chain not individually verified,not executed on current branch,not observed,rendered browser action and content/readback not executed on current SHA,NOT_TESTED,,
S-8220a3f8aa,SOURCE_CONTROL_OCCURRENCE,/castle-peak-road/,src/routes/castle-peak-road.index.tsx:441,Link,睇返 {segment.nameZh} 詳情,,"""/castle-peak-road/$segment""",public/shared,runtime role/state not reconciled,navigation; destination may have side effects,,,C-8220a3f8aa,unique_rendered_control_candidate,S-8220a3f8aa,no,yes,NOT_TESTED,src/routes/castle-peak-road.index.tsx:441,NOT_TESTED,no current rendered action execution,,not exercised in rendered session,,source-declared control; full handler chain not individually verified,not executed on current branch,not observed,rendered browser action and content/readback not executed on current SHA,NOT_TESTED,,
S-6acea21a8f,SOURCE_CONTROL_OCCURRENCE,/contact,src/routes/contact.tsx:159,a,dynamic/no static accessible name,,"{whatsappUrl(""你好，我想查詢深井／青山公路／汀九物業"")}",public/shared,runtime role/state not reconciled,navigation; destination may have side effects,,,C-6acea21a8f,unique_rendered_control_candidate,S-6acea21a8f,no,yes,NOT_TESTED,src/routes/contact.tsx:159,NOT_TESTED,no current rendered action execution,,not exercised in rendered session,,source-declared control; full handler chain not individually verified,not executed on current branch,not observed,rendered browser action and content/readback not executed on current SHA,NOT_TESTED,,
S-3cb2e4420e,SOURCE_CONTROL_OCCURRENCE,/contact,src/routes/contact.tsx:164,Button,WhatsApp 即時查詢,,,public/shared,runtime role/state not reconciled,local input/semantic wrapper,,,C-3cb2e4420e,unique_rendered_control_candidate,S-3cb2e4420e,no,yes,NOT_TESTED,src/routes/contact.tsx:164,NOT_TESTED,no current rendered action execution,,not exercised in rendered session,,source-declared control; full handler chain not individually verified,not executed on current branch,not observed,rendered browser action and content/readback not executed on current SHA,NOT_TESTED,,
S-085fb281a0,SOURCE_CONTROL_OCCURRENCE,/contact,src/routes/contact.tsx:205,a,{branch.phone},,{`tel:${branch.phone}`},public/shared,runtime role/state not reconciled,navigation; destination may have side effects,,,C-085fb281a0,unique_rendered_control_candidate,S-085fb281a0,no,yes,NOT_TESTED,src/routes/contact.tsx:205,NOT_TESTED,no current rendered action execution,,not exercised in rendered session,,source-declared control; full handler chain not individually verified,not executed on current branch,not observed,rendered browser action and content/readback not executed on current SHA,NOT_TESTED,,
S-603a78594d,SOURCE_CONTROL_OCCURRENCE,/contact,src/routes/contact.tsx:219,a,WhatsApp 查詢,,{branchWhatsappHref},public/shared,runtime role/state not reconciled,navigation; destination may have side effects,,,C-603a78594d,unique_rendered_control_candidate,S-603a78594d,no,yes,NOT_TESTED,src/routes/contact.tsx:219,NOT_TESTED,no current rendered action execution,,not exercised in rendered session,,source-declared control; full handler chain not individually verified,not executed on current branch,not observed,rendered browser action and content/readback not executed on current SHA,NOT_TESTED,,
S-8f56b4a70b,SOURCE_CONTROL_OCCURRENCE,/contact,src/routes/contact.tsx:274,a,《私隱政策》,,"""/privacy""",public/shared,runtime role/state not reconciled,navigation; destination may have side effects,,,C-8f56b4a70b,unique_rendered_control_candidate,S-8f56b4a70b,no,yes,NOT_TESTED,src/routes/contact.tsx:274,NOT_TESTED,no current rendered action execution,,not exercised in rendered session,,source-declared control; full handler chain not individually verified,not executed on current branch,not observed,rendered browser action and content/readback not executed on current SHA,NOT_TESTED,,
S-01262277e3,SOURCE_CONTROL_OCCURRENCE,/contact,src/routes/contact.tsx:279,form,{},onSubmit={handleSubmit},,public/shared,runtime role/state not reconciled,UNCLASSIFIED; inspect before execution,,,C-01262277e3,unique_rendered_control_candidate,S-01262277e3,no,yes,NOT_TESTED,src/routes/contact.tsx:279,NOT_TESTED,no current rendered action execution,,not exercised in rendered session,,source-declared control; full handler chain not individually verified,not executed on current branch,not observed,rendered browser action and content/readback not executed on current SHA,NOT_TESTED,,
S-5765b1cf72,SOURCE_CONTROL_OCCURRENCE,/contact,src/routes/contact.tsx:282,Input,"""陳先生""",,,public/shared,runtime role/state not reconciled,local input/semantic wrapper,,,C-5765b1cf72,unique_rendered_control_candidate,S-5765b1cf72,no,yes,NOT_TESTED,src/routes/contact.tsx:282,NOT_TESTED,no current rendered action execution,,not exercised in rendered session,,source-declared control; full handler chain not individually verified,not executed on current branch,not observed,rendered browser action and content/readback not executed on current SHA,NOT_TESTED,,
S-6d3a6d7798,SOURCE_CONTROL_OCCURRENCE,/contact,src/routes/contact.tsx:286,Input,"""9123 4567""",,,public/shared,runtime role/state not reconciled,local input/semantic wrapper,,,C-6d3a6d7798,unique_rendered_control_candidate,S-6d3a6d7798,no,yes,NOT_TESTED,src/routes/contact.tsx:286,NOT_TESTED,no current rendered action execution,,not exercised in rendered session,,source-declared control; full handler chain not individually verified,not executed on current branch,not observed,rendered browser action and content/readback not executed on current SHA,NOT_TESTED,,
S-9c56fcd735,SOURCE_CONTROL_OCCURRENCE,/contact,src/routes/contact.tsx:297,Input,dynamic/no static accessible name,,,public/shared,runtime role/state not reconciled,local input/semantic wrapper,,,C-9c56fcd735,unique_rendered_control_candidate,S-9c56fcd735,no,yes,NOT_TESTED,src/routes/contact.tsx:297,NOT_TESTED,no current rendered action execution,,not exercised in rendered session,,source-declared control; full handler chain not individually verified,not executed on current branch,not observed,rendered browser action and content/readback not executed on current SHA,NOT_TESTED,,
S-18782750ad,SOURCE_CONTROL_OCCURRENCE,/contact,src/routes/contact.tsx:301,Select,dynamic/no static accessible name,onValueChange={setEnquiryType},,public/shared,runtime role/state not reconciled,UNCLASSIFIED; inspect before execution,,,C-18782750ad,unique_rendered_control_candidate,S-18782750ad,no,yes,NOT_TESTED,src/routes/contact.tsx:301,NOT_TESTED,no current rendered action execution,,not exercised in rendered session,,source-declared control; full handler chain not individually verified,not executed on current branch,not observed,rendered browser action and content/readback not executed on current SHA,NOT_TESTED,,
S-5b966ef04a,SOURCE_CONTROL_OCCURRENCE,/contact,src/routes/contact.tsx:321,Select,dynamic/no static accessible name,onValueChange={setPreferredContact},,public/shared,runtime role/state not reconciled,UNCLASSIFIED; inspect before execution,,,C-5b966ef04a,unique_rendered_control_candidate,S-5b966ef04a,no,yes,NOT_TESTED,src/routes/contact.tsx:321,NOT_TESTED,no current rendered action execution,,not exercised in rendered session,,source-declared control; full handler chain not individually verified,not executed on current branch,not observed,rendered browser action and content/readback not executed on current SHA,NOT_TESTED,,
S-941cac0b2f,SOURCE_CONTROL_OCCURRENCE,/contact,src/routes/contact.tsx:341,Textarea,"""想查詢買樓／放盤／租務""",,,public/shared,runtime role/state not reconciled,local input/semantic wrapper,,,C-941cac0b2f,unique_rendered_control_candidate,S-941cac0b2f,no,yes,NOT_TESTED,src/routes/contact.tsx:341,NOT_TESTED,no current rendered action execution,,not exercised in rendered session,,source-declared control; full handler chain not individually verified,not executed on current branch,not observed,rendered browser action and content/readback not executed on current SHA,NOT_TESTED,,
S-127f8ff85c,SOURCE_CONTROL_OCCURRENCE,/contact,src/routes/contact.tsx:358,Checkbox,dynamic/no static accessible name,onCheckedChange={(checked) => setConsentWhatsapp(checked === true)},,public/shared,runtime role/state not reconciled,UNCLASSIFIED; inspect before execution,,,C-127f8ff85c,unique_rendered_control_candidate,S-127f8ff85c,no,yes,NOT_TESTED,src/routes/contact.tsx:358,NOT_TESTED,no current rendered action execution,,not exercised in rendered session,,source-declared control; full handler chain not individually verified,not executed on current branch,not observed,rendered browser action and content/readback not executed on current SHA,NOT_TESTED,,
S-29e4ba2540,SOURCE_CONTROL_OCCURRENCE,/contact,src/routes/contact.tsx:371,Button,"{submitting ? ""提交中…"" : ""提交查詢""}",,,public/shared,{submitting},local input/semantic wrapper,,,C-29e4ba2540,unique_rendered_control_candidate,S-29e4ba2540,no,yes,NOT_TESTED,src/routes/contact.tsx:371,NOT_TESTED,no current rendered action execution,,not exercised in rendered session,,source-declared control; full handler chain not individually verified,not executed on current branch,not observed,rendered browser action and content/readback not executed on current SHA,NOT_TESTED,,
S-3ab33a7154,SOURCE_CONTROL_OCCURRENCE,/contact,src/routes/contact.tsx:402,a,{value},,{href},public/shared,runtime role/state not reconciled,navigation; destination may have side effects,,,C-3ab33a7154,unique_rendered_control_candidate,S-3ab33a7154,no,yes,NOT_TESTED,src/routes/contact.tsx:402,NOT_TESTED,no current rendered action execution,,not exercised in rendered session,,source-declared control; full handler chain not individually verified,not executed on current branch,not observed,rendered browser action and content/readback not executed on current SHA,NOT_TESTED,,
S-2fbe89b6c1,SOURCE_CONTROL_OCCURRENCE,/district/sham-tseng,src/routes/district.sham-tseng.tsx:76,Link,返回首頁,,"""/""",public/shared,runtime role/state not reconciled,navigation; destination may have side effects,,,C-2fbe89b6c1,unique_rendered_control_candidate,S-2fbe89b6c1,no,yes,NOT_TESTED,src/routes/district.sham-tseng.tsx:76,NOT_TESTED,no current rendered action execution,,not exercised in rendered session,,source-declared control; full handler chain not individually verified,not executed on current branch,not observed,rendered browser action and content/readback not executed on current SHA,NOT_TESTED,,
S-95abf8204f,SOURCE_CONTROL_OCCURRENCE,/district/sham-tseng,src/routes/district.sham-tseng.tsx:90,button,重試,onClick={() => router.invalidate()},,public/shared,runtime role/state not reconciled,UNCLASSIFIED; inspect before execution,,,C-95abf8204f,unique_rendered_control_candidate,S-95abf8204f,no,yes,NOT_TESTED,src/routes/district.sham-tseng.tsx:90,NOT_TESTED,no current rendered action execution,,not exercised in rendered session,,source-declared control; full handler chain not individually verified,not executed on current branch,not observed,rendered browser action and content/readback not executed on current SHA,NOT_TESTED,,
S-d22569bddc,SOURCE_CONTROL_OCCURRENCE,/district/sham-tseng,src/routes/district.sham-tseng.tsx:226,Button,dynamic/no static accessible name,,,public/shared,runtime role/state not reconciled,local input/semantic wrapper,,,C-d22569bddc,unique_rendered_control_candidate,S-d22569bddc,no,yes,NOT_TESTED,src/routes/district.sham-tseng.tsx:226,NOT_TESTED,no current rendered action execution,,not exercised in rendered session,,source-declared control; full handler chain not individually verified,not executed on current branch,not observed,rendered browser action and content/readback not executed on current SHA,NOT_TESTED,,
S-58dc14f0a0,SOURCE_CONTROL_OCCURRENCE,/district/sham-tseng,src/routes/district.sham-tseng.tsx:227,a,WhatsApp 查詢深井成交,,"{whatsappIntentUrl(""buy"", ctaContext)}",public/shared,runtime role/state not reconciled,navigation; destination may have side effects,,,C-58dc14f0a0,unique_rendered_control_candidate,S-58dc14f0a0,no,yes,NOT_TESTED,src/routes/district.sham-tseng.tsx:227,NOT_TESTED,no current rendered action execution,,not exercised in rendered session,,source-declared control; full handler chain not individually verified,not executed on current branch,not observed,rendered browser action and content/readback not executed on current SHA,NOT_TESTED,,
S-a08351c960,SOURCE_CONTROL_OCCURRENCE,/district/sham-tseng,src/routes/district.sham-tseng.tsx:349,Link,dynamic/no static accessible name,,"""/estate/$slug""",public/shared,runtime role/state not reconciled,navigation; destination may have side effects,,,C-a08351c960,unique_rendered_control_candidate,S-a08351c960,no,yes,NOT_TESTED,src/routes/district.sham-tseng.tsx:349,NOT_TESTED,no current rendered action execution,,not exercised in rendered session,,source-declared control; full handler chain not individually verified,not executed on current branch,not observed,rendered browser action and content/readback not executed on current SHA,NOT_TESTED,,
S-166b972731,SOURCE_CONTROL_OCCURRENCE,/district/sham-tseng,src/routes/district.sham-tseng.tsx:372,Link,青山公路總覽,,"""/castle-peak-road""",public/shared,runtime role/state not reconciled,navigation; destination may have side effects,,,C-166b972731,unique_rendered_control_candidate,S-166b972731,no,yes,NOT_TESTED,src/routes/district.sham-tseng.tsx:372,NOT_TESTED,no current rendered action execution,,not exercised in rendered session,,source-declared control; full handler chain not individually verified,not executed on current branch,not observed,rendered browser action and content/readback not executed on current SHA,NOT_TESTED,,
S-f0f1a40dbd,SOURCE_CONTROL_OCCURRENCE,/district/sham-tseng,src/routes/district.sham-tseng.tsx:378,Link,比較汀九,,"""/castle-peak-road/$segment""",public/shared,runtime role/state not reconciled,navigation; destination may have side effects,,,C-f0f1a40dbd,unique_rendered_control_candidate,S-f0f1a40dbd,no,yes,NOT_TESTED,src/routes/district.sham-tseng.tsx:378,NOT_TESTED,no current rendered action execution,,not exercised in rendered session,,source-declared control; full handler chain not individually verified,not executed on current branch,not observed,rendered browser action and content/readback not executed on current SHA,NOT_TESTED,,
S-3b2687ea8f,SOURCE_CONTROL_OCCURRENCE,/district/sham-tseng,src/routes/district.sham-tseng.tsx:385,Link,青山公路深井段・青龍頭,,"""/castle-peak-road/$segment""",public/shared,runtime role/state not reconciled,navigation; destination may have side effects,,,C-3b2687ea8f,unique_rendered_control_candidate,S-3b2687ea8f,no,yes,NOT_TESTED,src/routes/district.sham-tseng.tsx:385,NOT_TESTED,no current rendered action execution,,not exercised in rendered session,,source-declared control; full handler chain not individually verified,not executed on current branch,not observed,rendered browser action and content/readback not executed on current SHA,NOT_TESTED,,
S-7b8a643a3d,SOURCE_CONTROL_OCCURRENCE,/district/sham-tseng,src/routes/district.sham-tseng.tsx:413,AccordionTrigger,{f.question},,,public/shared,runtime role/state not reconciled,local input/semantic wrapper,,,C-7b8a643a3d,unique_rendered_control_candidate,S-7b8a643a3d,no,yes,NOT_TESTED,src/routes/district.sham-tseng.tsx:413,NOT_TESTED,no current rendered action execution,,not exercised in rendered session,,source-declared control; full handler chain not individually verified,not executed on current branch,not observed,rendered browser action and content/readback not executed on current SHA,NOT_TESTED,,
S-839c4b9105,SOURCE_CONTROL_OCCURRENCE,/district/tsuen-wan,src/routes/district.tsuen-wan.tsx:99,Link,深井地區攻略,,"""/district/sham-tseng""",public/shared,runtime role/state not reconciled,navigation; destination may have side effects,,,C-839c4b9105,unique_rendered_control_candidate,S-839c4b9105,no,yes,NOT_TESTED,src/routes/district.tsuen-wan.tsx:99,NOT_TESTED,no current rendered action execution,,not exercised in rendered session,,source-declared control; full handler chain not individually verified,not executed on current branch,not observed,rendered browser action and content/readback not executed on current SHA,NOT_TESTED,,
S-e1fa8ee824,SOURCE_CONTROL_OCCURRENCE,/district/tsuen-wan,src/routes/district.tsuen-wan.tsx:105,Link,汀九低密度住宅,,"""/castle-peak-road/$segment""",public/shared,runtime role/state not reconciled,navigation; destination may have side effects,,,C-e1fa8ee824,unique_rendered_control_candidate,S-e1fa8ee824,no,yes,NOT_TESTED,src/routes/district.tsuen-wan.tsx:105,NOT_TESTED,no current rendered action execution,,not exercised in rendered session,,source-declared control; full handler chain not individually verified,not executed on current branch,not observed,rendered browser action and content/readback not executed on current SHA,NOT_TESTED,,
S-091b9ac15d,SOURCE_CONTROL_OCCURRENCE,/district/tsuen-wan,src/routes/district.tsuen-wan.tsx:112,Link,青山公路沿線總覽,,"""/castle-peak-road""",public/shared,runtime role/state not reconciled,navigation; destination may have side effects,,,C-091b9ac15d,unique_rendered_control_candidate,S-091b9ac15d,no,yes,NOT_TESTED,src/routes/district.tsuen-wan.tsx:112,NOT_TESTED,no current rendered action execution,,not exercised in rendered session,,source-declared control; full handler chain not individually verified,not executed on current branch,not observed,rendered browser action and content/readback not executed on current SHA,NOT_TESTED,,
S-2c741b948c,SOURCE_CONTROL_OCCURRENCE,/district/tsuen-wan,src/routes/district.tsuen-wan.tsx:118,Link,搜尋荃灣 / 深井放盤,,"""/listings""",public/shared,runtime role/state not reconciled,navigation; destination may have side effects,,,C-2c741b948c,unique_rendered_control_candidate,S-2c741b948c,no,yes,NOT_TESTED,src/routes/district.tsuen-wan.tsx:118,NOT_TESTED,no current rendered action execution,,not exercised in rendered session,,source-declared control; full handler chain not individually verified,not executed on current branch,not observed,rendered browser action and content/readback not executed on current SHA,NOT_TESTED,,
S-9b38bb11c9,SOURCE_CONTROL_OCCURRENCE,/estate-reviews,src/routes/estate-reviews.tsx:146,Button,dynamic/no static accessible name,,,public/shared,runtime role/state not reconciled,local input/semantic wrapper,,,C-9b38bb11c9,unique_rendered_control_candidate,S-9b38bb11c9,no,yes,NOT_TESTED,src/routes/estate-reviews.tsx:146,NOT_TESTED,no current rendered action execution,,not exercised in rendered session,,source-declared control; full handler chain not individually verified,not executed on current branch,not observed,rendered browser action and content/readback not executed on current SHA,NOT_TESTED,,
S-0ef84918a7,SOURCE_CONTROL_OCCURRENCE,/estate-reviews,src/routes/estate-reviews.tsx:147,a,查詢屋苑筍盤,,{inquiryUrl},public/shared,runtime role/state not reconciled,navigation; destination may have side effects,,,C-0ef84918a7,unique_rendered_control_candidate,S-0ef84918a7,no,yes,NOT_TESTED,src/routes/estate-reviews.tsx:147,NOT_TESTED,no current rendered action execution,,not exercised in rendered session,,source-declared control; full handler chain not individually verified,not executed on current branch,not observed,rendered browser action and content/readback not executed on current SHA,NOT_TESTED,,
S-63a74c6996,SOURCE_CONTROL_OCCURRENCE,/estate-reviews,src/routes/estate-reviews.tsx:177,button,{district},onClick={() => setDistrictFilter(district)},,public/shared,runtime role/state not reconciled,UNCLASSIFIED; inspect before execution,,,C-63a74c6996,unique_rendered_control_candidate,S-63a74c6996,no,yes,NOT_TESTED,src/routes/estate-reviews.tsx:177,NOT_TESTED,no current rendered action execution,,not exercised in rendered session,,source-declared control; full handler chain not individually verified,not executed on current branch,not observed,rendered browser action and content/readback not executed on current SHA,NOT_TESTED,,
S-2011731482,SOURCE_CONTROL_OCCURRENCE,/estate-reviews,src/routes/estate-reviews.tsx:196,Link,dynamic/no static accessible name,,"""/estate/$slug""",public/shared,runtime role/state not reconciled,navigation; destination may have side effects,,,C-2011731482,unique_rendered_control_candidate,S-2011731482,no,yes,NOT_TESTED,src/routes/estate-reviews.tsx:196,NOT_TESTED,no current rendered action execution,,not exercised in rendered session,,source-declared control; full handler chain not individually verified,not executed on current branch,not observed,rendered browser action and content/readback not executed on current SHA,NOT_TESTED,,
S-deb8c9fca7,SOURCE_CONTROL_OCCURRENCE,/estate-reviews,src/routes/estate-reviews.tsx:226,Link,dynamic/no static accessible name,,"""/blog/$slug""",public/shared,runtime role/state not reconciled,navigation; destination may have side effects,,,C-deb8c9fca7,unique_rendered_control_candidate,S-deb8c9fca7,no,yes,NOT_TESTED,src/routes/estate-reviews.tsx:226,NOT_TESTED,no current rendered action execution,,not exercised in rendered session,,source-declared control; full handler chain not individually verified,not executed on current branch,not observed,rendered browser action and content/readback not executed on current SHA,NOT_TESTED,,
S-037a115cef,SOURCE_CONTROL_OCCURRENCE,/estate/$slug,src/routes/estate.$slug.tsx:199,Link,回首頁,,"""/""",public/shared,runtime role/state not reconciled,navigation; destination may have side effects,,,C-037a115cef,unique_rendered_control_candidate,S-037a115cef,no,yes,NOT_TESTED,src/routes/estate.$slug.tsx:199,NOT_TESTED,no current rendered action execution,,not exercised in rendered session,,source-declared control; full handler chain not individually verified,not executed on current branch,not observed,rendered browser action and content/readback not executed on current SHA,NOT_TESTED,,
S-bcf74f60af,SOURCE_CONTROL_OCCURRENCE,/estate/$slug,src/routes/estate.$slug.tsx:207,Link,回首頁,,"""/""",public/shared,runtime role/state not reconciled,navigation; destination may have side effects,,,C-bcf74f60af,equivalent_repeated_row_candidate,S-037a115cef,yes,yes,NOT_TESTED,src/routes/estate.$slug.tsx:207,NOT_TESTED,no current rendered action execution,,not exercised in rendered session,,source-declared control; full handler chain not individually verified,not executed on current branch,not observed,rendered browser action and content/readback not executed on current SHA,NOT_TESTED,,
S-787a9b8033,SOURCE_CONTROL_OCCURRENCE,/estate/$slug,src/routes/estate.$slug.tsx:522,Link,查看 {transportSegment.nameZh} 交通及生活資訊 →,,"""/castle-peak-road/$segment""",public/shared,runtime role/state not reconciled,navigation; destination may have side effects,,,C-787a9b8033,unique_rendered_control_candidate,S-787a9b8033,no,yes,NOT_TESTED,src/routes/estate.$slug.tsx:522,NOT_TESTED,no current rendered action execution,,not exercised in rendered session,,source-declared control; full handler chain not individually verified,not executed on current branch,not observed,rendered browser action and content/readback not executed on current SHA,NOT_TESTED,,
S-45faad338a,SOURCE_CONTROL_OCCURRENCE,/estate/$slug,src/routes/estate.$slug.tsx:589,Link,"{agent.name_zh ?? agent.name_en ?? ""晉誠地產代理""}",,"""/agents/$slug""",public/shared,runtime role/state not reconciled,navigation; destination may have side effects,,,C-45faad338a,unique_rendered_control_candidate,S-45faad338a,no,yes,NOT_TESTED,src/routes/estate.$slug.tsx:589,NOT_TESTED,no current rendered action execution,,not exercised in rendered session,,source-declared control; full handler chain not individually verified,not executed on current branch,not observed,rendered browser action and content/readback not executed on current SHA,NOT_TESTED,,
S-88e0dc5a9e,SOURCE_CONTROL_OCCURRENCE,/estate/$slug,src/routes/estate.$slug.tsx:607,Link,"{video.title || ""晉誠地產 YouTube影片""}",,"""/videos""",public/shared,runtime role/state not reconciled,navigation; destination may have side effects,,,C-88e0dc5a9e,unique_rendered_control_candidate,S-88e0dc5a9e,no,yes,NOT_TESTED,src/routes/estate.$slug.tsx:607,NOT_TESTED,no current rendered action execution,,not exercised in rendered session,,source-declared control; full handler chain not individually verified,not executed on current branch,not observed,rendered browser action and content/readback not executed on current SHA,NOT_TESTED,,
S-b3012869d4,SOURCE_CONTROL_OCCURRENCE,/estate/$slug,src/routes/estate.$slug.tsx:625,Link,{article.title},,"""/blog/$slug""",public/shared,runtime role/state not reconciled,navigation; destination may have side effects,,,C-b3012869d4,unique_rendered_control_candidate,S-b3012869d4,no,yes,NOT_TESTED,src/routes/estate.$slug.tsx:625,NOT_TESTED,no current rendered action execution,,not exercised in rendered session,,source-declared control; full handler chain not individually verified,not executed on current branch,not observed,rendered browser action and content/readback not executed on current SHA,NOT_TESTED,,
S-afbc57e1c9,SOURCE_CONTROL_OCCURRENCE,/estate/$slug,src/routes/estate.$slug.tsx:649,Link,查看全部,,"""/listings""",public/shared,runtime role/state not reconciled,navigation; destination may have side effects,,,C-afbc57e1c9,unique_rendered_control_candidate,S-afbc57e1c9,no,yes,NOT_TESTED,src/routes/estate.$slug.tsx:649,NOT_TESTED,no current rendered action execution,,not exercised in rendered session,,source-declared control; full handler chain not individually verified,not executed on current branch,not observed,rendered browser action and content/readback not executed on current SHA,NOT_TESTED,,
S-2d52aa9521,SOURCE_CONTROL_OCCURRENCE,/estate/$slug,src/routes/estate.$slug.tsx:693,a,dynamic/no static accessible name,,"{whatsappIntentUrl(""buy"", ctaContext)}",public/shared,runtime role/state not reconciled,navigation; destination may have side effects,,,C-2d52aa9521,unique_rendered_control_candidate,S-2d52aa9521,no,yes,NOT_TESTED,src/routes/estate.$slug.tsx:693,NOT_TESTED,no current rendered action execution,,not exercised in rendered session,,source-declared control; full handler chain not individually verified,not executed on current branch,not observed,rendered browser action and content/readback not executed on current SHA,NOT_TESTED,,
S-d60ee16267,SOURCE_CONTROL_OCCURRENCE,/estate/$slug,src/routes/estate.$slug.tsx:702,a,dynamic/no static accessible name,,"{whatsappIntentUrl(""rent"", ctaContext)}",public/shared,runtime role/state not reconciled,navigation; destination may have side effects,,,C-d60ee16267,unique_rendered_control_candidate,S-d60ee16267,no,yes,NOT_TESTED,src/routes/estate.$slug.tsx:702,NOT_TESTED,no current rendered action execution,,not exercised in rendered session,,source-declared control; full handler chain not individually verified,not executed on current branch,not observed,rendered browser action and content/readback not executed on current SHA,NOT_TESTED,,
S-54223db123,SOURCE_CONTROL_OCCURRENCE,/estate/$slug,src/routes/estate.$slug.tsx:711,a,dynamic/no static accessible name,,"{whatsappIntentUrl(""valuation"", ctaContext)}",public/shared,runtime role/state not reconciled,navigation; destination may have side effects,,,C-54223db123,unique_rendered_control_candidate,S-54223db123,no,yes,NOT_TESTED,src/routes/estate.$slug.tsx:711,NOT_TESTED,no current rendered action execution,,not exercised in rendered session,,source-declared control; full handler chain not individually verified,not executed on current branch,not observed,rendered browser action and content/readback not executed on current SHA,NOT_TESTED,,
S-29c7981925,SOURCE_CONTROL_OCCURRENCE,/estate/$slug,src/routes/estate.$slug.tsx:735,AccordionTrigger,{f.question},,,public/shared,runtime role/state not reconciled,local input/semantic wrapper,,,C-29c7981925,unique_rendered_control_candidate,S-29c7981925,no,yes,NOT_TESTED,src/routes/estate.$slug.tsx:735,NOT_TESTED,no current rendered action execution,,not exercised in rendered session,,source-declared control; full handler chain not individually verified,not executed on current branch,not observed,rendered browser action and content/readback not executed on current SHA,NOT_TESTED,,
S-c928a9224f,SOURCE_CONTROL_OCCURRENCE,/estate/$slug,src/routes/estate.$slug.tsx:754,Link,dynamic/no static accessible name,,"""/property/$listingNo""",public/shared,runtime role/state not reconciled,navigation; destination may have side effects,,,C-c928a9224f,unique_rendered_control_candidate,S-c928a9224f,no,yes,NOT_TESTED,src/routes/estate.$slug.tsx:754,NOT_TESTED,no current rendered action execution,,not exercised in rendered session,,source-declared control; full handler chain not individually verified,not executed on current branch,not observed,rendered browser action and content/readback not executed on current SHA,NOT_TESTED,,
S-57cd9fd0a0,SOURCE_CONTROL_OCCURRENCE,/,src/routes/index.tsx:321,Button,dynamic/no static accessible name,,,public/shared,runtime role/state not reconciled,local input/semantic wrapper,,,C-57cd9fd0a0,unique_rendered_control_candidate,S-57cd9fd0a0,no,yes,NOT_TESTED,src/routes/index.tsx:321,NOT_TESTED,no current rendered action execution,,not exercised in rendered session,,source-declared control; full handler chain not individually verified,not executed on current branch,not observed,rendered browser action and content/readback not executed on current SHA,NOT_TESTED,,
S-f89715a61e,SOURCE_CONTROL_OCCURRENCE,/,src/routes/index.tsx:326,Link,認識代理團隊,,"""/agents""",public/shared,runtime role/state not reconciled,navigation; destination may have side effects,,,C-f89715a61e,unique_rendered_control_candidate,S-f89715a61e,no,yes,NOT_TESTED,src/routes/index.tsx:326,NOT_TESTED,no current rendered action execution,,not exercised in rendered session,,source-declared control; full handler chain not individually verified,not executed on current branch,not observed,rendered browser action and content/readback not executed on current SHA,NOT_TESTED,,
S-d73d8c9289,SOURCE_CONTROL_OCCURRENCE,/,src/routes/index.tsx:331,Button,dynamic/no static accessible name,,,public/shared,runtime role/state not reconciled,local input/semantic wrapper,,,C-d73d8c9289,equivalent_repeated_row_candidate,S-57cd9fd0a0,yes,yes,NOT_TESTED,src/routes/index.tsx:331,NOT_TESTED,no current rendered action execution,,not exercised in rendered session,,source-declared control; full handler chain not individually verified,not executed on current branch,not observed,rendered browser action and content/readback not executed on current SHA,NOT_TESTED,,
S-cd62e744c8,SOURCE_CONTROL_OCCURRENCE,/,src/routes/index.tsx:337,Link,睇最新市場資訊,,"""/blog""",public/shared,runtime role/state not reconciled,navigation; destination may have side effects,,,C-cd62e744c8,unique_rendered_control_candidate,S-cd62e744c8,no,yes,NOT_TESTED,src/routes/index.tsx:337,NOT_TESTED,no current rendered action execution,,not exercised in rendered session,,source-declared control; full handler chain not individually verified,not executed on current branch,not observed,rendered browser action and content/readback not executed on current SHA,NOT_TESTED,,
S-fd3bb273b2,SOURCE_CONTROL_OCCURRENCE,/,src/routes/index.tsx:349,Select,dynamic/no static accessible name,onValueChange={setSearchType},,public/shared,runtime role/state not reconciled,UNCLASSIFIED; inspect before execution,,,C-fd3bb273b2,unique_rendered_control_candidate,S-fd3bb273b2,no,yes,NOT_TESTED,src/routes/index.tsx:349,NOT_TESTED,no current rendered action execution,,not exercised in rendered session,,source-declared control; full handler chain not individually verified,not executed on current branch,not observed,rendered browser action and content/readback not executed on current SHA,NOT_TESTED,,
S-4b718d5634,SOURCE_CONTROL_OCCURRENCE,/,src/routes/index.tsx:358,Input,"""預算、房數或關鍵字""",onChange={(event) => setSearchKeyword(event.target.value)},,public/shared,runtime role/state not reconciled,UNCLASSIFIED; inspect before execution,,,C-4b718d5634,unique_rendered_control_candidate,S-4b718d5634,no,yes,NOT_TESTED,src/routes/index.tsx:358,NOT_TESTED,no current rendered action execution,,not exercised in rendered session,,source-declared control; full handler chain not individually verified,not executed on current branch,not observed,rendered browser action and content/readback not executed on current SHA,NOT_TESTED,,
S-f262e48b34,SOURCE_CONTROL_OCCURRENCE,/,src/routes/index.tsx:365,Button,搜尋,onClick={submitHeroSearch},,public/shared,runtime role/state not reconciled,UNCLASSIFIED; inspect before execution,,,C-f262e48b34,unique_rendered_control_candidate,S-f262e48b34,no,yes,NOT_TESTED,src/routes/index.tsx:365,NOT_TESTED,no current rendered action execution,,not exercised in rendered session,,source-declared control; full handler chain not individually verified,not executed on current branch,not observed,rendered browser action and content/readback not executed on current SHA,NOT_TESTED,,
S-276ebb8aff,SOURCE_CONTROL_OCCURRENCE,/,src/routes/index.tsx:383,Link,所有放盤 →,,"""/listings""",public/shared,runtime role/state not reconciled,navigation; destination may have side effects,,,C-276ebb8aff,unique_rendered_control_candidate,S-276ebb8aff,no,yes,NOT_TESTED,src/routes/index.tsx:383,NOT_TESTED,no current rendered action execution,,not exercised in rendered session,,source-declared control; full handler chain not individually verified,not executed on current branch,not observed,rendered browser action and content/readback not executed on current SHA,NOT_TESTED,,
S-40e93f80f1,SOURCE_CONTROL_OCCURRENCE,/,src/routes/index.tsx:395,a,dynamic/no static accessible name,,"{whatsappUrl(""你好，想查詢深井、青山公路最新放盤"")}",public/shared,runtime role/state not reconciled,navigation; destination may have side effects,,,C-40e93f80f1,unique_rendered_control_candidate,S-40e93f80f1,no,yes,NOT_TESTED,src/routes/index.tsx:395,NOT_TESTED,no current rendered action execution,,not exercised in rendered session,,source-declared control; full handler chain not individually verified,not executed on current branch,not observed,rendered browser action and content/readback not executed on current SHA,NOT_TESTED,,
S-fbdbfdde1d,SOURCE_CONTROL_OCCURRENCE,/,src/routes/index.tsx:400,Button,WhatsApp 查詢,,,public/shared,runtime role/state not reconciled,local input/semantic wrapper,,,C-fbdbfdde1d,unique_rendered_control_candidate,S-fbdbfdde1d,no,yes,NOT_TESTED,src/routes/index.tsx:400,NOT_TESTED,no current rendered action execution,,not exercised in rendered session,,source-declared control; full handler chain not individually verified,not executed on current branch,not observed,rendered browser action and content/readback not executed on current SHA,NOT_TESTED,,
S-37925f4347,SOURCE_CONTROL_OCCURRENCE,/,src/routes/index.tsx:433,Button,dynamic/no static accessible name,,,public/shared,runtime role/state not reconciled,local input/semantic wrapper,,,C-37925f4347,equivalent_repeated_row_candidate,S-57cd9fd0a0,yes,yes,NOT_TESTED,src/routes/index.tsx:433,NOT_TESTED,no current rendered action execution,,not exercised in rendered session,,source-declared control; full handler chain not individually verified,not executed on current branch,not observed,rendered browser action and content/readback not executed on current SHA,NOT_TESTED,,
S-934030dfbe,SOURCE_CONTROL_OCCURRENCE,/,src/routes/index.tsx:434,Link,所有影片,,"""/videos""",public/shared,runtime role/state not reconciled,navigation; destination may have side effects,,,C-934030dfbe,unique_rendered_control_candidate,S-934030dfbe,no,yes,NOT_TESTED,src/routes/index.tsx:434,NOT_TESTED,no current rendered action execution,,not exercised in rendered session,,source-declared control; full handler chain not individually verified,not executed on current branch,not observed,rendered browser action and content/readback not executed on current SHA,NOT_TESTED,,
S-d7ac021ec6,SOURCE_CONTROL_OCCURRENCE,/,src/routes/index.tsx:519,Button,dynamic/no static accessible name,,,public/shared,runtime role/state not reconciled,local input/semantic wrapper,,,C-d7ac021ec6,equivalent_repeated_row_candidate,S-57cd9fd0a0,yes,yes,NOT_TESTED,src/routes/index.tsx:519,NOT_TESTED,no current rendered action execution,,not exercised in rendered session,,source-declared control; full handler chain not individually verified,not executed on current branch,not observed,rendered browser action and content/readback not executed on current SHA,NOT_TESTED,,
S-d4570195f8,SOURCE_CONTROL_OCCURRENCE,/,src/routes/index.tsx:520,Link,查看全部代理,,"""/agents""",public/shared,runtime role/state not reconciled,navigation; destination may have side effects,,,C-d4570195f8,unique_rendered_control_candidate,S-d4570195f8,no,yes,NOT_TESTED,src/routes/index.tsx:520,NOT_TESTED,no current rendered action execution,,not exercised in rendered session,,source-declared control; full handler chain not individually verified,not executed on current branch,not observed,rendered browser action and content/readback not executed on current SHA,NOT_TESTED,,
S-55d2ee4151,SOURCE_CONTROL_OCCURRENCE,/,src/routes/index.tsx:555,Link,{card},,"""/agents/$slug""",public/shared,runtime role/state not reconciled,navigation; destination may have side effects,,,C-55d2ee4151,unique_rendered_control_candidate,S-55d2ee4151,no,yes,NOT_TESTED,src/routes/index.tsx:555,NOT_TESTED,no current rendered action execution,,not exercised in rendered session,,source-declared control; full handler chain not individually verified,not executed on current branch,not observed,rendered browser action and content/readback not executed on current SHA,NOT_TESTED,,
S-6921d042db,SOURCE_CONTROL_OCCURRENCE,/,src/routes/index.tsx:619,Button,dynamic/no static accessible name,,,public/shared,runtime role/state not reconciled,local input/semantic wrapper,,,C-6921d042db,equivalent_repeated_row_candidate,S-57cd9fd0a0,yes,yes,NOT_TESTED,src/routes/index.tsx:619,NOT_TESTED,no current rendered action execution,,not exercised in rendered session,,source-declared control; full handler chain not individually verified,not executed on current branch,not observed,rendered browser action and content/readback not executed on current SHA,NOT_TESTED,,
S-7059e15bdb,SOURCE_CONTROL_OCCURRENCE,/,src/routes/index.tsx:620,Link,了解晉誠地產,,"""/about""",public/shared,runtime role/state not reconciled,navigation; destination may have side effects,,,C-7059e15bdb,unique_rendered_control_candidate,S-7059e15bdb,no,yes,NOT_TESTED,src/routes/index.tsx:620,NOT_TESTED,no current rendered action execution,,not exercised in rendered session,,source-declared control; full handler chain not individually verified,not executed on current branch,not observed,rendered browser action and content/readback not executed on current SHA,NOT_TESTED,,
S-e6fefb7210,SOURCE_CONTROL_OCCURRENCE,/,src/routes/index.tsx:663,a,{branch.phone},,{phoneHref},public/shared,runtime role/state not reconciled,navigation; destination may have side effects,,,C-e6fefb7210,unique_rendered_control_candidate,S-e6fefb7210,no,yes,NOT_TESTED,src/routes/index.tsx:663,NOT_TESTED,no current rendered action execution,,not exercised in rendered session,,source-declared control; full handler chain not individually verified,not executed on current branch,not observed,rendered browser action and content/readback not executed on current SHA,NOT_TESTED,,
S-fb8c3eebb9,SOURCE_CONTROL_OCCURRENCE,/,src/routes/index.tsx:686,AccordionTrigger,{f.question},,,public/shared,runtime role/state not reconciled,local input/semantic wrapper,,,C-fb8c3eebb9,unique_rendered_control_candidate,S-fb8c3eebb9,no,yes,NOT_TESTED,src/routes/index.tsx:686,NOT_TESTED,no current rendered action execution,,not exercised in rendered session,,source-declared control; full handler chain not individually verified,not executed on current branch,not observed,rendered browser action and content/readback not executed on current SHA,NOT_TESTED,,
S-09c4d952c2,SOURCE_CONTROL_OCCURRENCE,/,src/routes/index.tsx:709,AccordionTrigger,{f.question},,,public/shared,runtime role/state not reconciled,local input/semantic wrapper,,,C-09c4d952c2,equivalent_repeated_row_candidate,S-fb8c3eebb9,yes,yes,NOT_TESTED,src/routes/index.tsx:709,NOT_TESTED,no current rendered action execution,,not exercised in rendered session,,source-declared control; full handler chain not individually verified,not executed on current branch,not observed,rendered browser action and content/readback not executed on current SHA,NOT_TESTED,,
S-d812bf0ac2,SOURCE_CONTROL_OCCURRENCE,/,src/routes/index.tsx:719,Link,青山公路置業指南 →,,"""/castle-peak-road""",public/shared,runtime role/state not reconciled,navigation; destination may have side effects,,,C-d812bf0ac2,unique_rendered_control_candidate,S-d812bf0ac2,no,yes,NOT_TESTED,src/routes/index.tsx:719,NOT_TESTED,no current rendered action execution,,not exercised in rendered session,,source-declared control; full handler chain not individually verified,not executed on current branch,not observed,rendered browser action and content/readback not executed on current SHA,NOT_TESTED,,
S-89300d54d2,SOURCE_CONTROL_OCCURRENCE,/,src/routes/index.tsx:722,Link,深井地區攻略 →,,"""/district/sham-tseng""",public/shared,runtime role/state not reconciled,navigation; destination may have side effects,,,C-89300d54d2,unique_rendered_control_candidate,S-89300d54d2,no,yes,NOT_TESTED,src/routes/index.tsx:722,NOT_TESTED,no current rendered action execution,,not exercised in rendered session,,source-declared control; full handler chain not individually verified,not executed on current branch,not observed,rendered browser action and content/readback not executed on current SHA,NOT_TESTED,,
S-2a22c2849d,SOURCE_CONTROL_OCCURRENCE,/,src/routes/index.tsx:725,Link,屋苑開箱文章 →,,"""/estate-reviews""",public/shared,runtime role/state not reconciled,navigation; destination may have side effects,,,C-2a22c2849d,unique_rendered_control_candidate,S-2a22c2849d,no,yes,NOT_TESTED,src/routes/index.tsx:725,NOT_TESTED,no current rendered action execution,,not exercised in rendered session,,source-declared control; full handler chain not individually verified,not executed on current branch,not observed,rendered browser action and content/readback not executed on current SHA,NOT_TESTED,,
S-a6670ba706,SOURCE_CONTROL_OCCURRENCE,/,src/routes/index.tsx:833,Link,{content},,{href},public/shared,runtime role/state not reconciled,navigation; destination may have side effects,,,C-a6670ba706,unique_rendered_control_candidate,S-a6670ba706,no,yes,NOT_TESTED,src/routes/index.tsx:833,NOT_TESTED,no current rendered action execution,,not exercised in rendered session,,source-declared control; full handler chain not individually verified,not executed on current branch,not observed,rendered browser action and content/readback not executed on current SHA,NOT_TESTED,,
S-c7f2a9edcb,SOURCE_CONTROL_OCCURRENCE,/,src/routes/index.tsx:898,Link,{media} {body},,"""/property/$listingNo""",public/shared,runtime role/state not reconciled,navigation; destination may have side effects,,,C-c7f2a9edcb,unique_rendered_control_candidate,S-c7f2a9edcb,no,yes,NOT_TESTED,src/routes/index.tsx:898,NOT_TESTED,no current rendered action execution,,not exercised in rendered session,,source-declared control; full handler chain not individually verified,not executed on current branch,not observed,rendered browser action and content/readback not executed on current SHA,NOT_TESTED,,
S-0e5d3dab1f,SOURCE_CONTROL_OCCURRENCE,/,src/routes/index.tsx:910,a,{media} {body},,{video.url},public/shared,runtime role/state not reconciled,navigation; destination may have side effects,,,C-0e5d3dab1f,unique_rendered_control_candidate,S-0e5d3dab1f,no,yes,NOT_TESTED,src/routes/index.tsx:910,NOT_TESTED,no current rendered action execution,,not exercised in rendered session,,source-declared control; full handler chain not individually verified,not executed on current branch,not observed,rendered browser action and content/readback not executed on current SHA,NOT_TESTED,,
S-53a9e762c5,SOURCE_CONTROL_OCCURRENCE,/,src/routes/index.tsx:987,Link,"{} {cover || photoCount > 0 || hasVideo ? null : ( <Building2 className=""absolute right-3 top-3 h-7 w-7 text-primary-foreground/30"" /> )} {} {photoCou",,"""/property/$listingNo""",public/shared,runtime role/state not reconciled,navigation; destination may have side effects,,,C-53a9e762c5,unique_rendered_control_candidate,S-53a9e762c5,no,yes,NOT_TESTED,src/routes/index.tsx:987,NOT_TESTED,no current rendered action execution,,not exercised in rendered session,,source-declared control; full handler chain not individually verified,not executed on current branch,not observed,rendered browser action and content/readback not executed on current SHA,NOT_TESTED,,
S-4960acd5ee,SOURCE_CONTROL_OCCURRENCE,/,src/routes/index.tsx:1064,Link,{publicPropertyTitle(property)},,"""/property/$listingNo""",public/shared,runtime role/state not reconciled,navigation; destination may have side effects,,,C-4960acd5ee,unique_rendered_control_candidate,S-4960acd5ee,no,yes,NOT_TESTED,src/routes/index.tsx:1064,NOT_TESTED,no current rendered action execution,,not exercised in rendered session,,source-declared control; full handler chain not individually verified,not executed on current branch,not observed,rendered browser action and content/readback not executed on current SHA,NOT_TESTED,,
S-b0f330df3e,SOURCE_CONTROL_OCCURRENCE,/,src/routes/index.tsx:1094,a,dynamic/no static accessible name,,{whatsappAction.href},public/shared,runtime role/state not reconciled,navigation; destination may have side effects,,,C-b0f330df3e,unique_rendered_control_candidate,S-b0f330df3e,no,yes,NOT_TESTED,src/routes/index.tsx:1094,NOT_TESTED,no current rendered action execution,,not exercised in rendered session,,source-declared control; full handler chain not individually verified,not executed on current branch,not observed,rendered browser action and content/readback not executed on current SHA,NOT_TESTED,,
S-252d313a6c,SOURCE_CONTROL_OCCURRENCE,/,src/routes/index.tsx:1100,Button,WhatsApp 查詢,,,public/shared,runtime role/state not reconciled,local input/semantic wrapper,,,C-252d313a6c,equivalent_repeated_row_candidate,S-fbdbfdde1d,yes,yes,NOT_TESTED,src/routes/index.tsx:1100,NOT_TESTED,no current rendered action execution,,not exercised in rendered session,,source-declared control; full handler chain not individually verified,not executed on current branch,not observed,rendered browser action and content/readback not executed on current SHA,NOT_TESTED,,
S-cfd4528bea,SOURCE_CONTROL_OCCURRENCE,/listings,src/routes/listings.tsx:253,Select,dynamic/no static accessible name,"onValueChange={(value: SortOption) =>
          navigate({
            // Sorting keeps every other active filter as-is -- only the sort
            // column changes, plus the page resets since ""page 2"" means a
            // different set of rows once the ordering changes.
            search: (prev: Record<string, unknown>) => ({
              ...prev,
              sort: value,
              page: 1,
            }),
          })
        }",,public/shared,runtime role/state not reconciled,UNCLASSIFIED; inspect before execution,,,C-cfd4528bea,unique_rendered_control_candidate,S-cfd4528bea,no,yes,NOT_TESTED,src/routes/listings.tsx:253,NOT_TESTED,no current rendered action execution,,not exercised in rendered session,,source-declared control; full handler chain not individually verified,not executed on current branch,not observed,rendered browser action and content/readback not executed on current SHA,NOT_TESTED,,
S-2f6b5c88f3,SOURCE_CONTROL_OCCURRENCE,/listings,src/routes/listings.tsx:413,Link,{`移除篩選：${label}`},,"""/listings""",public/shared,runtime role/state not reconciled,navigation; destination may have side effects,,,C-2f6b5c88f3,unique_rendered_control_candidate,S-2f6b5c88f3,no,yes,NOT_TESTED,src/routes/listings.tsx:413,NOT_TESTED,no current rendered action execution,,not exercised in rendered session,,source-declared control; full handler chain not individually verified,not executed on current branch,not observed,rendered browser action and content/readback not executed on current SHA,NOT_TESTED,,
S-e0bec0c78c,SOURCE_CONTROL_OCCURRENCE,/listings,src/routes/listings.tsx:588,Input,"""屋苑、街道或樓盤編號""","onChange={(e) => setKeyword(e.target.value)} | onKeyDown={(e) => {
            if (e.key === ""Enter"") apply();
          }}",,未登入公眾,runtime role/state not reconciled,read-only/local view,UC16,,C-e0bec0c78c,unique_rendered_control_candidate,S-e0bec0c78c,no,yes,PASS,evidence/search-A074714.jpg,NOT_TESTED,no current rendered action execution,,not exercised in rendered session,,source-declared control; full handler chain not individually verified,not executed on current branch,not observed,rendered browser action and content/readback not executed on current SHA,NOT_TESTED,,
S-4beeb660fa,SOURCE_CONTROL_OCCURRENCE,/listings,src/routes/listings.tsx:611,button,"{v === ""all"" ? ""全部"" : v === ""sale"" ? ""售盤"" : ""租盤""}",onClick={() => setDeal(v)},,public/shared,runtime role/state not reconciled,UNCLASSIFIED; inspect before execution,,,C-4beeb660fa,unique_rendered_control_candidate,S-4beeb660fa,no,yes,NOT_TESTED,src/routes/listings.tsx:611,NOT_TESTED,no current rendered action execution,,not exercised in rendered session,,source-declared control; full handler chain not individually verified,not executed on current branch,not observed,rendered browser action and content/readback not executed on current SHA,NOT_TESTED,,
S-93e06b96ac,SOURCE_CONTROL_OCCURRENCE,/listings,src/routes/listings.tsx:632,Input,{`最低${priceUnitLabel} (HKD)`},onChange={(e) => setMinPrice(e.target.value)},,public/shared,{isAllDeals},UNCLASSIFIED; inspect before execution,,,C-93e06b96ac,unique_rendered_control_candidate,S-93e06b96ac,no,yes,NOT_TESTED,src/routes/listings.tsx:632,NOT_TESTED,no current rendered action execution,,not exercised in rendered session,,source-declared control; full handler chain not individually verified,not executed on current branch,not observed,rendered browser action and content/readback not executed on current SHA,NOT_TESTED,,
S-9ef311e3e8,SOURCE_CONTROL_OCCURRENCE,/listings,src/routes/listings.tsx:644,Input,{`最高${priceUnitLabel} (HKD)`},onChange={(e) => setMaxPrice(e.target.value)},,public/shared,{isAllDeals},UNCLASSIFIED; inspect before execution,,,C-9ef311e3e8,unique_rendered_control_candidate,S-9ef311e3e8,no,yes,NOT_TESTED,src/routes/listings.tsx:644,NOT_TESTED,no current rendered action execution,,not exercised in rendered session,,source-declared control; full handler chain not individually verified,not executed on current branch,not observed,rendered browser action and content/readback not executed on current SHA,NOT_TESTED,,
S-5b3aaa0d1d,SOURCE_CONTROL_OCCURRENCE,/listings,src/routes/listings.tsx:667,Select,dynamic/no static accessible name,onValueChange={setBedrooms},,public/shared,runtime role/state not reconciled,UNCLASSIFIED; inspect before execution,,,C-5b3aaa0d1d,unique_rendered_control_candidate,S-5b3aaa0d1d,no,yes,NOT_TESTED,src/routes/listings.tsx:667,NOT_TESTED,no current rendered action execution,,not exercised in rendered session,,source-declared control; full handler chain not individually verified,not executed on current branch,not observed,rendered browser action and content/readback not executed on current SHA,NOT_TESTED,,
S-aed5ab9d8e,SOURCE_CONTROL_OCCURRENCE,/listings,src/routes/listings.tsx:686,Select,dynamic/no static accessible name,onValueChange={setDistrict},,public/shared,runtime role/state not reconciled,UNCLASSIFIED; inspect before execution,,,C-aed5ab9d8e,unique_rendered_control_candidate,S-aed5ab9d8e,no,yes,NOT_TESTED,src/routes/listings.tsx:686,NOT_TESTED,no current rendered action execution,,not exercised in rendered session,,source-declared control; full handler chain not individually verified,not executed on current branch,not observed,rendered browser action and content/readback not executed on current SHA,NOT_TESTED,,
S-06cdef163d,SOURCE_CONTROL_OCCURRENCE,/listings,src/routes/listings.tsx:704,Select,dynamic/no static accessible name,onValueChange={setEstate},,public/shared,runtime role/state not reconciled,UNCLASSIFIED; inspect before execution,,,C-06cdef163d,unique_rendered_control_candidate,S-06cdef163d,no,yes,NOT_TESTED,src/routes/listings.tsx:704,NOT_TESTED,no current rendered action execution,,not exercised in rendered session,,source-declared control; full handler chain not individually verified,not executed on current branch,not observed,rendered browser action and content/readback not executed on current SHA,NOT_TESTED,,
S-8cd60ba989,SOURCE_CONTROL_OCCURRENCE,/listings,src/routes/listings.tsx:735,Button,套用篩選,onClick={filters.apply},,未登入公眾,runtime role/state not reconciled,read-only/local view,UC16,,C-8cd60ba989;U16,unique_rendered_control_candidate,S-8cd60ba989,no,yes,PASS,evidence/search-A074714.jpg,NOT_TESTED,no current rendered action execution,,not exercised in rendered session,,source-declared control; full handler chain not individually verified,not executed on current branch,not observed,rendered browser action and content/readback not executed on current SHA,NOT_TESTED,,
S-45883a2305,SOURCE_CONTROL_OCCURRENCE,/listings,src/routes/listings.tsx:738,Button,清除全部,onClick={filters.reset},,public/shared,runtime role/state not reconciled,UNCLASSIFIED; inspect before execution,,,C-45883a2305,unique_rendered_control_candidate,S-45883a2305,no,yes,NOT_TESTED,src/routes/listings.tsx:738,NOT_TESTED,no current rendered action execution,,not exercised in rendered session,,source-declared control; full handler chain not individually verified,not executed on current branch,not observed,rendered browser action and content/readback not executed on current SHA,NOT_TESTED,,
S-8d78cbce4d,SOURCE_CONTROL_OCCURRENCE,/listings,src/routes/listings.tsx:759,Sheet,dynamic/no static accessible name,onOpenChange={setOpen},,public/shared,runtime role/state not reconciled,UNCLASSIFIED; inspect before execution,,,C-8d78cbce4d,container_wrapper_candidate,S-8d78cbce4d,no,yes,NOT_TESTED,src/routes/listings.tsx:759,NOT_TESTED,no current rendered action execution,,not exercised in rendered session,,source-declared control; full handler chain not individually verified,not executed on current branch,not observed,rendered browser action and content/readback not executed on current SHA,NOT_TESTED,,
S-70e44abd8d,SOURCE_CONTROL_OCCURRENCE,/listings,src/routes/listings.tsx:760,SheetTrigger,dynamic/no static accessible name,,,public/shared,runtime role/state not reconciled,local input/semantic wrapper,,,C-70e44abd8d,unique_rendered_control_candidate,S-70e44abd8d,no,yes,NOT_TESTED,src/routes/listings.tsx:760,NOT_TESTED,no current rendered action execution,,not exercised in rendered session,,source-declared control; full handler chain not individually verified,not executed on current branch,not observed,rendered browser action and content/readback not executed on current SHA,NOT_TESTED,,
S-14f47ce576,SOURCE_CONTROL_OCCURRENCE,/listings,src/routes/listings.tsx:761,Button,"篩選 {activeCount > 0 && ( <span className=""ml-0.5 inline-flex h-5 min-w-5 items-center justify-center rounded-full bg-primary px-1 text-[11px] font-sem",,,public/shared,runtime role/state not reconciled,local input/semantic wrapper,,,C-14f47ce576,unique_rendered_control_candidate,S-14f47ce576,no,yes,NOT_TESTED,src/routes/listings.tsx:761,NOT_TESTED,no current rendered action execution,,not exercised in rendered session,,source-declared control; full handler chain not individually verified,not executed on current branch,not observed,rendered browser action and content/readback not executed on current SHA,NOT_TESTED,,
S-0099f4e5fd,SOURCE_CONTROL_OCCURRENCE,/listings,src/routes/listings.tsx:778,Button,套用,"onClick={() => {
                filters.apply();
                setOpen(false);
              }}",,public/shared,runtime role/state not reconciled,UNCLASSIFIED; inspect before execution,,,C-0099f4e5fd,unique_rendered_control_candidate,S-0099f4e5fd,no,yes,NOT_TESTED,src/routes/listings.tsx:778,NOT_TESTED,no current rendered action execution,,not exercised in rendered session,,source-declared control; full handler chain not individually verified,not executed on current branch,not observed,rendered browser action and content/readback not executed on current SHA,NOT_TESTED,,
S-58619dfca2,SOURCE_CONTROL_OCCURRENCE,/listings,src/routes/listings.tsx:787,Button,清除,"onClick={() => {
                filters.reset();
                setOpen(false);
              }}",,public/shared,runtime role/state not reconciled,UNCLASSIFIED; inspect before execution,,,C-58619dfca2,unique_rendered_control_candidate,S-58619dfca2,no,yes,NOT_TESTED,src/routes/listings.tsx:787,NOT_TESTED,no current rendered action execution,,not exercised in rendered session,,source-declared control; full handler chain not individually verified,not executed on current branch,not observed,rendered browser action and content/readback not executed on current SHA,NOT_TESTED,,
S-5c3ab237b1,SOURCE_CONTROL_OCCURRENCE,/listings,src/routes/listings.tsx:818,button,"""格狀顯示""","onClick={() => onChange(""grid"")}",,public/shared,runtime role/state not reconciled,UNCLASSIFIED; inspect before execution,,,C-5c3ab237b1,unique_rendered_control_candidate,S-5c3ab237b1,no,yes,NOT_TESTED,src/routes/listings.tsx:818,NOT_TESTED,no current rendered action execution,,not exercised in rendered session,,source-declared control; full handler chain not individually verified,not executed on current branch,not observed,rendered browser action and content/readback not executed on current SHA,NOT_TESTED,,
S-abc50d7850,SOURCE_CONTROL_OCCURRENCE,/listings,src/routes/listings.tsx:831,button,"""列表顯示""","onClick={() => onChange(""list"")}",,未登入公眾,runtime role/state not reconciled,read-only/local view,UC16,,C-abc50d7850,unique_rendered_control_candidate,S-abc50d7850,no,yes,PASS,evidence/browser-observations.md,NOT_TESTED,no current rendered action execution,,not exercised in rendered session,,source-declared control; full handler chain not individually verified,not executed on current branch,not observed,rendered browser action and content/readback not executed on current SHA,NOT_TESTED,,
S-68e775ccb6,SOURCE_CONTROL_OCCURRENCE,/listings,src/routes/listings.tsx:921,Button,儲存呢個搜尋,onClick={handleSave},,public/shared,runtime role/state not reconciled,UNCLASSIFIED; inspect before execution,,,C-68e775ccb6,unique_rendered_control_candidate,S-68e775ccb6,no,yes,NOT_TESTED,src/routes/listings.tsx:921,NOT_TESTED,no current rendered action execution,,not exercised in rendered session,,source-declared control; full handler chain not individually verified,not executed on current branch,not observed,rendered browser action and content/readback not executed on current SHA,NOT_TESTED,,
S-ab62b56283,SOURCE_CONTROL_OCCURRENCE,/listings,src/routes/listings.tsx:926,Popover,dynamic/no static accessible name,onOpenChange={setOpen},,public/shared,runtime role/state not reconciled,UNCLASSIFIED; inspect before execution,,,C-ab62b56283,container_wrapper_candidate,S-ab62b56283,no,yes,NOT_TESTED,src/routes/listings.tsx:926,NOT_TESTED,no current rendered action execution,,not exercised in rendered session,,source-declared control; full handler chain not individually verified,not executed on current branch,not observed,rendered browser action and content/readback not executed on current SHA,NOT_TESTED,,
S-b397bb4ead,SOURCE_CONTROL_OCCURRENCE,/listings,src/routes/listings.tsx:928,Button,"已儲存搜尋 {savedSearches.length > 0 && ( <span className=""ml-0.5 inline-flex h-5 min-w-5 items-center justify-center rounded-full bg-primary px-1 text-[11",,,public/shared,runtime role/state not reconciled,local input/semantic wrapper,,,C-b397bb4ead,unique_rendered_control_candidate,S-b397bb4ead,no,yes,NOT_TESTED,src/routes/listings.tsx:928,NOT_TESTED,no current rendered action execution,,not exercised in rendered session,,source-declared control; full handler chain not individually verified,not executed on current branch,not observed,rendered browser action and content/readback not executed on current SHA,NOT_TESTED,,
S-863e1e90e2,SOURCE_CONTROL_OCCURRENCE,/listings,src/routes/listings.tsx:948,button,dynamic/no static accessible name,onClick={() => handleApply(entry)},,public/shared,runtime role/state not reconciled,UNCLASSIFIED; inspect before execution,,,C-863e1e90e2,unique_rendered_control_candidate,S-863e1e90e2,no,yes,NOT_TESTED,src/routes/listings.tsx:948,NOT_TESTED,no current rendered action execution,,not exercised in rendered session,,source-declared control; full handler chain not individually verified,not executed on current branch,not observed,rendered browser action and content/readback not executed on current SHA,NOT_TESTED,,
S-8eb278ceb7,SOURCE_CONTROL_OCCURRENCE,/listings,src/routes/listings.tsx:958,button,{`刪除已儲存搜尋：${entry.label}`},onClick={() => handleDelete(entry.id)},,public/shared,runtime role/state not reconciled,UNCLASSIFIED; inspect before execution,,,C-8eb278ceb7,unique_rendered_control_candidate,S-8eb278ceb7,no,yes,NOT_TESTED,src/routes/listings.tsx:958,NOT_TESTED,no current rendered action execution,,not exercised in rendered session,,source-declared control; full handler chain not individually verified,not executed on current branch,not observed,rendered browser action and content/readback not executed on current SHA,NOT_TESTED,,
S-bfb1684e9a,SOURCE_CONTROL_OCCURRENCE,/listings,src/routes/listings.tsx:1071,form,dynamic/no static accessible name,onSubmit={handleSubmit},,public/shared,runtime role/state not reconciled,UNCLASSIFIED; inspect before execution,,,C-bfb1684e9a,unique_rendered_control_candidate,S-bfb1684e9a,no,yes,NOT_TESTED,src/routes/listings.tsx:1071,NOT_TESTED,no current rendered action execution,,not exercised in rendered session,,source-declared control; full handler chain not individually verified,not executed on current branch,not observed,rendered browser action and content/readback not executed on current SHA,NOT_TESTED,,
S-9ca0eafd00,SOURCE_CONTROL_OCCURRENCE,/listings,src/routes/listings.tsx:1079,Input,"""陳先生""",onChange={(e) => setName(e.target.value)},,public/shared,runtime role/state not reconciled,UNCLASSIFIED; inspect before execution,,,C-9ca0eafd00,unique_rendered_control_candidate,S-9ca0eafd00,no,yes,NOT_TESTED,src/routes/listings.tsx:1079,NOT_TESTED,no current rendered action execution,,not exercised in rendered session,,source-declared control; full handler chain not individually verified,not executed on current branch,not observed,rendered browser action and content/readback not executed on current SHA,NOT_TESTED,,
S-2da2ce6d95,SOURCE_CONTROL_OCCURRENCE,/listings,src/routes/listings.tsx:1090,Input,"""9123 4567""",onChange={(e) => setPhone(e.target.value)},,public/shared,runtime role/state not reconciled,UNCLASSIFIED; inspect before execution,,,C-2da2ce6d95,unique_rendered_control_candidate,S-2da2ce6d95,no,yes,NOT_TESTED,src/routes/listings.tsx:1090,NOT_TESTED,no current rendered action execution,,not exercised in rendered session,,source-declared control; full handler chain not individually verified,not executed on current branch,not observed,rendered browser action and content/readback not executed on current SHA,NOT_TESTED,,
S-f24f43c99b,SOURCE_CONTROL_OCCURRENCE,/listings,src/routes/listings.tsx:1102,Input,dynamic/no static accessible name,onChange={(e) => setEmail(e.target.value)},,public/shared,runtime role/state not reconciled,UNCLASSIFIED; inspect before execution,,,C-f24f43c99b,unique_rendered_control_candidate,S-f24f43c99b,no,yes,NOT_TESTED,src/routes/listings.tsx:1102,NOT_TESTED,no current rendered action execution,,not exercised in rendered session,,source-declared control; full handler chain not individually verified,not executed on current branch,not observed,rendered browser action and content/readback not executed on current SHA,NOT_TESTED,,
S-e9d5e3bf9e,SOURCE_CONTROL_OCCURRENCE,/listings,src/routes/listings.tsx:1112,Checkbox,dynamic/no static accessible name,onCheckedChange={(checked) => setConsent(checked === true)},,public/shared,runtime role/state not reconciled,UNCLASSIFIED; inspect before execution,,,C-e9d5e3bf9e,unique_rendered_control_candidate,S-e9d5e3bf9e,no,yes,NOT_TESTED,src/routes/listings.tsx:1112,NOT_TESTED,no current rendered action execution,,not exercised in rendered session,,source-declared control; full handler chain not individually verified,not executed on current branch,not observed,rendered browser action and content/readback not executed on current SHA,NOT_TESTED,,
S-d29815f086,SOURCE_CONTROL_OCCURRENCE,/listings,src/routes/listings.tsx:1125,Button,"{submitting ? ""提交中…"" : ""設定通知""}",,,public/shared,{submitting || !consent},local input/semantic wrapper,,,C-d29815f086,unique_rendered_control_candidate,S-d29815f086,no,yes,NOT_TESTED,src/routes/listings.tsx:1125,NOT_TESTED,no current rendered action execution,,not exercised in rendered session,,source-declared control; full handler chain not individually verified,not executed on current branch,not observed,rendered browser action and content/readback not executed on current SHA,NOT_TESTED,,
S-da56d3a8fd,SOURCE_CONTROL_OCCURRENCE,/listings,src/routes/listings.tsx:1173,Button,重新載入,onClick={() => router.invalidate()},,public/shared,runtime role/state not reconciled,UNCLASSIFIED; inspect before execution,,,C-da56d3a8fd,unique_rendered_control_candidate,S-da56d3a8fd,no,yes,NOT_TESTED,src/routes/listings.tsx:1173,NOT_TESTED,no current rendered action execution,,not exercised in rendered session,,source-declared control; full handler chain not individually verified,not executed on current branch,not observed,rendered browser action and content/readback not executed on current SHA,NOT_TESTED,,
S-4842460840,SOURCE_CONTROL_OCCURRENCE,/listings,src/routes/listings.tsx:1174,Button,dynamic/no static accessible name,,,public/shared,runtime role/state not reconciled,local input/semantic wrapper,,,C-4842460840,unique_rendered_control_candidate,S-4842460840,no,yes,NOT_TESTED,src/routes/listings.tsx:1174,NOT_TESTED,no current rendered action execution,,not exercised in rendered session,,source-declared control; full handler chain not individually verified,not executed on current branch,not observed,rendered browser action and content/readback not executed on current SHA,NOT_TESTED,,
S-b31b27bb9e,SOURCE_CONTROL_OCCURRENCE,/listings,src/routes/listings.tsx:1175,Link,返回搜尋首頁,,"""/listings""",public/shared,runtime role/state not reconciled,navigation; destination may have side effects,,,C-b31b27bb9e,unique_rendered_control_candidate,S-b31b27bb9e,no,yes,NOT_TESTED,src/routes/listings.tsx:1175,NOT_TESTED,no current rendered action execution,,not exercised in rendered session,,source-declared control; full handler chain not individually verified,not executed on current branch,not observed,rendered browser action and content/readback not executed on current SHA,NOT_TESTED,,
S-cb50052123,SOURCE_CONTROL_OCCURRENCE,/listings,src/routes/listings.tsx:1260,ViewModeToggle,dynamic/no static accessible name,onChange={setViewMode},,public/shared,runtime role/state not reconciled,UNCLASSIFIED; inspect before execution,,,C-cb50052123,unique_rendered_control_candidate,S-cb50052123,no,yes,NOT_TESTED,src/routes/listings.tsx:1260,NOT_TESTED,no current rendered action execution,,not exercised in rendered session,,source-declared control; full handler chain not individually verified,not executed on current branch,not observed,rendered browser action and content/readback not executed on current SHA,NOT_TESTED,,
S-925bedf09e,SOURCE_CONTROL_OCCURRENCE,/listings,src/routes/listings.tsx:1277,Link,清除全部篩選,,"""/listings""",public/shared,runtime role/state not reconciled,navigation; destination may have side effects,,,C-925bedf09e,unique_rendered_control_candidate,S-925bedf09e,no,yes,NOT_TESTED,src/routes/listings.tsx:1277,NOT_TESTED,no current rendered action execution,,not exercised in rendered session,,source-declared control; full handler chain not individually verified,not executed on current branch,not observed,rendered browser action and content/readback not executed on current SHA,NOT_TESTED,,
S-71a90a7ef5,SOURCE_CONTROL_OCCURRENCE,/listings,src/routes/listings.tsx:1291,Link,清除篩選,,"""/listings""",public/shared,runtime role/state not reconciled,navigation; destination may have side effects,,,C-71a90a7ef5,unique_rendered_control_candidate,S-71a90a7ef5,no,yes,NOT_TESTED,src/routes/listings.tsx:1291,NOT_TESTED,no current rendered action execution,,not exercised in rendered session,,source-declared control; full handler chain not individually verified,not executed on current branch,not observed,rendered browser action and content/readback not executed on current SHA,NOT_TESTED,,
S-4cb65b5260,SOURCE_CONTROL_OCCURRENCE,/listings,src/routes/listings.tsx:1386,Link,dynamic/no static accessible name,,"""/property/$listingNo""",public/shared,runtime role/state not reconciled,navigation; destination may have side effects,,,C-4cb65b5260,unique_rendered_control_candidate,S-4cb65b5260,no,yes,NOT_TESTED,src/routes/listings.tsx:1386,NOT_TESTED,no current rendered action execution,,not exercised in rendered session,,source-declared control; full handler chain not individually verified,not executed on current branch,not observed,rendered browser action and content/readback not executed on current SHA,NOT_TESTED,,
S-0e23525301,SOURCE_CONTROL_OCCURRENCE,/listings,src/routes/listings.tsx:1437,a,WhatsApp 查詢,,{action.href},public/shared,runtime role/state not reconciled,navigation; destination may have side effects,,,C-0e23525301,unique_rendered_control_candidate,S-0e23525301,no,yes,NOT_TESTED,src/routes/listings.tsx:1437,NOT_TESTED,no current rendered action execution,,not exercised in rendered session,,source-declared control; full handler chain not individually verified,not executed on current branch,not observed,rendered browser action and content/readback not executed on current SHA,NOT_TESTED,,
S-01edf1e046,SOURCE_CONTROL_OCCURRENCE,/listings,src/routes/listings.tsx:1450,button,{favourited ? `已加入心水：${safeTitle}` : `加入心水：${safeTitle}`},onClick={toggle},,public/shared,runtime role/state not reconciled,UNCLASSIFIED; inspect before execution,,,C-01edf1e046,unique_rendered_control_candidate,S-01edf1e046,no,yes,NOT_TESTED,src/routes/listings.tsx:1450,NOT_TESTED,no current rendered action execution,,not exercised in rendered session,,source-declared control; full handler chain not individually verified,not executed on current branch,not observed,rendered browser action and content/readback not executed on current SHA,NOT_TESTED,,
S-f14d8cb079,SOURCE_CONTROL_OCCURRENCE,/listings,src/routes/listings.tsx:1459,button,{`分享：${safeTitle}`},"onClick={() => handleCardShare(safeTitle, publicPropertyNo(p))}",,public/shared,runtime role/state not reconciled,UNCLASSIFIED; inspect before execution,,,C-f14d8cb079,unique_rendered_control_candidate,S-f14d8cb079,no,yes,NOT_TESTED,src/routes/listings.tsx:1459,NOT_TESTED,no current rendered action execution,,not exercised in rendered session,,source-declared control; full handler chain not individually verified,not executed on current branch,not observed,rendered browser action and content/readback not executed on current SHA,NOT_TESTED,,
S-31d60fabf0,SOURCE_CONTROL_OCCURRENCE,/listings,src/routes/listings.tsx:1493,Link,dynamic/no static accessible name,,"""/property/$listingNo""",public/shared,runtime role/state not reconciled,navigation; destination may have side effects,,,C-31d60fabf0,equivalent_repeated_row_candidate,S-4cb65b5260,yes,yes,NOT_TESTED,src/routes/listings.tsx:1493,NOT_TESTED,no current rendered action execution,,not exercised in rendered session,,source-declared control; full handler chain not individually verified,not executed on current branch,not observed,rendered browser action and content/readback not executed on current SHA,NOT_TESTED,,
S-8b9b1be523,SOURCE_CONTROL_OCCURRENCE,/listings,src/routes/listings.tsx:1545,a,{`WhatsApp 查詢：${safeTitle}`},,{action.href},public/shared,runtime role/state not reconciled,navigation; destination may have side effects,,,C-8b9b1be523,unique_rendered_control_candidate,S-8b9b1be523,no,yes,NOT_TESTED,src/routes/listings.tsx:1545,NOT_TESTED,no current rendered action execution,,not exercised in rendered session,,source-declared control; full handler chain not individually verified,not executed on current branch,not observed,rendered browser action and content/readback not executed on current SHA,NOT_TESTED,,
S-66ce18819b,SOURCE_CONTROL_OCCURRENCE,/listings,src/routes/listings.tsx:1557,button,{favourited ? `已加入心水：${safeTitle}` : `加入心水：${safeTitle}`},onClick={toggle},,public/shared,runtime role/state not reconciled,UNCLASSIFIED; inspect before execution,,,C-66ce18819b,equivalent_repeated_row_candidate,S-01edf1e046,yes,yes,NOT_TESTED,src/routes/listings.tsx:1557,NOT_TESTED,no current rendered action execution,,not exercised in rendered session,,source-declared control; full handler chain not individually verified,not executed on current branch,not observed,rendered browser action and content/readback not executed on current SHA,NOT_TESTED,,
S-d1ff21b682,SOURCE_CONTROL_OCCURRENCE,/listings,src/routes/listings.tsx:1566,button,{`分享：${safeTitle}`},"onClick={() => handleCardShare(safeTitle, publicPropertyNo(p))}",,public/shared,runtime role/state not reconciled,UNCLASSIFIED; inspect before execution,,,C-d1ff21b682,equivalent_repeated_row_candidate,S-f14d8cb079,yes,yes,NOT_TESTED,src/routes/listings.tsx:1566,NOT_TESTED,no current rendered action execution,,not exercised in rendered session,,source-declared control; full handler chain not individually verified,not executed on current branch,not observed,rendered browser action and content/readback not executed on current SHA,NOT_TESTED,,
S-3b57f4b9ce,SOURCE_CONTROL_OCCURRENCE,/listings,src/routes/listings.tsx:1626,Link,{children},,"""/listings""",public/shared,runtime role/state not reconciled,navigation; destination may have side effects,,,C-3b57f4b9ce,unique_rendered_control_candidate,S-3b57f4b9ce,no,yes,NOT_TESTED,src/routes/listings.tsx:1626,NOT_TESTED,no current rendered action execution,,not exercised in rendered session,,source-declared control; full handler chain not individually verified,not executed on current branch,not observed,rendered browser action and content/readback not executed on current SHA,NOT_TESTED,,
S-6dd6b21dbc,SOURCE_CONTROL_OCCURRENCE,/privacy,src/routes/privacy.tsx:75,a,聯絡我們,,"""/contact""",public/shared,runtime role/state not reconciled,navigation; destination may have side effects,,,C-6dd6b21dbc,unique_rendered_control_candidate,S-6dd6b21dbc,no,yes,NOT_TESTED,src/routes/privacy.tsx:75,NOT_TESTED,no current rendered action execution,,not exercised in rendered session,,source-declared control; full handler chain not individually verified,not executed on current branch,not observed,rendered browser action and content/readback not executed on current SHA,NOT_TESTED,,
S-9abce1ded1,SOURCE_CONTROL_OCCURRENCE,/property/$listingNo,src/routes/property.$listingNo.tsx:260,Link,返回首頁,,"""/""",public/shared,runtime role/state not reconciled,navigation; destination may have side effects,,,C-9abce1ded1,unique_rendered_control_candidate,S-9abce1ded1,no,yes,NOT_TESTED,src/routes/property.$listingNo.tsx:260,NOT_TESTED,no current rendered action execution,,not exercised in rendered session,,source-declared control; full handler chain not individually verified,not executed on current branch,not observed,rendered browser action and content/readback not executed on current SHA,NOT_TESTED,,
S-418f4bc67d,SOURCE_CONTROL_OCCURRENCE,/property/$listingNo,src/routes/property.$listingNo.tsx:276,Button,重試,onClick={() => router.invalidate()},,public/shared,runtime role/state not reconciled,UNCLASSIFIED; inspect before execution,,,C-418f4bc67d,unique_rendered_control_candidate,S-418f4bc67d,no,yes,NOT_TESTED,src/routes/property.$listingNo.tsx:276,NOT_TESTED,no current rendered action execution,,not exercised in rendered session,,source-declared control; full handler chain not individually verified,not executed on current branch,not observed,rendered browser action and content/readback not executed on current SHA,NOT_TESTED,,
S-c6fbff572e,SOURCE_CONTROL_OCCURRENCE,/property/$listingNo,src/routes/property.$listingNo.tsx:581,Button,"{favourited ? ""已加入心水"" : ""加入心水""}",onClick={toggleFavourited},,public/shared,runtime role/state not reconciled,UNCLASSIFIED; inspect before execution,,,C-c6fbff572e,unique_rendered_control_candidate,S-c6fbff572e,no,yes,NOT_TESTED,src/routes/property.$listingNo.tsx:581,NOT_TESTED,no current rendered action execution,,not exercised in rendered session,,source-declared control; full handler chain not individually verified,not executed on current branch,not observed,rendered browser action and content/readback not executed on current SHA,NOT_TESTED,,
S-ac60ed7493,SOURCE_CONTROL_OCCURRENCE,/property/$listingNo,src/routes/property.$listingNo.tsx:585,Button,分享,onClick={handleShare},,public/shared,runtime role/state not reconciled,UNCLASSIFIED; inspect before execution,,,C-ac60ed7493,unique_rendered_control_candidate,S-ac60ed7493,no,yes,NOT_TESTED,src/routes/property.$listingNo.tsx:585,NOT_TESTED,no current rendered action execution,,not exercised in rendered session,,source-declared control; full handler chain not individually verified,not executed on current branch,not observed,rendered browser action and content/readback not executed on current SHA,NOT_TESTED,,
S-b2d1a0b14d,SOURCE_CONTROL_OCCURRENCE,/property/$listingNo,src/routes/property.$listingNo.tsx:616,Button,"{propertyPriceSummary({ ...offer, offerings: [offer] })}","onClick={() => void navigate({ search: { deal: offer.deal_type }, replace: true })}",,public/shared,runtime role/state not reconciled,UNCLASSIFIED; inspect before execution,,,C-b2d1a0b14d,unique_rendered_control_candidate,S-b2d1a0b14d,no,yes,NOT_TESTED,src/routes/property.$listingNo.tsx:616,NOT_TESTED,no current rendered action execution,,not exercised in rendered session,,source-declared control; full handler chain not individually verified,not executed on current branch,not observed,rendered browser action and content/readback not executed on current SHA,NOT_TESTED,,
S-5faeddf84b,SOURCE_CONTROL_OCCURRENCE,/property/$listingNo,src/routes/property.$listingNo.tsx:679,TabsTrigger,相片,,,public/shared,runtime role/state not reconciled,local input/semantic wrapper,,,C-5faeddf84b,unique_rendered_control_candidate,S-5faeddf84b,no,yes,NOT_TESTED,src/routes/property.$listingNo.tsx:679,NOT_TESTED,no current rendered action execution,,not exercised in rendered session,,source-declared control; full handler chain not individually verified,not executed on current branch,not observed,rendered browser action and content/readback not executed on current SHA,NOT_TESTED,,
S-0dc581521f,SOURCE_CONTROL_OCCURRENCE,/property/$listingNo,src/routes/property.$listingNo.tsx:684,TabsTrigger,影片,,,public/shared,runtime role/state not reconciled,local input/semantic wrapper,,,C-0dc581521f,unique_rendered_control_candidate,S-0dc581521f,no,yes,NOT_TESTED,src/routes/property.$listingNo.tsx:684,NOT_TESTED,no current rendered action execution,,not exercised in rendered session,,source-declared control; full handler chain not individually verified,not executed on current branch,not observed,rendered browser action and content/readback not executed on current SHA,NOT_TESTED,,
S-8de25b59e0,SOURCE_CONTROL_OCCURRENCE,/property/$listingNo,src/routes/property.$listingNo.tsx:690,TabsTrigger,VR睇樓,,,public/shared,runtime role/state not reconciled,local input/semantic wrapper,,,C-8de25b59e0,unique_rendered_control_candidate,S-8de25b59e0,no,yes,NOT_TESTED,src/routes/property.$listingNo.tsx:690,NOT_TESTED,no current rendered action execution,,not exercised in rendered session,,source-declared control; full handler chain not individually verified,not executed on current branch,not observed,rendered browser action and content/readback not executed on current SHA,NOT_TESTED,,
S-aeedffc1fe,SOURCE_CONTROL_OCCURRENCE,/property/$listingNo,src/routes/property.$listingNo.tsx:696,TabsTrigger,平面圖,,,public/shared,runtime role/state not reconciled,local input/semantic wrapper,,,C-aeedffc1fe,unique_rendered_control_candidate,S-aeedffc1fe,no,yes,NOT_TESTED,src/routes/property.$listingNo.tsx:696,NOT_TESTED,no current rendered action execution,,not exercised in rendered session,,source-declared control; full handler chain not individually verified,not executed on current branch,not observed,rendered browser action and content/readback not executed on current SHA,NOT_TESTED,,
S-3c2b01785c,SOURCE_CONTROL_OCCURRENCE,/property/$listingNo,src/routes/property.$listingNo.tsx:702,TabsTrigger,地圖,,,public/shared,runtime role/state not reconciled,local input/semantic wrapper,,,C-3c2b01785c,unique_rendered_control_candidate,S-3c2b01785c,no,yes,NOT_TESTED,src/routes/property.$listingNo.tsx:702,NOT_TESTED,no current rendered action execution,,not exercised in rendered session,,source-declared control; full handler chain not individually verified,not executed on current branch,not observed,rendered browser action and content/readback not executed on current SHA,NOT_TESTED,,
S-f952f36caf,SOURCE_CONTROL_OCCURRENCE,/property/$listingNo,src/routes/property.$listingNo.tsx:709,TabsContent,{images.length > 1 && ( // Every image gets a thumbnail here (no slice/cap) -- with // more than 5 photos this scrolls horizontally instead of // sile,onKeyDown={handleGalleryKeyDown},,public/shared,runtime role/state not reconciled,UNCLASSIFIED; inspect before execution,,,C-f952f36caf,container_wrapper_candidate,S-f952f36caf,no,yes,NOT_TESTED,src/routes/property.$listingNo.tsx:709,NOT_TESTED,no current rendered action execution,,not exercised in rendered session,,source-declared control; full handler chain not individually verified,not executed on current branch,not observed,rendered browser action and content/readback not executed on current SHA,NOT_TESTED,,
S-9cf91e991d,SOURCE_CONTROL_OCCURRENCE,/property/$listingNo,src/routes/property.$listingNo.tsx:733,button,"""上一張相片""",onClick={() => stepImage(-1)},,public/shared,runtime role/state not reconciled,UNCLASSIFIED; inspect before execution,,,C-9cf91e991d,unique_rendered_control_candidate,S-9cf91e991d,no,yes,NOT_TESTED,src/routes/property.$listingNo.tsx:733,NOT_TESTED,no current rendered action execution,,not exercised in rendered session,,source-declared control; full handler chain not individually verified,not executed on current branch,not observed,rendered browser action and content/readback not executed on current SHA,NOT_TESTED,,
S-d9a557391b,SOURCE_CONTROL_OCCURRENCE,/property/$listingNo,src/routes/property.$listingNo.tsx:741,button,"""下一張相片""",onClick={() => stepImage(1)},,public/shared,runtime role/state not reconciled,UNCLASSIFIED; inspect before execution,,,C-d9a557391b,unique_rendered_control_candidate,S-d9a557391b,no,yes,NOT_TESTED,src/routes/property.$listingNo.tsx:741,NOT_TESTED,no current rendered action execution,,not exercised in rendered session,,source-declared control; full handler chain not individually verified,not executed on current branch,not observed,rendered browser action and content/readback not executed on current SHA,NOT_TESTED,,
S-88d8a5560f,SOURCE_CONTROL_OCCURRENCE,/property/$listingNo,src/routes/property.$listingNo.tsx:762,button,{`檢視第 ${i + 1} 張相片`},onClick={() => setActiveImg(i)},,public/shared,runtime role/state not reconciled,UNCLASSIFIED; inspect before execution,,,C-88d8a5560f,unique_rendered_control_candidate,S-88d8a5560f,no,yes,NOT_TESTED,src/routes/property.$listingNo.tsx:762,NOT_TESTED,no current rendered action execution,,not exercised in rendered session,,source-declared control; full handler chain not individually verified,not executed on current branch,not observed,rendered browser action and content/readback not executed on current SHA,NOT_TESTED,,
S-1c48154827,SOURCE_CONTROL_OCCURRENCE,/property/$listingNo,src/routes/property.$listingNo.tsx:853,PropertyMobileContactSummary,dynamic/no static accessible name,onInquiry={focusInquiry},,public/shared,runtime role/state not reconciled,UNCLASSIFIED; inspect before execution,,,C-1c48154827,unique_rendered_control_candidate,S-1c48154827,no,yes,NOT_TESTED,src/routes/property.$listingNo.tsx:853,NOT_TESTED,no current rendered action execution,,not exercised in rendered session,,source-declared control; full handler chain not individually verified,not executed on current branch,not observed,rendered browser action and content/readback not executed on current SHA,NOT_TESTED,,
S-ba8d08eceb,SOURCE_CONTROL_OCCURRENCE,/property/$listingNo,src/routes/property.$listingNo.tsx:921,Link,查看屋苑詳情 →,,"""/estate/$slug""",public/shared,runtime role/state not reconciled,navigation; destination may have side effects,,,C-ba8d08eceb,unique_rendered_control_candidate,S-ba8d08eceb,no,yes,NOT_TESTED,src/routes/property.$listingNo.tsx:921,NOT_TESTED,no current rendered action execution,,not exercised in rendered session,,source-declared control; full handler chain not individually verified,not executed on current branch,not observed,rendered browser action and content/readback not executed on current SHA,NOT_TESTED,,
S-3aaf4138b2,SOURCE_CONTROL_OCCURRENCE,/property/$listingNo,src/routes/property.$listingNo.tsx:946,Link,查看 {transportInfo.nameZh} 交通及生活資訊 →,,"""/castle-peak-road/$segment""",public/shared,runtime role/state not reconciled,navigation; destination may have side effects,,,C-3aaf4138b2,unique_rendered_control_candidate,S-3aaf4138b2,no,yes,NOT_TESTED,src/routes/property.$listingNo.tsx:946,NOT_TESTED,no current rendered action execution,,not exercised in rendered session,,source-declared control; full handler chain not individually verified,not executed on current branch,not observed,rendered browser action and content/readback not executed on current SHA,NOT_TESTED,,
S-eee5f09cfa,SOURCE_CONTROL_OCCURRENCE,/property/$listingNo,src/routes/property.$listingNo.tsx:970,Link,查看地區指南 →,,"""/castle-peak-road""",public/shared,runtime role/state not reconciled,navigation; destination may have side effects,,,C-eee5f09cfa,unique_rendered_control_candidate,S-eee5f09cfa,no,yes,NOT_TESTED,src/routes/property.$listingNo.tsx:970,NOT_TESTED,no current rendered action execution,,not exercised in rendered session,,source-declared control; full handler chain not individually verified,not executed on current branch,not observed,rendered browser action and content/readback not executed on current SHA,NOT_TESTED,,
S-ce3529a7cb,SOURCE_CONTROL_OCCURRENCE,/property/$listingNo,src/routes/property.$listingNo.tsx:1046,PropertyDecisionActions,dynamic/no static accessible name,onInquiry={focusInquiry},,public/shared,runtime role/state not reconciled,UNCLASSIFIED; inspect before execution,,,C-ce3529a7cb,unique_rendered_control_candidate,S-ce3529a7cb,no,yes,NOT_TESTED,src/routes/property.$listingNo.tsx:1046,NOT_TESTED,no current rendered action execution,,not exercised in rendered session,,source-declared control; full handler chain not individually verified,not executed on current branch,not observed,rendered browser action and content/readback not executed on current SHA,NOT_TESTED,,
S-0c42bb0443,SOURCE_CONTROL_OCCURRENCE,/property/$listingNo,src/routes/property.$listingNo.tsx:1066,form,dynamic/no static accessible name,onSubmit={handleSubmit},,public/shared,runtime role/state not reconciled,UNCLASSIFIED; inspect before execution,,,C-0c42bb0443,unique_rendered_control_candidate,S-0c42bb0443,no,yes,NOT_TESTED,src/routes/property.$listingNo.tsx:1066,NOT_TESTED,no current rendered action execution,,not exercised in rendered session,,source-declared control; full handler chain not individually verified,not executed on current branch,not observed,rendered browser action and content/readback not executed on current SHA,NOT_TESTED,,
S-aac65aa750,SOURCE_CONTROL_OCCURRENCE,/property/$listingNo,src/routes/property.$listingNo.tsx:1069,Input,"""陳先生""",,,public/shared,runtime role/state not reconciled,local input/semantic wrapper,,,C-aac65aa750,unique_rendered_control_candidate,S-aac65aa750,no,yes,NOT_TESTED,src/routes/property.$listingNo.tsx:1069,NOT_TESTED,no current rendered action execution,,not exercised in rendered session,,source-declared control; full handler chain not individually verified,not executed on current branch,not observed,rendered browser action and content/readback not executed on current SHA,NOT_TESTED,,
S-54cfcf0ffa,SOURCE_CONTROL_OCCURRENCE,/property/$listingNo,src/routes/property.$listingNo.tsx:1073,Input,"""9123 4567""",,,public/shared,runtime role/state not reconciled,local input/semantic wrapper,,,C-54cfcf0ffa,unique_rendered_control_candidate,S-54cfcf0ffa,no,yes,NOT_TESTED,src/routes/property.$listingNo.tsx:1073,NOT_TESTED,no current rendered action execution,,not exercised in rendered session,,source-declared control; full handler chain not individually verified,not executed on current branch,not observed,rendered browser action and content/readback not executed on current SHA,NOT_TESTED,,
S-8f710dde0b,SOURCE_CONTROL_OCCURRENCE,/property/$listingNo,src/routes/property.$listingNo.tsx:1084,Input,dynamic/no static accessible name,,,public/shared,runtime role/state not reconciled,local input/semantic wrapper,,,C-8f710dde0b,unique_rendered_control_candidate,S-8f710dde0b,no,yes,NOT_TESTED,src/routes/property.$listingNo.tsx:1084,NOT_TESTED,no current rendered action execution,,not exercised in rendered session,,source-declared control; full handler chain not individually verified,not executed on current branch,not observed,rendered browser action and content/readback not executed on current SHA,NOT_TESTED,,
S-4c70396034,SOURCE_CONTROL_OCCURRENCE,/property/$listingNo,src/routes/property.$listingNo.tsx:1088,Textarea,"{
                          publicListingNo ? `想查詢編號 ${publicListingNo}` : ""想查詢此樓盤""
                        }",,,public/shared,runtime role/state not reconciled,local input/semantic wrapper,,,C-4c70396034,unique_rendered_control_candidate,S-4c70396034,no,yes,NOT_TESTED,src/routes/property.$listingNo.tsx:1088,NOT_TESTED,no current rendered action execution,,not exercised in rendered session,,source-declared control; full handler chain not individually verified,not executed on current branch,not observed,rendered browser action and content/readback not executed on current SHA,NOT_TESTED,,
S-d0f94d8867,SOURCE_CONTROL_OCCURRENCE,/property/$listingNo,src/routes/property.$listingNo.tsx:1099,Checkbox,dynamic/no static accessible name,onCheckedChange={(checked) => setConsentWhatsapp(checked === true)},,public/shared,runtime role/state not reconciled,UNCLASSIFIED; inspect before execution,,,C-d0f94d8867,unique_rendered_control_candidate,S-d0f94d8867,no,yes,NOT_TESTED,src/routes/property.$listingNo.tsx:1099,NOT_TESTED,no current rendered action execution,,not exercised in rendered session,,source-declared control; full handler chain not individually verified,not executed on current branch,not observed,rendered browser action and content/readback not executed on current SHA,NOT_TESTED,,
S-189e19543b,SOURCE_CONTROL_OCCURRENCE,/property/$listingNo,src/routes/property.$listingNo.tsx:1112,Button,"{submitting ? ""提交中…"" : ""提交查詢""}",,,public/shared,{submitting},local input/semantic wrapper,,,C-189e19543b,unique_rendered_control_candidate,S-189e19543b,no,yes,NOT_TESTED,src/routes/property.$listingNo.tsx:1112,NOT_TESTED,no current rendered action execution,,not exercised in rendered session,,source-declared control; full handler chain not individually verified,not executed on current branch,not observed,rendered browser action and content/readback not executed on current SHA,NOT_TESTED,,
S-757ef6a605,SOURCE_CONTROL_OCCURRENCE,/property/$listingNo,src/routes/property.$listingNo.tsx:1161,Button,dynamic/no static accessible name,,,public/shared,runtime role/state not reconciled,local input/semantic wrapper,,,C-757ef6a605,unique_rendered_control_candidate,S-757ef6a605,no,yes,NOT_TESTED,src/routes/property.$listingNo.tsx:1161,NOT_TESTED,no current rendered action execution,,not exercised in rendered session,,source-declared control; full handler chain not individually verified,not executed on current branch,not observed,rendered browser action and content/readback not executed on current SHA,NOT_TESTED,,
S-5d10dc303d,SOURCE_CONTROL_OCCURRENCE,/property/$listingNo,src/routes/property.$listingNo.tsx:1162,Link,瀏覽同類放盤,,"""/listings""",public/shared,runtime role/state not reconciled,navigation; destination may have side effects,,,C-5d10dc303d,unique_rendered_control_candidate,S-5d10dc303d,no,yes,NOT_TESTED,src/routes/property.$listingNo.tsx:1162,NOT_TESTED,no current rendered action execution,,not exercised in rendered session,,source-declared control; full handler chain not individually verified,not executed on current branch,not observed,rendered browser action and content/readback not executed on current SHA,NOT_TESTED,,
S-2c36abe47e,SOURCE_CONTROL_OCCURRENCE,/property/$listingNo,src/routes/property.$listingNo.tsx:1199,Link,dynamic/no static accessible name,,"""/property/$listingNo""",public/shared,runtime role/state not reconciled,navigation; destination may have side effects,,,C-2c36abe47e,unique_rendered_control_candidate,S-2c36abe47e,no,yes,NOT_TESTED,src/routes/property.$listingNo.tsx:1199,NOT_TESTED,no current rendered action execution,,not exercised in rendered session,,source-declared control; full handler chain not individually verified,not executed on current branch,not observed,rendered browser action and content/readback not executed on current SHA,NOT_TESTED,,
S-0a3bac4be5,SOURCE_CONTROL_OCCURRENCE,/terms,src/routes/terms.tsx:46,Link,免責聲明,,"""/disclaimer""",public/shared,runtime role/state not reconciled,navigation; destination may have side effects,,,C-0a3bac4be5,unique_rendered_control_candidate,S-0a3bac4be5,no,yes,NOT_TESTED,src/routes/terms.tsx:46,NOT_TESTED,no current rendered action execution,,not exercised in rendered session,,source-declared control; full handler chain not individually verified,not executed on current branch,not observed,rendered browser action and content/readback not executed on current SHA,NOT_TESTED,,
S-fefaa157d8,SOURCE_CONTROL_OCCURRENCE,/terms,src/routes/terms.tsx:57,Link,私隱政策,,"""/privacy""",public/shared,runtime role/state not reconciled,navigation; destination may have side effects,,,C-fefaa157d8,unique_rendered_control_candidate,S-fefaa157d8,no,yes,NOT_TESTED,src/routes/terms.tsx:57,NOT_TESTED,no current rendered action execution,,not exercised in rendered session,,source-declared control; full handler chain not individually verified,not executed on current branch,not observed,rendered browser action and content/readback not executed on current SHA,NOT_TESTED,,
S-f4336e68a3,SOURCE_CONTROL_OCCURRENCE,/transactions,src/routes/transactions.tsx:224,Select,dynamic/no static accessible name,onValueChange={setDistrict},,public/shared,runtime role/state not reconciled,UNCLASSIFIED; inspect before execution,,,C-f4336e68a3,unique_rendered_control_candidate,S-f4336e68a3,no,yes,NOT_TESTED,src/routes/transactions.tsx:224,NOT_TESTED,no current rendered action execution,,not exercised in rendered session,,source-declared control; full handler chain not individually verified,not executed on current branch,not observed,rendered browser action and content/readback not executed on current SHA,NOT_TESTED,,
S-fcae748ed2,SOURCE_CONTROL_OCCURRENCE,/transactions,src/routes/transactions.tsx:242,Select,dynamic/no static accessible name,onValueChange={setEstate},,public/shared,runtime role/state not reconciled,UNCLASSIFIED; inspect before execution,,,C-fcae748ed2,unique_rendered_control_candidate,S-fcae748ed2,no,yes,NOT_TESTED,src/routes/transactions.tsx:242,NOT_TESTED,no current rendered action execution,,not exercised in rendered session,,source-declared control; full handler chain not individually verified,not executed on current branch,not observed,rendered browser action and content/readback not executed on current SHA,NOT_TESTED,,
S-25198eecd8,SOURCE_CONTROL_OCCURRENCE,/transactions,src/routes/transactions.tsx:267,button,{DEAL_TYPE_LABELS[v]},onClick={() => setDealType(v)},,public/shared,runtime role/state not reconciled,UNCLASSIFIED; inspect before execution,,,C-25198eecd8,unique_rendered_control_candidate,S-25198eecd8,no,yes,NOT_TESTED,src/routes/transactions.tsx:267,NOT_TESTED,no current rendered action execution,,not exercised in rendered session,,source-declared control; full handler chain not individually verified,not executed on current branch,not observed,rendered browser action and content/readback not executed on current SHA,NOT_TESTED,,
S-dc82a1c441,SOURCE_CONTROL_OCCURRENCE,/transactions,src/routes/transactions.tsx:289,Input,dynamic/no static accessible name,onChange={(e) => setMonth(e.target.value)},,public/shared,runtime role/state not reconciled,UNCLASSIFIED; inspect before execution,,,C-dc82a1c441,unique_rendered_control_candidate,S-dc82a1c441,no,yes,NOT_TESTED,src/routes/transactions.tsx:289,NOT_TESTED,no current rendered action execution,,not exercised in rendered session,,source-declared control; full handler chain not individually verified,not executed on current branch,not observed,rendered browser action and content/readback not executed on current SHA,NOT_TESTED,,
S-1f57bd9a12,SOURCE_CONTROL_OCCURRENCE,/transactions,src/routes/transactions.tsx:302,Input,"""最低""",onChange={(e) => setMinPrice(e.target.value)},,public/shared,runtime role/state not reconciled,UNCLASSIFIED; inspect before execution,,,C-1f57bd9a12,unique_rendered_control_candidate,S-1f57bd9a12,no,yes,NOT_TESTED,src/routes/transactions.tsx:302,NOT_TESTED,no current rendered action execution,,not exercised in rendered session,,source-declared control; full handler chain not individually verified,not executed on current branch,not observed,rendered browser action and content/readback not executed on current SHA,NOT_TESTED,,
S-ff95270ab3,SOURCE_CONTROL_OCCURRENCE,/transactions,src/routes/transactions.tsx:317,Input,"""最高""",onChange={(e) => setMaxPrice(e.target.value)},,public/shared,runtime role/state not reconciled,UNCLASSIFIED; inspect before execution,,,C-ff95270ab3,unique_rendered_control_candidate,S-ff95270ab3,no,yes,NOT_TESTED,src/routes/transactions.tsx:317,NOT_TESTED,no current rendered action execution,,not exercised in rendered session,,source-declared control; full handler chain not individually verified,not executed on current branch,not observed,rendered browser action and content/readback not executed on current SHA,NOT_TESTED,,
S-bd4e81154a,SOURCE_CONTROL_OCCURRENCE,/transactions,src/routes/transactions.tsx:384,Link,{`移除篩選：${label}`},,"""/transactions""",public/shared,runtime role/state not reconciled,navigation; destination may have side effects,,,C-bd4e81154a,unique_rendered_control_candidate,S-bd4e81154a,no,yes,NOT_TESTED,src/routes/transactions.tsx:384,NOT_TESTED,no current rendered action execution,,not exercised in rendered session,,source-declared control; full handler chain not individually verified,not executed on current branch,not observed,rendered browser action and content/readback not executed on current SHA,NOT_TESTED,,
S-8308064a04,SOURCE_CONTROL_OCCURRENCE,/transactions,src/routes/transactions.tsx:499,Button,dynamic/no static accessible name,,,public/shared,runtime role/state not reconciled,local input/semantic wrapper,,,C-8308064a04,unique_rendered_control_candidate,S-8308064a04,no,yes,NOT_TESTED,src/routes/transactions.tsx:499,NOT_TESTED,no current rendered action execution,,not exercised in rendered session,,source-declared control; full handler chain not individually verified,not executed on current branch,not observed,rendered browser action and content/readback not executed on current SHA,NOT_TESTED,,
S-b3ab0a0de8,SOURCE_CONTROL_OCCURRENCE,/transactions,src/routes/transactions.tsx:500,a,WhatsApp 查成交及估價,,{inquiryUrl},public/shared,runtime role/state not reconciled,navigation; destination may have side effects,,,C-b3ab0a0de8,unique_rendered_control_candidate,S-b3ab0a0de8,no,yes,NOT_TESTED,src/routes/transactions.tsx:500,NOT_TESTED,no current rendered action execution,,not exercised in rendered session,,source-declared control; full handler chain not individually verified,not executed on current branch,not observed,rendered browser action and content/readback not executed on current SHA,NOT_TESTED,,
S-5cd16a9605,SOURCE_CONTROL_OCCURRENCE,/transactions,src/routes/transactions.tsx:515,Button,套用篩選,onClick={filters.apply},,public/shared,runtime role/state not reconciled,UNCLASSIFIED; inspect before execution,,,C-5cd16a9605,unique_rendered_control_candidate,S-5cd16a9605,no,yes,NOT_TESTED,src/routes/transactions.tsx:515,NOT_TESTED,no current rendered action execution,,not exercised in rendered session,,source-declared control; full handler chain not individually verified,not executed on current branch,not observed,rendered browser action and content/readback not executed on current SHA,NOT_TESTED,,
S-b3ee5baf8b,SOURCE_CONTROL_OCCURRENCE,/transactions,src/routes/transactions.tsx:516,Button,清除全部,onClick={filters.reset},,public/shared,runtime role/state not reconciled,UNCLASSIFIED; inspect before execution,,,C-b3ee5baf8b,unique_rendered_control_candidate,S-b3ee5baf8b,no,yes,NOT_TESTED,src/routes/transactions.tsx:516,NOT_TESTED,no current rendered action execution,,not exercised in rendered session,,source-declared control; full handler chain not individually verified,not executed on current branch,not observed,rendered browser action and content/readback not executed on current SHA,NOT_TESTED,,
S-8f5a2fc103,SOURCE_CONTROL_OCCURRENCE,/transactions,src/routes/transactions.tsx:527,Link,清除全部篩選,,"""/transactions""",public/shared,runtime role/state not reconciled,navigation; destination may have side effects,,,C-8f5a2fc103,unique_rendered_control_candidate,S-8f5a2fc103,no,yes,NOT_TESTED,src/routes/transactions.tsx:527,NOT_TESTED,no current rendered action execution,,not exercised in rendered session,,source-declared control; full handler chain not individually verified,not executed on current branch,not observed,rendered browser action and content/readback not executed on current SHA,NOT_TESTED,,
S-663857ffcb,SOURCE_CONTROL_OCCURRENCE,/transactions,src/routes/transactions.tsx:578,Link,上一頁,,"""/transactions""",public/shared,runtime role/state not reconciled,navigation; destination may have side effects,,,C-663857ffcb,unique_rendered_control_candidate,S-663857ffcb,no,yes,NOT_TESTED,src/routes/transactions.tsx:578,NOT_TESTED,no current rendered action execution,,not exercised in rendered session,,source-declared control; full handler chain not individually verified,not executed on current branch,not observed,rendered browser action and content/readback not executed on current SHA,NOT_TESTED,,
S-8a1370a7c1,SOURCE_CONTROL_OCCURRENCE,/transactions,src/routes/transactions.tsx:596,Link,下一頁,,"""/transactions""",public/shared,runtime role/state not reconciled,navigation; destination may have side effects,,,C-8a1370a7c1,unique_rendered_control_candidate,S-8a1370a7c1,no,yes,NOT_TESTED,src/routes/transactions.tsx:596,NOT_TESTED,no current rendered action execution,,not exercised in rendered session,,source-declared control; full handler chain not individually verified,not executed on current branch,not observed,rendered browser action and content/readback not executed on current SHA,NOT_TESTED,,
S-8b11b89687,SOURCE_CONTROL_OCCURRENCE,/transactions,src/routes/transactions.tsx:625,Link,清除篩選,,"""/transactions""",public/shared,runtime role/state not reconciled,navigation; destination may have side effects,,,C-8b11b89687,unique_rendered_control_candidate,S-8b11b89687,no,yes,NOT_TESTED,src/routes/transactions.tsx:625,NOT_TESTED,no current rendered action execution,,not exercised in rendered session,,source-declared control; full handler chain not individually verified,not executed on current branch,not observed,rendered browser action and content/readback not executed on current SHA,NOT_TESTED,,
S-c5a2c55598,SOURCE_CONTROL_OCCURRENCE,/transactions,src/routes/transactions.tsx:662,Link,{estate.name_zh},,"""/estate/$slug""",public/shared,runtime role/state not reconciled,navigation; destination may have side effects,,,C-c5a2c55598,unique_rendered_control_candidate,S-c5a2c55598,no,yes,NOT_TESTED,src/routes/transactions.tsx:662,NOT_TESTED,no current rendered action execution,,not exercised in rendered session,,source-declared control; full handler chain not individually verified,not executed on current branch,not observed,rendered browser action and content/readback not executed on current SHA,NOT_TESTED,,
S-f50ad4c0da,SOURCE_CONTROL_OCCURRENCE,/transactions,src/routes/transactions.tsx:679,button,"{`分享${estate?.name_zh ?? """"}成交記錄`}",onClick={() => handleTransactionShare(transaction)},,public/shared,runtime role/state not reconciled,UNCLASSIFIED; inspect before execution,,,C-f50ad4c0da,unique_rendered_control_candidate,S-f50ad4c0da,no,yes,NOT_TESTED,src/routes/transactions.tsx:679,NOT_TESTED,no current rendered action execution,,not exercised in rendered session,,source-declared control; full handler chain not individually verified,not executed on current branch,not observed,rendered browser action and content/readback not executed on current SHA,NOT_TESTED,,
S-8e4350e0fe,SOURCE_CONTROL_OCCURRENCE,/videos,src/routes/videos.tsx:220,Button,dynamic/no static accessible name,,,public/shared,runtime role/state not reconciled,local input/semantic wrapper,,,C-8e4350e0fe,unique_rendered_control_candidate,S-8e4350e0fe,no,yes,NOT_TESTED,src/routes/videos.tsx:220,NOT_TESTED,no current rendered action execution,,not exercised in rendered session,,source-declared control; full handler chain not individually verified,not executed on current branch,not observed,rendered browser action and content/readback not executed on current SHA,NOT_TESTED,,
S-69d5bb079b,SOURCE_CONTROL_OCCURRENCE,/videos,src/routes/videos.tsx:221,a,開啟 {SITE_YOUTUBE_CHANNEL.handleLabel},,{SITE_YOUTUBE_CHANNEL.url},public/shared,runtime role/state not reconciled,navigation; destination may have side effects,,,C-69d5bb079b,unique_rendered_control_candidate,S-69d5bb079b,no,yes,NOT_TESTED,src/routes/videos.tsx:221,NOT_TESTED,no current rendered action execution,,not exercised in rendered session,,source-declared control; full handler chain not individually verified,not executed on current branch,not observed,rendered browser action and content/readback not executed on current SHA,NOT_TESTED,,
S-a710bc2c92,SOURCE_CONTROL_OCCURRENCE,/videos,src/routes/videos.tsx:236,button,全部 {cmsVideos.length},onClick={() => updateSearch({ category: undefined })},,public/shared,runtime role/state not reconciled,UNCLASSIFIED; inspect before execution,,,C-a710bc2c92,unique_rendered_control_candidate,S-a710bc2c92,no,yes,NOT_TESTED,src/routes/videos.tsx:236,NOT_TESTED,no current rendered action execution,,not exercised in rendered session,,source-declared control; full handler chain not individually verified,not executed on current branch,not observed,rendered browser action and content/readback not executed on current SHA,NOT_TESTED,,
S-a2cb2e4f2b,SOURCE_CONTROL_OCCURRENCE,/videos,src/routes/videos.tsx:249,button,{entry.category} {entry.count},onClick={() => updateSearch({ category: entry.category })},,public/shared,runtime role/state not reconciled,UNCLASSIFIED; inspect before execution,,,C-a2cb2e4f2b,unique_rendered_control_candidate,S-a2cb2e4f2b,no,yes,NOT_TESTED,src/routes/videos.tsx:249,NOT_TESTED,no current rendered action execution,,not exercised in rendered session,,source-declared control; full handler chain not individually verified,not executed on current branch,not observed,rendered browser action and content/readback not executed on current SHA,NOT_TESTED,,
S-13938bbd9d,SOURCE_CONTROL_OCCURRENCE,/videos,src/routes/videos.tsx:269,button,全部 {cmsVideos.length},onClick={() => updateSearch({ estate: undefined })},,public/shared,runtime role/state not reconciled,UNCLASSIFIED; inspect before execution,,,C-13938bbd9d,unique_rendered_control_candidate,S-13938bbd9d,no,yes,NOT_TESTED,src/routes/videos.tsx:269,NOT_TESTED,no current rendered action execution,,not exercised in rendered session,,source-declared control; full handler chain not individually verified,not executed on current branch,not observed,rendered browser action and content/readback not executed on current SHA,NOT_TESTED,,
S-08a5a89741,SOURCE_CONTROL_OCCURRENCE,/videos,src/routes/videos.tsx:282,button,{entry.tag} {entry.count},onClick={() => updateSearch({ estate: entry.tag })},,public/shared,runtime role/state not reconciled,UNCLASSIFIED; inspect before execution,,,C-08a5a89741,unique_rendered_control_candidate,S-08a5a89741,no,yes,NOT_TESTED,src/routes/videos.tsx:282,NOT_TESTED,no current rendered action execution,,not exercised in rendered session,,source-declared control; full handler chain not individually verified,not executed on current branch,not observed,rendered browser action and content/readback not executed on current SHA,NOT_TESTED,,
S-a022eb413a,SOURCE_CONTROL_OCCURRENCE,/videos,src/routes/videos.tsx:297,button,更多 {tagCounts.length - 8} ▾,onClick={() => setShowAllTags(true)},,public/shared,runtime role/state not reconciled,UNCLASSIFIED; inspect before execution,,,C-a022eb413a,unique_rendered_control_candidate,S-a022eb413a,no,yes,NOT_TESTED,src/routes/videos.tsx:297,NOT_TESTED,no current rendered action execution,,not exercised in rendered session,,source-declared control; full handler chain not individually verified,not executed on current branch,not observed,rendered browser action and content/readback not executed on current SHA,NOT_TESTED,,
S-8b2ce33632,SOURCE_CONTROL_OCCURRENCE,/videos,src/routes/videos.tsx:313,Select,dynamic/no static accessible name,"onValueChange={(value) => {
                      if (isSortValue(value)) updateSearch({ sort: value });
                    }}",,public/shared,runtime role/state not reconciled,UNCLASSIFIED; inspect before execution,,,C-8b2ce33632,unique_rendered_control_candidate,S-8b2ce33632,no,yes,NOT_TESTED,src/routes/videos.tsx:313,NOT_TESTED,no current rendered action execution,,not exercised in rendered session,,source-declared control; full handler chain not individually verified,not executed on current branch,not observed,rendered browser action and content/readback not executed on current SHA,NOT_TESTED,,
S-52c48feefe,SOURCE_CONTROL_OCCURRENCE,/videos,src/routes/videos.tsx:339,Input,"""輸入屋苑或影片名稱""",onChange={(event) => setQueryInput(event.target.value)},,public/shared,runtime role/state not reconciled,UNCLASSIFIED; inspect before execution,,,C-52c48feefe,unique_rendered_control_candidate,S-52c48feefe,no,yes,NOT_TESTED,src/routes/videos.tsx:339,NOT_TESTED,no current rendered action execution,,not exercised in rendered session,,source-declared control; full handler chain not individually verified,not executed on current branch,not observed,rendered browser action and content/readback not executed on current SHA,NOT_TESTED,,
S-a21532b8e3,SOURCE_CONTROL_OCCURRENCE,/videos,src/routes/videos.tsx:364,Button,清除篩選,"onClick={() =>
                    updateSearch({ estate: undefined, category: undefined, q: undefined })
                  }",,public/shared,runtime role/state not reconciled,UNCLASSIFIED; inspect before execution,,,C-a21532b8e3,unique_rendered_control_candidate,S-a21532b8e3,no,yes,NOT_TESTED,src/routes/videos.tsx:364,NOT_TESTED,no current rendered action execution,,not exercised in rendered session,,source-declared control; full handler chain not individually verified,not executed on current branch,not observed,rendered browser action and content/readback not executed on current SHA,NOT_TESTED,,
S-1eb2251727,SOURCE_CONTROL_OCCURRENCE,/videos,src/routes/videos.tsx:385,Button,載入更多影片（尚餘 {remainingCount} 條）,onClick={() => setVisibleCount((count) => count + VIDEOS_PER_PAGE)},,public/shared,runtime role/state not reconciled,UNCLASSIFIED; inspect before execution,,,C-1eb2251727,unique_rendered_control_candidate,S-1eb2251727,no,yes,NOT_TESTED,src/routes/videos.tsx:385,NOT_TESTED,no current rendered action execution,,not exercised in rendered session,,source-declared control; full handler chain not individually verified,not executed on current branch,not observed,rendered browser action and content/readback not executed on current SHA,NOT_TESTED,,
S-c53c996efa,SOURCE_CONTROL_OCCURRENCE,/videos,src/routes/videos.tsx:412,Button,dynamic/no static accessible name,,,public/shared,runtime role/state not reconciled,local input/semantic wrapper,,,C-c53c996efa,equivalent_repeated_row_candidate,S-8e4350e0fe,yes,yes,NOT_TESTED,src/routes/videos.tsx:412,NOT_TESTED,no current rendered action execution,,not exercised in rendered session,,source-declared control; full handler chain not individually verified,not executed on current branch,not observed,rendered browser action and content/readback not executed on current SHA,NOT_TESTED,,
S-15edcb94c1,SOURCE_CONTROL_OCCURRENCE,/videos,src/routes/videos.tsx:413,a,開啟 YouTube 頻道,,{SITE_YOUTUBE_CHANNEL.url},public/shared,runtime role/state not reconciled,navigation; destination may have side effects,,,C-15edcb94c1,unique_rendered_control_candidate,S-15edcb94c1,no,yes,NOT_TESTED,src/routes/videos.tsx:413,NOT_TESTED,no current rendered action execution,,not exercised in rendered session,,source-declared control; full handler chain not individually verified,not executed on current branch,not observed,rendered browser action and content/readback not executed on current SHA,NOT_TESTED,,
S-6e284fee21,SOURCE_CONTROL_OCCURRENCE,/videos,src/routes/videos.tsx:418,Button,dynamic/no static accessible name,,,public/shared,runtime role/state not reconciled,local input/semantic wrapper,,,C-6e284fee21,equivalent_repeated_row_candidate,S-8e4350e0fe,yes,yes,NOT_TESTED,src/routes/videos.tsx:418,NOT_TESTED,no current rendered action execution,,not exercised in rendered session,,source-declared control; full handler chain not individually verified,not executed on current branch,not observed,rendered browser action and content/readback not executed on current SHA,NOT_TESTED,,
S-e70ed35b05,SOURCE_CONTROL_OCCURRENCE,/videos,src/routes/videos.tsx:419,a,WhatsApp 索取影片,,{inquiryUrl},public/shared,runtime role/state not reconciled,navigation; destination may have side effects,,,C-e70ed35b05,unique_rendered_control_candidate,S-e70ed35b05,no,yes,NOT_TESTED,src/routes/videos.tsx:419,NOT_TESTED,no current rendered action execution,,not exercised in rendered session,,source-declared control; full handler chain not individually verified,not executed on current branch,not observed,rendered browser action and content/readback not executed on current SHA,NOT_TESTED,,
S-4919143708,SOURCE_CONTROL_OCCURRENCE,/videos,src/routes/videos.tsx:463,Link,查看樓盤詳情,,"""/property/$listingNo""",public/shared,runtime role/state not reconciled,navigation; destination may have side effects,,,C-4919143708,unique_rendered_control_candidate,S-4919143708,no,yes,NOT_TESTED,src/routes/videos.tsx:463,NOT_TESTED,no current rendered action execution,,not exercised in rendered session,,source-declared control; full handler chain not individually verified,not executed on current branch,not observed,rendered browser action and content/readback not executed on current SHA,NOT_TESTED,,
S-f26f9cfd35,SOURCE_CONTROL_OCCURRENCE,/videos,src/routes/videos.tsx:581,button,{`播放影片：${title}`},"onClick={() => {
              setIsPlaying(true);
              track({ name: ""video_click"", payload: { videoId, category } }, buildContext());
            }}",,public/shared,runtime role/state not reconciled,UNCLASSIFIED; inspect before execution,,,C-f26f9cfd35,unique_rendered_control_candidate,S-f26f9cfd35,no,yes,NOT_TESTED,src/routes/videos.tsx:581,NOT_TESTED,no current rendered action execution,,not exercised in rendered session,,source-declared control; full handler chain not individually verified,not executed on current branch,not observed,rendered browser action and content/readback not executed on current SHA,NOT_TESTED,,
S-55564d04c4,SOURCE_CONTROL_OCCURRENCE,/videos,src/routes/videos.tsx:607,a,dynamic/no static accessible name,,{url},public/shared,runtime role/state not reconciled,navigation; destination may have side effects,,,C-55564d04c4,unique_rendered_control_candidate,S-55564d04c4,no,yes,NOT_TESTED,src/routes/videos.tsx:607,NOT_TESTED,no current rendered action execution,,not exercised in rendered session,,source-declared control; full handler chain not individually verified,not executed on current branch,not observed,rendered browser action and content/readback not executed on current SHA,NOT_TESTED,,
S-317e1539c6,SOURCE_CONTROL_OCCURRENCE,/videos,src/routes/videos.tsx:621,a,{title},,{url},public/shared,runtime role/state not reconciled,navigation; destination may have side effects,,,C-317e1539c6,unique_rendered_control_candidate,S-317e1539c6,no,yes,NOT_TESTED,src/routes/videos.tsx:621,NOT_TESTED,no current rendered action execution,,not exercised in rendered session,,source-declared control; full handler chain not individually verified,not executed on current branch,not observed,rendered browser action and content/readback not executed on current SHA,NOT_TESTED,,
W01,WORKFLOW_FUNCTION,/api/woztell/webhook,src/lib/whatsapp-enquiries/webhook.server.ts,function/workflow,非單一DOM locator；參考linked source controls,handleWoztellWebhook → ingestWoztellEvent,server-derived,provider簽名／app/channel,依04/02合約；tenant狀態未核實,DB intake；觸發jobs,UC01/02/12,NL03,I-W01;T-014;T-015;T-016;T-022;T-023;T-024;T-025;T-026;T-027;T-028;T-029;T-030;T-031;T-033;T-034;T-035;T-036;P01;P04;U01;U02;U03;U04;U09;U10;U12,workflow_function,W01,no,yes,BLOCKED,src/lib/whatsapp-enquiries/webhook.server.ts,NOT_TESTED,no current rendered action execution,,not exercised in rendered session,,完成各階段及權威readback；見02,not executed on current branch,not observed,workflow-level local or provider/DB acceptance remains separately gated,NOT_TESTED,,
W02,WORKFLOW_FUNCTION,/api/woztell/webhook,src/lib/woztell/woztell.server.ts:270,function/workflow,非單一DOM locator；參考linked source controls,normalizeWoztellEvent → externalMessageId／ingest conflict,server-derived,verified transport identity,依04/02合約；tenant狀態未核實,去重／持久化,UC09,NL04,I-W02;P03;U07;U09,workflow_function,W02,no,yes,BLOCKED,src/lib/woztell/woztell.server.ts:270,NOT_TESTED,no current rendered action execution,,not exercised in rendered session,,完成各階段及權威readback；見02,not executed on current branch,not observed,workflow-level local or provider/DB acceptance remains separately gated,NOT_TESTED,,
W03,WORKFLOW_FUNCTION,worker,src/lib/whatsapp-enquiries/episodes.server.ts:7,function/workflow,非單一DOM locator；參考linked source controls,observeEpisode → wa_observe_episode,server-derived,已分類customer event；capture mode,依04/02合約；tenant狀態未核實,inquiry／event association,UC01/03/04/06/07/08,NL01;NL02,I-W03;T-003;T-020;P02;P05;U01;U02;U03;U04;U05;U06;U07;U08;U09,workflow_function,W03,no,yes,BLOCKED,src/lib/whatsapp-enquiries/episodes.server.ts:7,NOT_TESTED,no current rendered action execution,,not exercised in rendered session,,完成各階段及權威readback；見02,not executed on current branch,not observed,workflow-level local or provider/DB acceptance remains separately gated,NOT_TESTED,,
W04,WORKFLOW_FUNCTION,/admin/whatsapp; worker,src/lib/whatsapp-enquiries/assignment.server.ts:39,function/workflow,非單一DOM locator；參考linked source controls,requestConversationAssignment → executeAssignment → reconcileAssignment,server-derived,manager/admin／版本／provider scope,依04/02合約；tenant狀態未核實,assignment request與provider effect,UC05/12/14,,I-W04;T-001;T-002;T-005;T-006;T-007;U01;U03;U05;U06;U12;U14,workflow_function,W04,no,yes,BLOCKED,src/lib/whatsapp-enquiries/assignment.server.ts:39,BLOCKED_EXTERNAL,no current rendered action execution,,not exercised in rendered session,,完成各階段及權威readback；見02,not executed on current branch,not observed,workflow-level local or provider/DB acceptance remains separately gated,NOT_TESTED,,
W05,WORKFLOW_FUNCTION,/admin/whatsapp,src/lib/neon/admin-data.ts:1443,function/workflow,非單一DOM locator；參考linked source controls,sendAdminConversationReply → /api/admin/woztell/send,server-derived,staff及conversation scope／window,依04/02合約；tenant狀態未核實,customer outbound intent,UC01/13/17,,I-W05;T-008;T-009;T-010;U01;U06;U13;U17,workflow_function,W05,no,yes,BLOCKED,src/lib/neon/admin-data.ts:1443,BLOCKED_EXTERNAL,no current rendered action execution,,not exercised in rendered session,,完成各階段及權威readback；見02,not executed on current branch,not observed,workflow-level local or provider/DB acceptance remains separately gated,NOT_TESTED,,
W06,WORKFLOW_FUNCTION,/admin/whatsapp-settings,src/lib/neon/staff-mapping-review.server.ts,function/workflow,非單一DOM locator；參考linked source controls,reviewed staff mapping save／CAS（新query correction另見04）,server-derived,管理者＋fresh verified mapping evidence,依04/02合約；tenant狀態未核實,staff mapping／audit,UC04/05/14/15,,I-W06;U04;U05;U07;U08;U14,workflow_function,W06,no,yes,BLOCKED,src/lib/neon/staff-mapping-review.server.ts,BLOCKED_EXTERNAL,no current rendered action execution,,not exercised in rendered session,,完成各階段及權威readback；見02,not executed on current branch,not observed,workflow-level local or provider/DB acceptance remains separately gated,NOT_TESTED,,
W07,WORKFLOW_FUNCTION,/admin/whatsapp-settings; worker,src/lib/whatsapp-enquiries/staff-notifications.server.ts,function/workflow,非單一DOM locator；參考linked source controls,dispatchStaffNotification → reconcileStaffNotification,server-derived,verified endpoint／permission／runtime capability,依04/02合約；tenant狀態未核實,internal note或獨立staff notification,UC01/12/15/17,,I-W07;U01;U12;U15;U17,workflow_function,W07,no,yes,BLOCKED,src/lib/whatsapp-enquiries/staff-notifications.server.ts,BLOCKED_EXTERNAL,no current rendered action execution,,not exercised in rendered session,,完成各階段及權威readback；見02,not executed on current branch,not observed,workflow-level local or provider/DB acceptance remains separately gated,NOT_TESTED,,
W08,WORKFLOW_FUNCTION,/api/woztell/webhook,src/lib/whatsapp-enquiries/event-classification.ts,function/workflow,非單一DOM locator；參考linked source controls,classify event → trusted human response observation,server-derived,trusted envelope及staff identity,依04/02合約；tenant狀態未核實,分類／status更新，不自動新customer query,UC09/10,,I-W08;T-004;T-011;T-012;T-013;T-032;U09;U10,workflow_function,W08,no,yes,BLOCKED,src/lib/whatsapp-enquiries/event-classification.ts,BLOCKED_EXTERNAL,no current rendered action execution,,not exercised in rendered session,,完成各階段及權威readback；見02,not executed on current branch,not observed,workflow-level local or provider/DB acceptance remains separately gated,NOT_TESTED,,
W09,WORKFLOW_FUNCTION,/admin/whatsapp-settings,src/components/admin/whatsapp/StaffMappingWizard.tsx,function/workflow,非單一DOM locator；參考linked source controls,getInboxCandidates／getInboxFolders／verifyInboxCandidate／saveReviewedWhatsappStaffChannel,server-derived,active staff／fresh Folder evidence／version,依04/02合約；tenant狀態未核實,mapping保存，不發送,UC10/12/15,UX02,I-W09;T-037;T-038;T-039;T-040;U10;U12;U15;R-UX02,workflow_function,W09,no,yes,BLOCKED,src/components/admin/whatsapp/StaffMappingWizard.tsx,BLOCKED_EXTERNAL,no current rendered action execution,,not exercised in rendered session,,完成各階段及權威readback；見02,not executed on current branch,not observed,workflow-level local or provider/DB acceptance remains separately gated,NOT_TESTED,,
W10,PROPOSED_ACTION,建議：轉交查詢,PROPOSED_NEW_FUNCTION,function/workflow,非單一DOM locator；參考linked source controls,尚未實作；不冒充existing endpoint,server-derived,建議staff scoped capture,依04/02合約；tenant狀態未核實,建議人工query/provenance,UC11,,U11,proposed_action,W10,no,not_applicable,NOT_TESTED,PROPOSED_NEW_FUNCTION,BLOCKED_EXTERNAL,no current rendered action execution,,not exercised in rendered session,,完成各階段及權威readback；見02,not executed on current branch,not observed,workflow-level local or provider/DB acceptance remains separately gated,NOT_TESTED,,
W11,WORKFLOW_FUNCTION,/w/$code,src/lib/whatsapp-enquiries/links.ts,function/workflow,非單一DOM locator；參考linked source controls,shouldMintReference／tracked redirect,server-derived,valid enabled source link；GET vs HEAD/prefetch,依04/02合約；tenant狀態未核實,GET可寫click/reference；不等於enquiry,UC16,,I-W11;T-017;T-018;T-019;T-021;U16,workflow_function,W11,no,yes,BLOCKED,src/lib/whatsapp-enquiries/links.ts,NOT_TESTED,no current rendered action execution,,not exercised in rendered session,,完成各階段及權威readback；見02,not executed on current branch,not observed,workflow-level local or provider/DB acceptance remains separately gated,NOT_TESTED,,
W12,WORKFLOW_FUNCTION,/admin/blasts,src/routes/admin.blasts.tsx,function/workflow,非單一DOM locator；參考linked source controls,draft／preview／confirm → campaign queue API,server-derived,admin/manager／template／consent／status,依04/02合約；tenant狀態未核實,campaign＋jobs＋potential sends,UC16/17,BL01–08,I-W12;U17,workflow_function,W12,no,yes,BLOCKED,src/routes/admin.blasts.tsx,BLOCKED_EXTERNAL,no current rendered action execution,,not exercised in rendered session,,完成各階段及權威readback；見02,not executed on current branch,not observed,workflow-level local or provider/DB acceptance remains separately gated,NOT_TESTED,,
W13,WORKFLOW_FUNCTION,/admin/analytics,src/lib/analytics,function/workflow,非單一DOM locator；參考linked source controls,sales-performance report／drilldown,server-derived,admin/manager branch scope,依04/02合約；tenant狀態未核實,read-only報表,UC18,,I-W13;U18,workflow_function,W13,no,not_applicable,BLOCKED,src/lib/analytics,BLOCKED_EXTERNAL,no current rendered action execution,,not exercised in rendered session,,完成各階段及權威readback；見02,not executed on current branch,not observed,workflow-level local or provider/DB acceptance remains separately gated,NOT_TESTED,,
W14,WORKFLOW_FUNCTION,/admin/analytics,src/lib/analytics,function/workflow,非單一DOM locator；參考linked source controls,quality correction／source-backed event projection,server-derived,admin correction reason；scope,依04/02合約；tenant狀態未核實,append evidence revision／recalculate,UC18,,I-W14;U18,workflow_function,W14,no,not_applicable,BLOCKED,src/lib/analytics,BLOCKED_EXTERNAL,no current rendered action execution,,not exercised in rendered session,,完成各階段及權威readback；見02,not executed on current branch,not observed,workflow-level local or provider/DB acceptance remains separately gated,NOT_TESTED,,
W15,WORKFLOW_FUNCTION,/property/$listingNo; /contact,src/lib/neon/admin-data.ts:706,function/workflow,非單一DOM locator；參考linked source controls,createWebsiteInquiry,server-derived,public validation／consent分開,依04/02合約；tenant狀態未核實,inquiry＋CRM records,UC16,,I-W15;U16,workflow_function,W15,no,yes,BLOCKED,src/lib/neon/admin-data.ts:706,NOT_TESTED,no current rendered action execution,,not exercised in rendered session,,完成各階段及權威readback；見02,not executed on current branch,not observed,workflow-level local or provider/DB acceptance remains separately gated,NOT_TESTED,,
W16,WORKFLOW_FUNCTION,/admin/whatsapp,src/components/admin/StaffNotificationPanel.tsx,function/workflow,非單一DOM locator；參考linked source controls,StaffNotificationCard接手／跟進動作,server-derived,authenticated assigned staff及query scope需live驗收,依04/02合約；tenant狀態未核實,ack／followup evidence,UC01/13,,I-W16;U01;U13,workflow_function,W16,no,yes,BLOCKED,src/components/admin/StaffNotificationPanel.tsx,BLOCKED_EXTERNAL,no current rendered action execution,,not exercised in rendered session,,完成各階段及權威readback；見02,not executed on current branch,not observed,workflow-level local or provider/DB acceptance remains separately gated,NOT_TESTED,,
N-T08-inbox-view,NEW_RENDERED_ACTION_CANDIDATE,/admin/whatsapp,src/components/admin/whatsapp/NoLinkInbox.tsx,dynamic,agent inbox view,,,,,,,,,new_dynamic_action_pending_browser,N-T08-inbox-view,no,yes,NOT_IN_BASELINE,,BLOCKED_EXTERNAL,unit/PGlite/source only,T08 Node/Bun local only,synthetic role session pending,,authorized action with state-specific readback,local layers only; no rendered full action,not observed end to end,synthetic browser and role/data fixtures; provider where relevant,NOT_TESTED,,
N-T08-inbox-search,NEW_RENDERED_ACTION_CANDIDATE,/admin/whatsapp,src/routes/admin.whatsapp.tsx,dynamic,activity and full-history search,,,,,,,,,new_dynamic_action_pending_browser,N-T08-inbox-search,no,yes,NOT_IN_BASELINE,,BLOCKED_EXTERNAL,unit/PGlite/source only,T08 PGlite local only,synthetic role session pending,,authorized action with state-specific readback,local layers only; no rendered full action,not observed end to end,synthetic browser and role/data fixtures; provider where relevant,NOT_TESTED,,
N-T09-enquiry-correct,NEW_RENDERED_ACTION_CANDIDATE,/admin/whatsapp,src/components/admin/whatsapp/EnquiryResolutionPanel.tsx,dynamic,correct one enquiry,,,,,,,,,new_dynamic_action_pending_browser,N-T09-enquiry-correct,no,yes,NOT_IN_BASELINE,,BLOCKED_EXTERNAL,unit/PGlite/source only,T06/T09 PGlite CAS local only,synthetic role session pending,,authorized action with state-specific readback,local layers only; no rendered full action,not observed end to end,synthetic browser and role/data fixtures; provider where relevant,NOT_TESTED,,
N-T09-folder-retry,NEW_RENDERED_ACTION_CANDIDATE,/admin/whatsapp,src/components/admin/whatsapp/FolderLoadNotice.tsx,dynamic,retry Folder load,,,,,,,,,new_dynamic_action_pending_browser,N-T09-folder-retry,no,yes,NOT_IN_BASELINE,,BLOCKED_EXTERNAL,unit/PGlite/source only,T09 Bun local only,synthetic role session pending,,authorized action with state-specific readback,local layers only; no rendered full action,not observed end to end,synthetic browser and role/data fixtures; provider where relevant,NOT_TESTED,,
N-T09-staff-test,NEW_RENDERED_ACTION_CANDIDATE,/admin/whatsapp-settings,src/components/admin/whatsapp/StaffTestNotificationDialog.tsx,dynamic,staff test notification,,,,,,,,,new_dynamic_action_pending_browser,N-T09-staff-test,no,yes,NOT_IN_BASELINE,,BLOCKED_EXTERNAL,unit/PGlite/source only,T09 UI local only,synthetic role session pending,,authorized action with state-specific readback,local layers only; no rendered full action,not observed end to end,synthetic browser and role/data fixtures; provider where relevant,NOT_TESTED,,
N-T10-forward-capture,NEW_RENDERED_ACTION_CANDIDATE,/admin/leads,src/components/admin/whatsapp/ForwardedEnquiryForm.tsx,dynamic,capture manual forward,,,,,,,,,new_dynamic_action_pending_browser,N-T10-forward-capture,no,yes,NOT_IN_BASELINE,,BLOCKED_EXTERNAL,unit/PGlite/source only,T10 PGlite/Bun local only,synthetic role session pending,,authorized action with state-specific readback,local layers only; no rendered full action,not observed end to end,synthetic browser and role/data fixtures; provider where relevant,NOT_TESTED,,
N-T10-contact-edit,NEW_RENDERED_ACTION_CANDIDATE,/admin/leads,src/components/admin/whatsapp/LeadContactEditor.tsx,dynamic,edit contact name or email,,,,,,,,,new_dynamic_action_pending_browser,N-T10-contact-edit,no,yes,NOT_IN_BASELINE,,BLOCKED_EXTERNAL,unit/PGlite/source only,T10 PGlite local only,synthetic role session pending,,authorized action with state-specific readback,local layers only; no rendered full action,not observed end to end,synthetic browser and role/data fixtures; provider where relevant,NOT_TESTED,,
N-T11-analytics-export,NEW_RENDERED_ACTION_CANDIDATE,/admin/analytics,src/routes/admin.analytics.tsx,dynamic,export scoped evidence,,,,,,,,,new_dynamic_action_pending_browser,N-T11-analytics-export,no,yes,NOT_IN_BASELINE,,BLOCKED_EXTERNAL,unit/PGlite/source only,T11 Node/PGlite local only,synthetic role session pending,,authorized action with state-specific readback,local layers only; no rendered full action,not observed end to end,synthetic browser and role/data fixtures; provider where relevant,NOT_TESTED,,
N-T12-audience-preview-retry,NEW_RENDERED_ACTION_CANDIDATE,/admin/blasts,src/routes/admin.blasts.tsx,dynamic,retry failed audience preview,,,,,,,,,new_dynamic_action_pending_browser,N-T12-audience-preview-retry,no,yes,NOT_IN_BASELINE,,BLOCKED_EXTERNAL,unit/PGlite/source only,T12 helper/source contract local only,synthetic role session pending,,authorized action with state-specific readback,local layers only; no rendered full action,not observed end to end,synthetic browser and role/data fixtures; provider where relevant,NOT_TESTED,,
N-T12-manual-template-review,NEW_RENDERED_ACTION_CANDIDATE,/admin/blasts,src/routes/admin.blasts.tsx,dynamic,confirm external template review,,,,,,,,,new_dynamic_action_pending_browser,N-T12-manual-template-review,no,yes,NOT_IN_BASELINE,,BLOCKED_EXTERNAL,unit/PGlite/source only,T12 unit/source local only,synthetic role session pending,,authorized action with state-specific readback,local layers only; no rendered full action,not observed end to end,synthetic browser and role/data fixtures; provider where relevant,NOT_TESTED,,
N-T13-auth-language,NEW_RENDERED_ACTION_CANDIDATE,/auth/sign-in,src/routes/auth.$pathname.tsx,dynamic,switch auth language,,,,,,,,,new_dynamic_action_pending_browser,N-T13-auth-language,no,yes,NOT_IN_BASELINE,,NOT_TESTED,unit/PGlite/source only,T13 local contract only,synthetic role session pending,,authorized action with state-specific readback,local layers only; no rendered full action,not observed end to end,synthetic browser and role/data fixtures; provider where relevant,NOT_TESTED,,
N-T13-header-whatsapp-desktop,NEW_RENDERED_ACTION_CANDIDATE,/,src/components/site/SiteHeader.tsx,dynamic,desktop WhatsApp link,,,,,,,,,new_dynamic_action_pending_browser,N-T13-header-whatsapp-desktop,no,yes,NOT_IN_BASELINE,,NOT_TESTED,unit/PGlite/source only,T13 semantic contract only,synthetic role session pending,,authorized action with state-specific readback,local layers only; no rendered full action,not observed end to end,synthetic browser and role/data fixtures; provider where relevant,NOT_TESTED,,
N-T13-header-whatsapp-mobile,NEW_RENDERED_ACTION_CANDIDATE,/,src/components/site/SiteHeader.tsx,dynamic,mobile WhatsApp link,,,,,,,,,new_dynamic_action_pending_browser,N-T13-header-whatsapp-mobile,no,yes,NOT_IN_BASELINE,,NOT_TESTED,unit/PGlite/source only,T13 semantic contract only,synthetic role session pending,,authorized action with state-specific readback,local layers only; no rendered full action,not observed end to end,synthetic browser and role/data fixtures; provider where relevant,NOT_TESTED,,
N-T09-assignment-diagnostics,NEW_RENDERED_ACTION_CANDIDATE,/admin/whatsapp,src/components/admin/WhatsappEnquiryContext.tsx,dynamic,open assignment support diagnostics,,,,,,,,,new_dynamic_action_pending_browser,N-T09-assignment-diagnostics,no,yes,NOT_IN_BASELINE,,BLOCKED_EXTERNAL,unit/PGlite/source only,T08/T09 real-route synthetic Auth/API browser only,synthetic role session pending,,authorized action with state-specific readback,local layers only; no rendered full action,not observed end to end,synthetic browser and role/data fixtures; provider where relevant,PASS,real-route-synthetic-auth-api,2026-09-30-no-link-browser-results.json @473d2c9; presentation only; no DB/provider proof
