action_id,record_kind,baseline_status,baseline_route,baseline_component,baseline_control,rendered_candidate_ids,mapping_status,execution_status,blocker
ACT-01,BUSINESS_ACTION,BLOCKED,/admin,src/routes/auth.$pathname.tsx,職員登入／深連結,,UNMAPPED,NOT_INFERRED_FROM_RENDER,Requires action-specific assertion and route/actor/flag reconciliation
ACT-02,BUSINESS_ACTION,BLOCKED,/admin,src/components/admin/AdminShell.tsx,登出,RID-de3f1fe128ef3a90,EXACT_LABEL_CANDIDATE_ONLY,NOT_INFERRED_FROM_RENDER,Requires action-specific assertion and route/actor/flag reconciliation
ACT-03,BUSINESS_ACTION,BLOCKED,/admin,src/routes/admin.index.tsx,載入待辦總覽,,ACTION_ASSERTION_LOCAL_PARTIAL,LOCAL_PARTIAL,266f8c7 actual daily overview explicit assertions at4 widths;only open-leads metric Link variant. True Auth/deep-link/expiry/full roles/other metric routes/flags pending. See daily-work-action-execution.csv;overlapping controls not extra business actions.
ACT-04,BUSINESS_ACTION,BLOCKED,/admin/listings,src/routes/admin.listings.tsx,搜尋、排序及分頁,,UNMAPPED,NOT_INFERRED_FROM_RENDER,Requires action-specific assertion and route/actor/flag reconciliation
ACT-05,BUSINESS_ACTION,BLOCKED,/admin/listings/new,src/components/dashboard/PropertyForm.tsx,新增及儲存草稿,,UNMAPPED,NOT_INFERRED_FROM_RENDER,Requires action-specific assertion and route/actor/flag reconciliation
ACT-06,BUSINESS_ACTION,BLOCKED,/admin/listings/$id,src/lib/neon/admin-property-management.server.ts,修改價格及狀態,,UNMAPPED,NOT_INFERRED_FROM_RENDER,Requires action-specific assertion and route/actor/flag reconciliation
ACT-07,BUSINESS_ACTION,BLOCKED,/admin/listings/$id,src/lib/admin/media-upload.ts,相片上載及排序,,UNMAPPED,NOT_INFERRED_FROM_RENDER,Requires action-specific assertion and route/actor/flag reconciliation
ACT-08,BUSINESS_ACTION,BLOCKED,/admin/listings,src/components/admin/AdminPropertyBulkActions.tsx,發佈／下架預览,,UNMAPPED,NOT_INFERRED_FROM_RENDER,Requires action-specific assertion and route/actor/flag reconciliation
ACT-09,BUSINESS_ACTION,BLOCKED,/admin/listings,src/components/admin/AdminPropertyBulkActions.tsx,確認批量狀態更新,,UNMAPPED,NOT_INFERRED_FROM_RENDER,Requires action-specific assertion and route/actor/flag reconciliation
ACT-10,BUSINESS_ACTION,PASS,/,src/routes/index.tsx,查看最新放盤,,UNMAPPED,NOT_INFERRED_FROM_RENDER,Requires action-specific assertion and route/actor/flag reconciliation
ACT-11,BUSINESS_ACTION,PASS,/property/T027001?deal=sale,src/routes/property.$listingNo.tsx,查看盤號及価格,,UNMAPPED,NOT_INFERRED_FROM_RENDER,Requires action-specific assertion and route/actor/flag reconciliation
ACT-12,BUSINESS_ACTION,PASS,/property/T027001?deal=sale,src/routes/property.$listingNo.tsx,下一張相片,,UNMAPPED,NOT_INFERRED_FROM_RENDER,Requires action-specific assertion and route/actor/flag reconciliation
ACT-13,BUSINESS_ACTION,BLOCKED,/admin/property-sync,src/components/admin/property-sync/PropertySyncWorkspace.tsx,查看各來源同步階段,,ACTION_ASSERTION_LOCAL_PARTIAL,LOCAL_PARTIAL,bf585c0 actual source-sync route explicit control/result assertions at4 widths;true Auth/source/provider/flags pending. See sync-recovery-action-execution.csv. Overlapping source candidates are not separate business actions.
ACT-14,BUSINESS_ACTION,BLOCKED,/admin/property-sync,src/lib/neon/admin-property-sync.server.ts,執行／恢復指定同步階段,,ACTION_ASSERTION_LOCAL_PARTIAL,LOCAL_PARTIAL,bf585c0 actual source-sync route explicit control/result assertions at4 widths;true Auth/source/provider/flags pending. See sync-recovery-action-execution.csv. Overlapping source candidates are not separate business actions.
ACT-15,BUSINESS_ACTION,BLOCKED,/admin/property-sync,src/lib/mls/withdrawal-review.mjs,核實疑似撤盤,,ACTION_ASSERTION_LOCAL_PARTIAL,LOCAL_PARTIAL,bf585c0 actual source-sync route explicit control/result assertions at4 widths;true Auth/source/provider/flags pending. See sync-recovery-action-execution.csv. Overlapping source candidates are not separate business actions.
ACT-16,BUSINESS_ACTION,BLOCKED,/api/woztell/webhook,src/lib/whatsapp-enquiries/webhook.server.ts,接收原始訊息,,UNMAPPED,NOT_INFERRED_FROM_RENDER,Requires action-specific assertion and route/actor/flag reconciliation
ACT-17,BUSINESS_ACTION,BLOCKED,backend worker,src/lib/whatsapp-enquiries/portal-intake.ts,提取來源盤號及指定同事,,UNMAPPED,NOT_INFERRED_FROM_RENDER,Requires action-specific assertion and route/actor/flag reconciliation
ACT-18,BUSINESS_ACTION,BLOCKED,backend worker,src/lib/whatsapp-enquiries/portal-resolution.server.ts,配對樓盤及同事,,UNMAPPED,NOT_INFERRED_FROM_RENDER,Requires action-specific assertion and route/actor/flag reconciliation
ACT-19,BUSINESS_ACTION,BLOCKED,/admin/whatsapp,src/routes/admin.whatsapp.tsx,收件匣搜尋及切換查詢,,UNMAPPED,NOT_INFERRED_FROM_RENDER,Requires action-specific assertion and route/actor/flag reconciliation
ACT-20,BUSINESS_ACTION,BLOCKED,/admin/whatsapp,src/components/admin/whatsapp/EnquiryResolutionPanel.tsx,修正來源／物業／同事,,UNMAPPED,NOT_INFERRED_FROM_RENDER,Requires action-specific assertion and route/actor/flag reconciliation
ACT-21,BUSINESS_ACTION,BLOCKED,/admin/whatsapp,src/lib/whatsapp-enquiries/assignment.server.ts,要求及核對分派,,UNMAPPED,NOT_INFERRED_FROM_RENDER,Requires action-specific assertion and route/actor/flag reconciliation
ACT-22,BUSINESS_ACTION,BLOCKED,/admin/whatsapp,src/components/admin/StaffNotificationCard.tsx,同事確認接手,,UNMAPPED,NOT_INFERRED_FROM_RENDER,Requires action-specific assertion and route/actor/flag reconciliation
ACT-23,BUSINESS_ACTION,BLOCKED,/admin/whatsapp,src/components/admin/StaffNotificationCard.tsx,提出需協助及原因,,UNMAPPED,NOT_INFERRED_FROM_RENDER,Requires action-specific assertion and route/actor/flag reconciliation
ACT-24,BUSINESS_ACTION,BLOCKED,/admin/whatsapp,src/routes/admin.whatsapp.tsx,傳送文字回覆,,UNMAPPED,NOT_INFERRED_FROM_RENDER,Requires action-specific assertion and route/actor/flag reconciliation
ACT-25,BUSINESS_ACTION,BLOCKED,/admin/whatsapp,src/routes/admin.whatsapp.tsx,預覽及傳送核准範本,,UNMAPPED,NOT_INFERRED_FROM_RENDER,Requires action-specific assertion and route/actor/flag reconciliation
ACT-26,BUSINESS_ACTION,BLOCKED,/admin/whatsapp,src/routes/admin.whatsapp.tsx,查閱未確定發送結果,,UNMAPPED,NOT_INFERRED_FROM_RENDER,Requires action-specific assertion and route/actor/flag reconciliation
ACT-27,BUSINESS_ACTION,BLOCKED,/admin/whatsapp,src/components/admin/WhatsappAiSuggestions.tsx,查看及套用回覆建議至草稿,,ACTION_ASSERTION_LOCAL_PARTIAL,LOCAL_PARTIAL,a13e918 explicit open/apply/overwrite/no-send assertions at4 widths with synthetic agent-a;true Auth/roles/flags still pending. See mobile-ai-action-execution.csv. Same logical action is not counted twice.
ACT-28,BUSINESS_ACTION,BLOCKED,/admin/leads,src/routes/admin.leads.tsx,搜尋及開啟查詢,,UNMAPPED,NOT_INFERRED_FROM_RENDER,Requires action-specific assertion and route/actor/flag reconciliation
ACT-29,BUSINESS_ACTION,BLOCKED,/admin/leads,src/components/admin/whatsapp/ForwardedEnquiryForm.tsx,記錄轉發查詢,,UNMAPPED,NOT_INFERRED_FROM_RENDER,Requires action-specific assertion and route/actor/flag reconciliation
ACT-30,BUSINESS_ACTION,BLOCKED,/admin/leads,src/components/admin/whatsapp/LeadContactEditor.tsx,儲存客戶聯絡資料,,UNMAPPED,NOT_INFERRED_FROM_RENDER,Requires action-specific assertion and route/actor/flag reconciliation
ACT-31,BUSINESS_ACTION,BLOCKED,/admin/leads,src/routes/admin.leads.tsx,新增內部跟進紀錄,RID-e764141c1a5c3c02,EXACT_LABEL_CANDIDATE_ONLY,NOT_INFERRED_FROM_RENDER,Requires action-specific assertion and route/actor/flag reconciliation
ACT-32,BUSINESS_ACTION,BLOCKED,/admin/leads,src/routes/admin.leads.tsx,批量階段／負責人更新,,UNMAPPED,NOT_INFERRED_FROM_RENDER,Requires action-specific assertion and route/actor/flag reconciliation
ACT-33,BUSINESS_ACTION,BLOCKED,/admin/leads,src/components/admin/whatsapp/RelatedLeadConversations.tsx,開啟相關 WhatsApp 對話,,UNMAPPED,NOT_INFERRED_FROM_RENDER,Requires action-specific assertion and route/actor/flag reconciliation
ACT-34,BUSINESS_ACTION,BLOCKED,/admin/leads,src/lib/neon/admin-data.server.ts,AI 分析客戶查詢,,UNMAPPED,NOT_INFERRED_FROM_RENDER,Requires action-specific assertion and route/actor/flag reconciliation
ACT-35,BUSINESS_ACTION,BLOCKED,/admin/leads,src/lib/neon/admin-data.server.ts,批准／拒絕 AI 標籤,,UNMAPPED,NOT_INFERRED_FROM_RENDER,Requires action-specific assertion and route/actor/flag reconciliation
ACT-36,BUSINESS_ACTION,BLOCKED,/admin/whatsapp-settings,src/components/admin/whatsapp/StaffMappingWizard.tsx,選同事及接單群組,,UNMAPPED,NOT_INFERRED_FROM_RENDER,Requires action-specific assertion and route/actor/flag reconciliation
ACT-37,BUSINESS_ACTION,BLOCKED,/admin/whatsapp-settings,src/components/admin/whatsapp/InboxAccountPicker.tsx,搜尋供應商 Inbox 帳戶,,UNMAPPED,NOT_INFERRED_FROM_RENDER,Requires action-specific assertion and route/actor/flag reconciliation
ACT-38,BUSINESS_ACTION,BLOCKED,/admin/whatsapp-settings,src/components/admin/whatsapp/StaffMappingWizard.tsx,核實帳戶及 Folder 權限,,UNMAPPED,NOT_INFERRED_FROM_RENDER,Requires action-specific assertion and route/actor/flag reconciliation
ACT-39,BUSINESS_ACTION,BLOCKED,/admin/whatsapp-settings,src/components/admin/whatsapp/StaffMappingWizard.tsx,儲存已核實連接,,UNMAPPED,NOT_INFERRED_FROM_RENDER,Requires action-specific assertion and route/actor/flag reconciliation
ACT-40,BUSINESS_ACTION,BLOCKED,/admin/whatsapp-settings,src/components/admin/whatsapp/StaffMappingWizard.tsx,停用同事接收映射,,UNMAPPED,NOT_INFERRED_FROM_RENDER,Requires action-specific assertion and route/actor/flag reconciliation
ACT-41,BUSINESS_ACTION,BLOCKED,/admin/whatsapp-settings,src/components/admin/StaffReferenceEditor.tsx,儲存來源別名／同事代碼,,UNMAPPED,NOT_INFERRED_FROM_RENDER,Requires action-specific assertion and route/actor/flag reconciliation
ACT-42,BUSINESS_ACTION,BLOCKED,/admin/whatsapp-settings,src/components/admin/StaffEndpointEditor.tsx,設定獨立通知目的地,,UNMAPPED,NOT_INFERRED_FROM_RENDER,Requires action-specific assertion and route/actor/flag reconciliation
ACT-43,BUSINESS_ACTION,BLOCKED,/admin/whatsapp-settings,src/components/admin/whatsapp/StaffTestNotificationDialog.tsx,確認試送及核對結果,,UNMAPPED,NOT_INFERRED_FROM_RENDER,Requires action-specific assertion and route/actor/flag reconciliation
ACT-44,BUSINESS_ACTION,BLOCKED,/admin/team,src/lib/neon/admin-team.server.ts,邀請／更新角色／停用成員,,UNMAPPED,NOT_INFERRED_FROM_RENDER,Requires action-specific assertion and route/actor/flag reconciliation
ACT-45,BUSINESS_ACTION,BLOCKED,/admin/blasts,src/routes/admin.blasts.tsx,建立／編輯收件群組,,UNMAPPED,NOT_INFERRED_FROM_RENDER,Requires action-specific assertion and route/actor/flag reconciliation
ACT-46,BUSINESS_ACTION,BLOCKED,/admin/blasts,src/routes/admin.blasts.tsx,預覽可發送及排除收件人,,ACTION_ASSERTION_LOCAL_PARTIAL,LOCAL_PARTIAL,"d89b94d actual campaign32 four-width assertions + separate ownedSQL4;ACT49 cancellation SQL only,not cancel Button;true Auth/provider/template content/full roles pending. See campaign-recovery-action-execution.csv;overlapping controls not extra business actions."
ACT-47,BUSINESS_ACTION,BLOCKED,/admin/blasts,src/routes/admin.blasts.tsx,儲存活動草稿,,UNMAPPED,NOT_INFERRED_FROM_RENDER,Requires action-specific assertion and route/actor/flag reconciliation
ACT-48,BUSINESS_ACTION,BLOCKED,/admin/blasts,src/routes/admin.blasts.tsx,確認活動入隊,,ACTION_ASSERTION_LOCAL_PARTIAL,LOCAL_PARTIAL,"d89b94d actual campaign32 four-width assertions + separate ownedSQL4;ACT49 cancellation SQL only,not cancel Button;true Auth/provider/template content/full roles pending. See campaign-recovery-action-execution.csv;overlapping controls not extra business actions."
ACT-49,BUSINESS_ACTION,BLOCKED,/admin/blasts,src/routes/admin.blasts.tsx,取消活動及查閱結果,,ACTION_ASSERTION_LOCAL_PARTIAL,LOCAL_PARTIAL,"d89b94d actual campaign32 four-width assertions + separate ownedSQL4;ACT49 cancellation SQL only,not cancel Button;true Auth/provider/template content/full roles pending. See campaign-recovery-action-execution.csv;overlapping controls not extra business actions."
ACT-50,BUSINESS_ACTION,BLOCKED,/admin/cms,src/lib/ai/content-copilot-admin.ts,產生內容建議,,UNMAPPED,NOT_INFERRED_FROM_RENDER,Requires action-specific assertion and route/actor/flag reconciliation
ACT-51,BUSINESS_ACTION,BLOCKED,/admin/cms,src/lib/ai/content-copilot.server.ts,核對差異並套用所選欄位,,UNMAPPED,NOT_INFERRED_FROM_RENDER,Requires action-specific assertion and route/actor/flag reconciliation
ACT-52,BUSINESS_ACTION,BLOCKED,/admin/cms,src/lib/ai/content-copilot.server.ts,拒絕建議,,UNMAPPED,NOT_INFERRED_FROM_RENDER,Requires action-specific assertion and route/actor/flag reconciliation
ACT-53,BUSINESS_ACTION,BLOCKED,/api/live-agent/message,src/lib/ai/live-agent.server.ts,問樓助手回答,,UNMAPPED,NOT_INFERRED_FROM_RENDER,Requires action-specific assertion and route/actor/flag reconciliation
ACT-54,BUSINESS_ACTION,BLOCKED,/admin/operations,src/lib/ai/knowledge.server.ts,重建知識索引,,UNMAPPED,NOT_INFERRED_FROM_RENDER,Requires action-specific assertion and route/actor/flag reconciliation
ACT-55,BUSINESS_ACTION,BLOCKED,/admin/analytics,src/lib/analytics/sales-performance.server.ts,篩選來源及同事績效,,ACTION_ASSERTION_LOCAL_PARTIAL,LOCAL_PARTIAL,"fa379ea actual performance48 four widths and ownedSQL4;ACT56 drilldown only,not quality-correction Button;15 overlapping controls,not extra business actions;see performance-readback-action-execution.csv. Full real Auth/roles/flags pending."
ACT-56,BUSINESS_ACTION,BLOCKED,/admin/analytics,src/routes/admin.analytics.tsx,查阅數字明細／品質修正,,ACTION_ASSERTION_LOCAL_PARTIAL,LOCAL_PARTIAL,"fa379ea actual performance48 four widths and ownedSQL4;ACT56 drilldown only,not quality-correction Button;15 overlapping controls,not extra business actions;see performance-readback-action-execution.csv. Full real Auth/roles/flags pending."
ACT-57,BUSINESS_ACTION,BLOCKED,/admin/analytics,src/routes/admin.analytics.tsx,匯出已篩選 CSV,,ACTION_ASSERTION_LOCAL_PARTIAL,LOCAL_PARTIAL,"fa379ea actual performance48 four widths and ownedSQL4;ACT56 drilldown only,not quality-correction Button;15 overlapping controls,not extra business actions;see performance-readback-action-execution.csv. Full real Auth/roles/flags pending."
ACT-58,BUSINESS_ACTION,BLOCKED,/admin/listings,src/routes/admin.listings.tsx,把選取盤源交到連結草稿,,UNMAPPED,NOT_INFERRED_FROM_RENDER,Requires action-specific assertion and route/actor/flag reconciliation
ACT-59,BUSINESS_ACTION,BLOCKED,/admin/whatsapp-links,src/components/admin/whatsapp/WhatsappBatchImport.tsx,貼上／CSV 匯入批量盤源,,ACTION_ASSERTION_LOCAL_PARTIAL,LOCAL_PARTIAL,0927bd4 local72browser/8ownedSQL;19 overlapping controls;0388synthetic clipboard and0433normal50+10 continuation operated;trueAuth/fullroles/flags/combined/nativeclipboard pending;see link-bulk-copy-continuation-action-execution.csv.
ACT-60,BUSINESS_ACTION,BLOCKED,/admin/whatsapp-links,src/lib/neon/whatsapp-link-batches.server.ts,預覽合資格子集,,ACTION_ASSERTION_LOCAL_PARTIAL,LOCAL_PARTIAL,0927bd4 local72browser/8ownedSQL;19 overlapping controls;0388synthetic clipboard and0433normal50+10 continuation operated;trueAuth/fullroles/flags/combined/nativeclipboard pending;see link-bulk-copy-continuation-action-execution.csv.
ACT-61,BUSINESS_ACTION,BLOCKED,/admin/whatsapp-links,src/lib/neon/whatsapp-link-batches.server.ts,確認批量建立並恢复,,ACTION_ASSERTION_LOCAL_PARTIAL,LOCAL_PARTIAL,0927bd4 local72browser/8ownedSQL;19 overlapping controls;0388synthetic clipboard and0433normal50+10 continuation operated;trueAuth/fullroles/flags/combined/nativeclipboard pending;see link-bulk-copy-continuation-action-execution.csv.
ACT-62,BUSINESS_ACTION,BLOCKED,/admin/whatsapp-links,src/lib/admin/whatsapp-link-export.ts,複製及匯出已生成連結,,ACTION_ASSERTION_LOCAL_PARTIAL,LOCAL_PARTIAL,0927bd4 local72browser/8ownedSQL;19 overlapping controls;0388synthetic clipboard and0433normal50+10 continuation operated;trueAuth/fullroles/flags/combined/nativeclipboard pending;see link-bulk-copy-continuation-action-execution.csv.
ACT-63,BUSINESS_ACTION,BLOCKED,/admin/cms,src/routes/admin.cms.tsx,儲存草稿及發佈比較,,UNMAPPED,NOT_INFERRED_FROM_RENDER,Requires action-specific assertion and route/actor/flag reconciliation
ACT-64,BUSINESS_ACTION,BLOCKED,/admin/operations,src/components/admin/operations/AdminOperationsAudit.tsx,查看工作／錯誤／審計,,UNMAPPED,NOT_INFERRED_FROM_RENDER,Requires action-specific assertion and route/actor/flag reconciliation
ACT-65,BUSINESS_ACTION,BLOCKED,/admin/operations,src/lib/control-plane/job-handlers.server.ts,重試／取消工作,,UNMAPPED,NOT_INFERRED_FROM_RENDER,Requires action-specific assertion and route/actor/flag reconciliation
ACT-66,BUSINESS_ACTION,BLOCKED,/admin/transactions,src/lib/neon/admin-data.server.ts,更新成交及歸屬份額,,UNMAPPED,NOT_INFERRED_FROM_RENDER,Requires action-specific assertion and route/actor/flag reconciliation
ACT-67,BUSINESS_ACTION,BLOCKED,/admin/agents;/admin/estates,src/routes/admin.agents.tsx,編輯公開基本資料,,UNMAPPED,NOT_INFERRED_FROM_RENDER,Requires action-specific assertion and route/actor/flag reconciliation
ACT-68,BUSINESS_ACTION,BLOCKED,/admin/segments,src/lib/ai/segments.server.ts,自然語言規則預覽及保存,,UNMAPPED,NOT_INFERRED_FROM_RENDER,Requires action-specific assertion and route/actor/flag reconciliation
ACT-S-0001,SOURCE_CONTROL_CANDIDATE,NOT_TESTED,shared component; caller routes need runtime reconciliation,src/components/DefaultErrorComponent.tsx:48,button,,UNMAPPED,NOT_INFERRED_FROM_RENDER,Requires action-specific assertion and route/actor/flag reconciliation
ACT-S-0002,SOURCE_CONTROL_CANDIDATE,NOT_TESTED,shared component; caller routes need runtime reconciliation,src/components/DefaultErrorComponent.tsx:58,Link,,UNMAPPED,NOT_INFERRED_FROM_RENDER,Requires action-specific assertion and route/actor/flag reconciliation
ACT-S-0003,SOURCE_CONTROL_CANDIDATE,BLOCKED,shared component; caller routes need runtime reconciliation,src/components/admin/AdminConfirmDialog.tsx:45,AlertDialog,,UNMAPPED,NOT_INFERRED_FROM_RENDER,Requires action-specific assertion and route/actor/flag reconciliation
ACT-S-0004,SOURCE_CONTROL_CANDIDATE,BLOCKED,shared component; caller routes need runtime reconciliation,src/components/admin/AdminConfirmDialog.tsx:71,Button,,UNMAPPED,NOT_INFERRED_FROM_RENDER,Requires action-specific assertion and route/actor/flag reconciliation
ACT-S-0005,SOURCE_CONTROL_CANDIDATE,BLOCKED,shared component; caller routes need runtime reconciliation,src/components/admin/AdminContentCopilot.tsx:399,button,,UNMAPPED,NOT_INFERRED_FROM_RENDER,Requires action-specific assertion and route/actor/flag reconciliation
ACT-S-0006,SOURCE_CONTROL_CANDIDATE,BLOCKED,shared component; caller routes need runtime reconciliation,src/components/admin/AdminContentCopilot.tsx:455,Button,,UNMAPPED,NOT_INFERRED_FROM_RENDER,Requires action-specific assertion and route/actor/flag reconciliation
ACT-S-0007,SOURCE_CONTROL_CANDIDATE,BLOCKED,shared component; caller routes need runtime reconciliation,src/components/admin/AdminContentCopilot.tsx:468,Select,,UNMAPPED,NOT_INFERRED_FROM_RENDER,Requires action-specific assertion and route/actor/flag reconciliation
ACT-S-0008,SOURCE_CONTROL_CANDIDATE,BLOCKED,shared component; caller routes need runtime reconciliation,src/components/admin/AdminContentCopilot.tsx:490,Checkbox,,UNMAPPED,NOT_INFERRED_FROM_RENDER,Requires action-specific assertion and route/actor/flag reconciliation
ACT-S-0009,SOURCE_CONTROL_CANDIDATE,BLOCKED,shared component; caller routes need runtime reconciliation,src/components/admin/AdminContentCopilot.tsx:505,Select,,UNMAPPED,NOT_INFERRED_FROM_RENDER,Requires action-specific assertion and route/actor/flag reconciliation
ACT-S-0010,SOURCE_CONTROL_CANDIDATE,BLOCKED,shared component; caller routes need runtime reconciliation,src/components/admin/AdminContentCopilot.tsx:519,Select,,UNMAPPED,NOT_INFERRED_FROM_RENDER,Requires action-specific assertion and route/actor/flag reconciliation
ACT-S-0011,SOURCE_CONTROL_CANDIDATE,BLOCKED,shared component; caller routes need runtime reconciliation,src/components/admin/AdminContentCopilot.tsx:538,Select,,UNMAPPED,NOT_INFERRED_FROM_RENDER,Requires action-specific assertion and route/actor/flag reconciliation
ACT-S-0012,SOURCE_CONTROL_CANDIDATE,BLOCKED,shared component; caller routes need runtime reconciliation,src/components/admin/AdminContentCopilot.tsx:554,Button,,UNMAPPED,NOT_INFERRED_FROM_RENDER,Requires action-specific assertion and route/actor/flag reconciliation
ACT-S-0013,SOURCE_CONTROL_CANDIDATE,BLOCKED,shared component; caller routes need runtime reconciliation,src/components/admin/AdminContentCopilot.tsx:565,Review,,UNMAPPED,NOT_INFERRED_FROM_RENDER,Requires action-specific assertion and route/actor/flag reconciliation
ACT-S-0014,SOURCE_CONTROL_CANDIDATE,BLOCKED,shared component; caller routes need runtime reconciliation,src/components/admin/AdminContentCopilot.tsx:623,Button,,UNMAPPED,NOT_INFERRED_FROM_RENDER,Requires action-specific assertion and route/actor/flag reconciliation
ACT-S-0015,SOURCE_CONTROL_CANDIDATE,BLOCKED,shared component; caller routes need runtime reconciliation,src/components/admin/AdminContentCopilot.tsx:682,Checkbox,,UNMAPPED,NOT_INFERRED_FROM_RENDER,Requires action-specific assertion and route/actor/flag reconciliation
ACT-S-0016,SOURCE_CONTROL_CANDIDATE,BLOCKED,shared component; caller routes need runtime reconciliation,src/components/admin/AdminContentCopilot.tsx:729,a,,UNMAPPED,NOT_INFERRED_FROM_RENDER,Requires action-specific assertion and route/actor/flag reconciliation
ACT-S-0017,SOURCE_CONTROL_CANDIDATE,BLOCKED,shared component; caller routes need runtime reconciliation,src/components/admin/AdminContentCopilot.tsx:747,Button,,UNMAPPED,NOT_INFERRED_FROM_RENDER,Requires action-specific assertion and route/actor/flag reconciliation
ACT-S-0018,SOURCE_CONTROL_CANDIDATE,BLOCKED,shared component; caller routes need runtime reconciliation,src/components/admin/AdminContentCopilot.tsx:769,Button,,UNMAPPED,NOT_INFERRED_FROM_RENDER,Requires action-specific assertion and route/actor/flag reconciliation
ACT-S-0019,SOURCE_CONTROL_CANDIDATE,BLOCKED,shared component; caller routes need runtime reconciliation,src/components/admin/AdminContentCopilot.tsx:778,Button,,UNMAPPED,NOT_INFERRED_FROM_RENDER,Requires action-specific assertion and route/actor/flag reconciliation
ACT-S-0020,SOURCE_CONTROL_CANDIDATE,BLOCKED,shared component; caller routes need runtime reconciliation,src/components/admin/AdminDetailPanel.tsx:28,Sheet,,UNMAPPED,NOT_INFERRED_FROM_RENDER,Requires action-specific assertion and route/actor/flag reconciliation
ACT-S-0021,SOURCE_CONTROL_CANDIDATE,BLOCKED,shared component; caller routes need runtime reconciliation,src/components/admin/AdminPropertyBulkActions.tsx:112,select,,UNMAPPED,NOT_INFERRED_FROM_RENDER,Requires action-specific assertion and route/actor/flag reconciliation
ACT-S-0022,SOURCE_CONTROL_CANDIDATE,BLOCKED,shared component; caller routes need runtime reconciliation,src/components/admin/AdminPropertyBulkActions.tsx:125,select,,UNMAPPED,NOT_INFERRED_FROM_RENDER,Requires action-specific assertion and route/actor/flag reconciliation
ACT-S-0023,SOURCE_CONTROL_CANDIDATE,BLOCKED,shared component; caller routes need runtime reconciliation,src/components/admin/AdminPropertyBulkActions.tsx:144,select,,UNMAPPED,NOT_INFERRED_FROM_RENDER,Requires action-specific assertion and route/actor/flag reconciliation
ACT-S-0024,SOURCE_CONTROL_CANDIDATE,BLOCKED,shared component; caller routes need runtime reconciliation,src/components/admin/AdminPropertyBulkActions.tsx:158,Button,,UNMAPPED,NOT_INFERRED_FROM_RENDER,Requires action-specific assertion and route/actor/flag reconciliation
ACT-S-0025,SOURCE_CONTROL_CANDIDATE,BLOCKED,shared component; caller routes need runtime reconciliation,src/components/admin/AdminPropertyBulkActions.tsx:181,Button,,UNMAPPED,NOT_INFERRED_FROM_RENDER,Requires action-specific assertion and route/actor/flag reconciliation
ACT-S-0026,SOURCE_CONTROL_CANDIDATE,BLOCKED,shared component; caller routes need runtime reconciliation,src/components/admin/AdminPropertyBulkActions.tsx:184,Button,,UNMAPPED,NOT_INFERRED_FROM_RENDER,Requires action-specific assertion and route/actor/flag reconciliation
ACT-S-0027,SOURCE_CONTROL_CANDIDATE,BLOCKED,shared component; caller routes need runtime reconciliation,src/components/admin/AdminPropertyBulkActions.tsx:227,Button,,UNMAPPED,NOT_INFERRED_FROM_RENDER,Requires action-specific assertion and route/actor/flag reconciliation
ACT-S-0028,SOURCE_CONTROL_CANDIDATE,BLOCKED,shared component; caller routes need runtime reconciliation,src/components/admin/AdminPropertyBulkActions.tsx:240,AdminConfirmDialog,,UNMAPPED,NOT_INFERRED_FROM_RENDER,Requires action-specific assertion and route/actor/flag reconciliation
ACT-S-0029,SOURCE_CONTROL_CANDIDATE,BLOCKED,shared component; caller routes need runtime reconciliation,src/components/admin/AdminPropertyTable.tsx:47,Link,,UNMAPPED,NOT_INFERRED_FROM_RENDER,Requires action-specific assertion and route/actor/flag reconciliation
ACT-S-0030,SOURCE_CONTROL_CANDIDATE,BLOCKED,shared component; caller routes need runtime reconciliation,src/components/admin/AdminPropertyTable.tsx:74,Button,,UNMAPPED,NOT_INFERRED_FROM_RENDER,Requires action-specific assertion and route/actor/flag reconciliation
ACT-S-0031,SOURCE_CONTROL_CANDIDATE,BLOCKED,shared component; caller routes need runtime reconciliation,src/components/admin/AdminPropertyTable.tsx:75,Link,,UNMAPPED,NOT_INFERRED_FROM_RENDER,Requires action-specific assertion and route/actor/flag reconciliation
ACT-S-0032,SOURCE_CONTROL_CANDIDATE,BLOCKED,shared component; caller routes need runtime reconciliation,src/components/admin/AdminPropertyTable.tsx:80,Button,,UNMAPPED,NOT_INFERRED_FROM_RENDER,Requires action-specific assertion and route/actor/flag reconciliation
ACT-S-0033,SOURCE_CONTROL_CANDIDATE,BLOCKED,shared component; caller routes need runtime reconciliation,src/components/admin/AdminPropertyTable.tsx:81,Link,,UNMAPPED,NOT_INFERRED_FROM_RENDER,Requires action-specific assertion and route/actor/flag reconciliation
ACT-S-0034,SOURCE_CONTROL_CANDIDATE,BLOCKED,shared component; caller routes need runtime reconciliation,src/components/admin/AdminPropertyTable.tsx:119,input,,UNMAPPED,NOT_INFERRED_FROM_RENDER,Requires action-specific assertion and route/actor/flag reconciliation
ACT-S-0035,SOURCE_CONTROL_CANDIDATE,BLOCKED,shared component; caller routes need runtime reconciliation,src/components/admin/AdminPropertyTable.tsx:131,input,,UNMAPPED,NOT_INFERRED_FROM_RENDER,Requires action-specific assertion and route/actor/flag reconciliation
ACT-S-0036,SOURCE_CONTROL_CANDIDATE,BLOCKED,shared component; caller routes need runtime reconciliation,src/components/admin/AdminPropertyWorkspace.tsx:185,Button,,UNMAPPED,NOT_INFERRED_FROM_RENDER,Requires action-specific assertion and route/actor/flag reconciliation
ACT-S-0037,SOURCE_CONTROL_CANDIDATE,BLOCKED,shared component; caller routes need runtime reconciliation,src/components/admin/AdminPropertyWorkspace.tsx:186,Link,,UNMAPPED,NOT_INFERRED_FROM_RENDER,Requires action-specific assertion and route/actor/flag reconciliation
ACT-S-0038,SOURCE_CONTROL_CANDIDATE,BLOCKED,shared component; caller routes need runtime reconciliation,src/components/admin/AdminPropertyWorkspace.tsx:242,input,,UNMAPPED,NOT_INFERRED_FROM_RENDER,Requires action-specific assertion and route/actor/flag reconciliation
ACT-S-0039,SOURCE_CONTROL_CANDIDATE,BLOCKED,shared component; caller routes need runtime reconciliation,src/components/admin/AdminPropertyWorkspace.tsx:266,Button,,UNMAPPED,NOT_INFERRED_FROM_RENDER,Requires action-specific assertion and route/actor/flag reconciliation
ACT-S-0040,SOURCE_CONTROL_CANDIDATE,BLOCKED,shared component; caller routes need runtime reconciliation,src/components/admin/AdminPropertyWorkspace.tsx:277,Button,,UNMAPPED,NOT_INFERRED_FROM_RENDER,Requires action-specific assertion and route/actor/flag reconciliation
ACT-S-0041,SOURCE_CONTROL_CANDIDATE,BLOCKED,shared component; caller routes need runtime reconciliation,src/components/admin/AdminPropertyWorkspace.tsx:293,form,,UNMAPPED,NOT_INFERRED_FROM_RENDER,Requires action-specific assertion and route/actor/flag reconciliation
ACT-S-0042,SOURCE_CONTROL_CANDIDATE,BLOCKED,shared component; caller routes need runtime reconciliation,src/components/admin/AdminPropertyWorkspace.tsx:331,Input,,UNMAPPED,NOT_INFERRED_FROM_RENDER,Requires action-specific assertion and route/actor/flag reconciliation
ACT-S-0043,SOURCE_CONTROL_CANDIDATE,BLOCKED,shared component; caller routes need runtime reconciliation,src/components/admin/AdminPropertyWorkspace.tsx:355,select,,UNMAPPED,NOT_INFERRED_FROM_RENDER,Requires action-specific assertion and route/actor/flag reconciliation
ACT-S-0044,SOURCE_CONTROL_CANDIDATE,BLOCKED,shared component; caller routes need runtime reconciliation,src/components/admin/AdminPropertyWorkspace.tsx:372,select,,UNMAPPED,NOT_INFERRED_FROM_RENDER,Requires action-specific assertion and route/actor/flag reconciliation
ACT-S-0045,SOURCE_CONTROL_CANDIDATE,BLOCKED,shared component; caller routes need runtime reconciliation,src/components/admin/AdminPropertyWorkspace.tsx:388,Textarea,,UNMAPPED,NOT_INFERRED_FROM_RENDER,Requires action-specific assertion and route/actor/flag reconciliation
ACT-S-0046,SOURCE_CONTROL_CANDIDATE,BLOCKED,shared component; caller routes need runtime reconciliation,src/components/admin/AdminPropertyWorkspace.tsx:400,ImageUploader,,UNMAPPED,NOT_INFERRED_FROM_RENDER,Requires action-specific assertion and route/actor/flag reconciliation
ACT-S-0047,SOURCE_CONTROL_CANDIDATE,BLOCKED,shared component; caller routes need runtime reconciliation,src/components/admin/AdminPropertyWorkspace.tsx:421,Textarea,,UNMAPPED,NOT_INFERRED_FROM_RENDER,Requires action-specific assertion and route/actor/flag reconciliation
ACT-S-0048,SOURCE_CONTROL_CANDIDATE,BLOCKED,shared component; caller routes need runtime reconciliation,src/components/admin/AdminPropertyWorkspace.tsx:442,Input,,UNMAPPED,NOT_INFERRED_FROM_RENDER,Requires action-specific assertion and route/actor/flag reconciliation
ACT-S-0049,SOURCE_CONTROL_CANDIDATE,BLOCKED,shared component; caller routes need runtime reconciliation,src/components/admin/AdminPropertyWorkspace.tsx:453,select,,UNMAPPED,NOT_INFERRED_FROM_RENDER,Requires action-specific assertion and route/actor/flag reconciliation
ACT-S-0050,SOURCE_CONTROL_CANDIDATE,BLOCKED,shared component; caller routes need runtime reconciliation,src/components/admin/AdminPropertyWorkspace.tsx:473,select,,UNMAPPED,NOT_INFERRED_FROM_RENDER,Requires action-specific assertion and route/actor/flag reconciliation
ACT-S-0051,SOURCE_CONTROL_CANDIDATE,BLOCKED,shared component; caller routes need runtime reconciliation,src/components/admin/AdminPropertyWorkspace.tsx:489,Textarea,,UNMAPPED,NOT_INFERRED_FROM_RENDER,Requires action-specific assertion and route/actor/flag reconciliation
ACT-S-0052,SOURCE_CONTROL_CANDIDATE,BLOCKED,shared component; caller routes need runtime reconciliation,src/components/admin/AdminPropertyWorkspace.tsx:498,Button,,UNMAPPED,NOT_INFERRED_FROM_RENDER,Requires action-specific assertion and route/actor/flag reconciliation
ACT-S-0053,SOURCE_CONTROL_CANDIDATE,BLOCKED,shared component; caller routes need runtime reconciliation,src/components/admin/AdminPropertyWorkspace.tsx:521,Button,,UNMAPPED,NOT_INFERRED_FROM_RENDER,Requires action-specific assertion and route/actor/flag reconciliation
ACT-S-0054,SOURCE_CONTROL_CANDIDATE,BLOCKED,shared component; caller routes need runtime reconciliation,src/components/admin/AdminPropertyWorkspace.tsx:539,Button,,UNMAPPED,NOT_INFERRED_FROM_RENDER,Requires action-specific assertion and route/actor/flag reconciliation
ACT-S-0055,SOURCE_CONTROL_CANDIDATE,BLOCKED,shared component; caller routes need runtime reconciliation,src/components/admin/AdminPropertyWorkspace.tsx:571,AdminConfirmDialog,,UNMAPPED,NOT_INFERRED_FROM_RENDER,Requires action-specific assertion and route/actor/flag reconciliation
ACT-S-0056,SOURCE_CONTROL_CANDIDATE,BLOCKED,shared component; caller routes need runtime reconciliation,src/components/admin/AdminPropertyWorkspace.tsx:594,AdminConfirmDialog,,UNMAPPED,NOT_INFERRED_FROM_RENDER,Requires action-specific assertion and route/actor/flag reconciliation
ACT-S-0057,SOURCE_CONTROL_CANDIDATE,BLOCKED,shared component; caller routes need runtime reconciliation,src/components/admin/AdminPropertyWorkspace.tsx:606,AdminConfirmDialog,,UNMAPPED,NOT_INFERRED_FROM_RENDER,Requires action-specific assertion and route/actor/flag reconciliation
ACT-S-0058,SOURCE_CONTROL_CANDIDATE,BLOCKED,shared component; caller routes need runtime reconciliation,src/components/admin/AdminShell.tsx:256,Link,,UNMAPPED,NOT_INFERRED_FROM_RENDER,Requires action-specific assertion and route/actor/flag reconciliation
ACT-S-0059,SOURCE_CONTROL_CANDIDATE,BLOCKED,shared component; caller routes need runtime reconciliation,src/components/admin/AdminShell.tsx:317,Button,,UNMAPPED,NOT_INFERRED_FROM_RENDER,Requires action-specific assertion and route/actor/flag reconciliation
ACT-S-0060,SOURCE_CONTROL_CANDIDATE,BLOCKED,shared component; caller routes need runtime reconciliation,src/components/admin/AdminShell.tsx:321,Button,,UNMAPPED,NOT_INFERRED_FROM_RENDER,Requires action-specific assertion and route/actor/flag reconciliation
ACT-S-0061,SOURCE_CONTROL_CANDIDATE,BLOCKED,shared component; caller routes need runtime reconciliation,src/components/admin/AdminShell.tsx:348,Link,,UNMAPPED,NOT_INFERRED_FROM_RENDER,Requires action-specific assertion and route/actor/flag reconciliation
ACT-S-0062,SOURCE_CONTROL_CANDIDATE,BLOCKED,shared component; caller routes need runtime reconciliation,src/components/admin/AdminShell.tsx:439,Button,,UNMAPPED,NOT_INFERRED_FROM_RENDER,Requires action-specific assertion and route/actor/flag reconciliation
ACT-S-0063,SOURCE_CONTROL_CANDIDATE,BLOCKED,shared component; caller routes need runtime reconciliation,src/components/admin/AdminShell.tsx:443,Link,,UNMAPPED,NOT_INFERRED_FROM_RENDER,Requires action-specific assertion and route/actor/flag reconciliation
ACT-S-0064,SOURCE_CONTROL_CANDIDATE,BLOCKED,shared component; caller routes need runtime reconciliation,src/components/admin/AdminShell.tsx:470,Button,,UNMAPPED,NOT_INFERRED_FROM_RENDER,Requires action-specific assertion and route/actor/flag reconciliation
ACT-S-0065,SOURCE_CONTROL_CANDIDATE,BLOCKED,shared component; caller routes need runtime reconciliation,src/components/admin/AdminShell.tsx:488,Sheet,,UNMAPPED,NOT_INFERRED_FROM_RENDER,Requires action-specific assertion and route/actor/flag reconciliation
ACT-S-0066,SOURCE_CONTROL_CANDIDATE,BLOCKED,shared component; caller routes need runtime reconciliation,src/components/admin/AdminShell.tsx:489,SheetTrigger,,UNMAPPED,NOT_INFERRED_FROM_RENDER,Requires action-specific assertion and route/actor/flag reconciliation
ACT-S-0067,SOURCE_CONTROL_CANDIDATE,BLOCKED,shared component; caller routes need runtime reconciliation,src/components/admin/AdminShell.tsx:490,Button,,UNMAPPED,NOT_INFERRED_FROM_RENDER,Requires action-specific assertion and route/actor/flag reconciliation
ACT-S-0068,SOURCE_CONTROL_CANDIDATE,BLOCKED,shared component; caller routes need runtime reconciliation,src/components/admin/AdminShell.tsx:506,AdminNav,,UNMAPPED,NOT_INFERRED_FROM_RENDER,Requires action-specific assertion and route/actor/flag reconciliation
ACT-S-0069,SOURCE_CONTROL_CANDIDATE,BLOCKED,shared component; caller routes need runtime reconciliation,src/components/admin/AdminShell.tsx:509,Button,,UNMAPPED,NOT_INFERRED_FROM_RENDER,Requires action-specific assertion and route/actor/flag reconciliation
ACT-S-0070,SOURCE_CONTROL_CANDIDATE,BLOCKED,shared component; caller routes need runtime reconciliation,src/components/admin/AdminShell.tsx:538,a,,UNMAPPED,NOT_INFERRED_FROM_RENDER,Requires action-specific assertion and route/actor/flag reconciliation
ACT-S-0071,SOURCE_CONTROL_CANDIDATE,BLOCKED,shared component; caller routes need runtime reconciliation,src/components/admin/AdminShell.tsx:545,Button,,UNMAPPED,NOT_INFERRED_FROM_RENDER,Requires action-specific assertion and route/actor/flag reconciliation
ACT-S-0072,SOURCE_CONTROL_CANDIDATE,BLOCKED,shared component; caller routes need runtime reconciliation,src/components/admin/AdminShell.tsx:562,StaffAccessDenied,,UNMAPPED,NOT_INFERRED_FROM_RENDER,Requires action-specific assertion and route/actor/flag reconciliation
ACT-S-0073,SOURCE_CONTROL_CANDIDATE,BLOCKED,shared component; caller routes need runtime reconciliation,src/components/admin/AdminShell.tsx:575,AdminConfirmDialog,,UNMAPPED,NOT_INFERRED_FROM_RENDER,Requires action-specific assertion and route/actor/flag reconciliation
ACT-S-0074,SOURCE_CONTROL_CANDIDATE,BLOCKED,shared component; caller routes need runtime reconciliation,src/components/admin/AdminStatusSelect.tsx:31,Select,,UNMAPPED,NOT_INFERRED_FROM_RENDER,Requires action-specific assertion and route/actor/flag reconciliation
ACT-S-0075,SOURCE_CONTROL_CANDIDATE,BLOCKED,shared component; caller routes need runtime reconciliation,src/components/admin/AgentProfileForm.tsx:150,form,,UNMAPPED,NOT_INFERRED_FROM_RENDER,Requires action-specific assertion and route/actor/flag reconciliation
ACT-S-0076,SOURCE_CONTROL_CANDIDATE,BLOCKED,shared component; caller routes need runtime reconciliation,src/components/admin/AgentProfileForm.tsx:154,Input,,UNMAPPED,NOT_INFERRED_FROM_RENDER,Requires action-specific assertion and route/actor/flag reconciliation
ACT-S-0077,SOURCE_CONTROL_CANDIDATE,BLOCKED,shared component; caller routes need runtime reconciliation,src/components/admin/AgentProfileForm.tsx:164,Input,,UNMAPPED,NOT_INFERRED_FROM_RENDER,Requires action-specific assertion and route/actor/flag reconciliation
ACT-S-0078,SOURCE_CONTROL_CANDIDATE,BLOCKED,shared component; caller routes need runtime reconciliation,src/components/admin/AgentProfileForm.tsx:174,Input,,UNMAPPED,NOT_INFERRED_FROM_RENDER,Requires action-specific assertion and route/actor/flag reconciliation
ACT-S-0079,SOURCE_CONTROL_CANDIDATE,BLOCKED,shared component; caller routes need runtime reconciliation,src/components/admin/AgentProfileForm.tsx:184,Input,,UNMAPPED,NOT_INFERRED_FROM_RENDER,Requires action-specific assertion and route/actor/flag reconciliation
ACT-S-0080,SOURCE_CONTROL_CANDIDATE,BLOCKED,shared component; caller routes need runtime reconciliation,src/components/admin/AgentProfileForm.tsx:194,Select,,UNMAPPED,NOT_INFERRED_FROM_RENDER,Requires action-specific assertion and route/actor/flag reconciliation
ACT-S-0081,SOURCE_CONTROL_CANDIDATE,BLOCKED,shared component; caller routes need runtime reconciliation,src/components/admin/AgentProfileForm.tsx:212,Input,,UNMAPPED,NOT_INFERRED_FROM_RENDER,Requires action-specific assertion and route/actor/flag reconciliation
ACT-S-0082,SOURCE_CONTROL_CANDIDATE,BLOCKED,shared component; caller routes need runtime reconciliation,src/components/admin/AgentProfileForm.tsx:222,Input,,UNMAPPED,NOT_INFERRED_FROM_RENDER,Requires action-specific assertion and route/actor/flag reconciliation
ACT-S-0083,SOURCE_CONTROL_CANDIDATE,BLOCKED,shared component; caller routes need runtime reconciliation,src/components/admin/AgentProfileForm.tsx:235,Textarea,,UNMAPPED,NOT_INFERRED_FROM_RENDER,Requires action-specific assertion and route/actor/flag reconciliation
ACT-S-0084,SOURCE_CONTROL_CANDIDATE,BLOCKED,shared component; caller routes need runtime reconciliation,src/components/admin/AgentProfileForm.tsx:246,Textarea,,UNMAPPED,NOT_INFERRED_FROM_RENDER,Requires action-specific assertion and route/actor/flag reconciliation
ACT-S-0085,SOURCE_CONTROL_CANDIDATE,BLOCKED,shared component; caller routes need runtime reconciliation,src/components/admin/AgentProfileForm.tsx:263,Textarea,,UNMAPPED,NOT_INFERRED_FROM_RENDER,Requires action-specific assertion and route/actor/flag reconciliation
ACT-S-0086,SOURCE_CONTROL_CANDIDATE,BLOCKED,shared component; caller routes need runtime reconciliation,src/components/admin/AgentProfileForm.tsx:275,Input,,UNMAPPED,NOT_INFERRED_FROM_RENDER,Requires action-specific assertion and route/actor/flag reconciliation
ACT-S-0087,SOURCE_CONTROL_CANDIDATE,BLOCKED,shared component; caller routes need runtime reconciliation,src/components/admin/AgentProfileForm.tsx:290,Input,,UNMAPPED,NOT_INFERRED_FROM_RENDER,Requires action-specific assertion and route/actor/flag reconciliation
ACT-S-0088,SOURCE_CONTROL_CANDIDATE,BLOCKED,shared component; caller routes need runtime reconciliation,src/components/admin/AgentProfileForm.tsx:301,Input,,UNMAPPED,NOT_INFERRED_FROM_RENDER,Requires action-specific assertion and route/actor/flag reconciliation
ACT-S-0089,SOURCE_CONTROL_CANDIDATE,BLOCKED,shared component; caller routes need runtime reconciliation,src/components/admin/AgentProfileForm.tsx:316,Input,,UNMAPPED,NOT_INFERRED_FROM_RENDER,Requires action-specific assertion and route/actor/flag reconciliation
ACT-S-0090,SOURCE_CONTROL_CANDIDATE,BLOCKED,shared component; caller routes need runtime reconciliation,src/components/admin/AgentProfileForm.tsx:331,Input,,UNMAPPED,NOT_INFERRED_FROM_RENDER,Requires action-specific assertion and route/actor/flag reconciliation
ACT-S-0091,SOURCE_CONTROL_CANDIDATE,BLOCKED,shared component; caller routes need runtime reconciliation,src/components/admin/AgentProfileForm.tsx:339,ToggleField,,UNMAPPED,NOT_INFERRED_FROM_RENDER,Requires action-specific assertion and route/actor/flag reconciliation
ACT-S-0092,SOURCE_CONTROL_CANDIDATE,BLOCKED,shared component; caller routes need runtime reconciliation,src/components/admin/AgentProfileForm.tsx:351,Input,,UNMAPPED,NOT_INFERRED_FROM_RENDER,Requires action-specific assertion and route/actor/flag reconciliation
ACT-S-0093,SOURCE_CONTROL_CANDIDATE,BLOCKED,shared component; caller routes need runtime reconciliation,src/components/admin/AgentProfileForm.tsx:361,ToggleField,,UNMAPPED,NOT_INFERRED_FROM_RENDER,Requires action-specific assertion and route/actor/flag reconciliation
ACT-S-0094,SOURCE_CONTROL_CANDIDATE,BLOCKED,shared component; caller routes need runtime reconciliation,src/components/admin/AgentProfileForm.tsx:371,Button,,UNMAPPED,NOT_INFERRED_FROM_RENDER,Requires action-specific assertion and route/actor/flag reconciliation
ACT-S-0095,SOURCE_CONTROL_CANDIDATE,BLOCKED,shared component; caller routes need runtime reconciliation,src/components/admin/AgentProfileForm.tsx:440,Switch,,UNMAPPED,NOT_INFERRED_FROM_RENDER,Requires action-specific assertion and route/actor/flag reconciliation
ACT-S-0096,SOURCE_CONTROL_CANDIDATE,BLOCKED,shared component; caller routes need runtime reconciliation,src/components/admin/CmsEditorFields.tsx:20,select,,UNMAPPED,NOT_INFERRED_FROM_RENDER,Requires action-specific assertion and route/actor/flag reconciliation
ACT-S-0097,SOURCE_CONTROL_CANDIDATE,BLOCKED,shared component; caller routes need runtime reconciliation,src/components/admin/CmsEditorFields.tsx:65,CmsDistrictSelect,,UNMAPPED,NOT_INFERRED_FROM_RENDER,Requires action-specific assertion and route/actor/flag reconciliation
ACT-S-0098,SOURCE_CONTROL_CANDIDATE,BLOCKED,shared component; caller routes need runtime reconciliation,src/components/admin/CmsEditorFields.tsx:69,Button,,UNMAPPED,NOT_INFERRED_FROM_RENDER,Requires action-specific assertion and route/actor/flag reconciliation
ACT-S-0099,SOURCE_CONTROL_CANDIDATE,BLOCKED,shared component; caller routes need runtime reconciliation,src/components/admin/CmsEditorFields.tsx:123,Input,,UNMAPPED,NOT_INFERRED_FROM_RENDER,Requires action-specific assertion and route/actor/flag reconciliation
ACT-S-0100,SOURCE_CONTROL_CANDIDATE,BLOCKED,shared component; caller routes need runtime reconciliation,src/components/admin/CmsEditorFields.tsx:154,Input,,UNMAPPED,NOT_INFERRED_FROM_RENDER,Requires action-specific assertion and route/actor/flag reconciliation
ACT-S-0101,SOURCE_CONTROL_CANDIDATE,BLOCKED,shared component; caller routes need runtime reconciliation,src/components/admin/CmsPublicationCompare.tsx:27,Button,,UNMAPPED,NOT_INFERRED_FROM_RENDER,Requires action-specific assertion and route/actor/flag reconciliation
ACT-S-0102,SOURCE_CONTROL_CANDIDATE,BLOCKED,shared component; caller routes need runtime reconciliation,src/components/admin/CmsPublicationCompare.tsx:56,Textarea,,UNMAPPED,NOT_INFERRED_FROM_RENDER,Requires action-specific assertion and route/actor/flag reconciliation
ACT-S-0103,SOURCE_CONTROL_CANDIDATE,BLOCKED,shared component; caller routes need runtime reconciliation,src/components/admin/CmsPublicationCompare.tsx:60,Textarea,,UNMAPPED,NOT_INFERRED_FROM_RENDER,Requires action-specific assertion and route/actor/flag reconciliation
ACT-S-0104,SOURCE_CONTROL_CANDIDATE,BLOCKED,shared component; caller routes need runtime reconciliation,src/components/admin/RouteLeaveBlocker.tsx:43,AdminConfirmDialog,,UNMAPPED,NOT_INFERRED_FROM_RENDER,Requires action-specific assertion and route/actor/flag reconciliation
ACT-S-0105,SOURCE_CONTROL_CANDIDATE,BLOCKED,shared component; caller routes need runtime reconciliation,src/components/admin/StaffEndpointEditor.tsx:103,a,,UNMAPPED,NOT_INFERRED_FROM_RENDER,Requires action-specific assertion and route/actor/flag reconciliation
ACT-S-0106,SOURCE_CONTROL_CANDIDATE,BLOCKED,shared component; caller routes need runtime reconciliation,src/components/admin/StaffEndpointEditor.tsx:123,a,,UNMAPPED,NOT_INFERRED_FROM_RENDER,Requires action-specific assertion and route/actor/flag reconciliation
ACT-S-0107,SOURCE_CONTROL_CANDIDATE,BLOCKED,shared component; caller routes need runtime reconciliation,src/components/admin/StaffEndpointEditor.tsx:140,form,,UNMAPPED,NOT_INFERRED_FROM_RENDER,Requires action-specific assertion and route/actor/flag reconciliation
ACT-S-0108,SOURCE_CONTROL_CANDIDATE,BLOCKED,shared component; caller routes need runtime reconciliation,src/components/admin/StaffEndpointEditor.tsx:159,select,,UNMAPPED,NOT_INFERRED_FROM_RENDER,Requires action-specific assertion and route/actor/flag reconciliation
ACT-S-0109,SOURCE_CONTROL_CANDIDATE,BLOCKED,shared component; caller routes need runtime reconciliation,src/components/admin/StaffEndpointEditor.tsx:177,select,,UNMAPPED,NOT_INFERRED_FROM_RENDER,Requires action-specific assertion and route/actor/flag reconciliation
ACT-S-0110,SOURCE_CONTROL_CANDIDATE,BLOCKED,shared component; caller routes need runtime reconciliation,src/components/admin/StaffEndpointEditor.tsx:195,Input,,UNMAPPED,NOT_INFERRED_FROM_RENDER,Requires action-specific assertion and route/actor/flag reconciliation
ACT-S-0111,SOURCE_CONTROL_CANDIDATE,BLOCKED,shared component; caller routes need runtime reconciliation,src/components/admin/StaffEndpointEditor.tsx:204,Input,,UNMAPPED,NOT_INFERRED_FROM_RENDER,Requires action-specific assertion and route/actor/flag reconciliation
ACT-S-0112,SOURCE_CONTROL_CANDIDATE,BLOCKED,shared component; caller routes need runtime reconciliation,src/components/admin/StaffEndpointEditor.tsx:215,Input,,UNMAPPED,NOT_INFERRED_FROM_RENDER,Requires action-specific assertion and route/actor/flag reconciliation
ACT-S-0113,SOURCE_CONTROL_CANDIDATE,BLOCKED,shared component; caller routes need runtime reconciliation,src/components/admin/StaffEndpointEditor.tsx:223,input,,UNMAPPED,NOT_INFERRED_FROM_RENDER,Requires action-specific assertion and route/actor/flag reconciliation
ACT-S-0114,SOURCE_CONTROL_CANDIDATE,BLOCKED,shared component; caller routes need runtime reconciliation,src/components/admin/StaffEndpointEditor.tsx:231,input,,UNMAPPED,NOT_INFERRED_FROM_RENDER,Requires action-specific assertion and route/actor/flag reconciliation
ACT-S-0115,SOURCE_CONTROL_CANDIDATE,BLOCKED,shared component; caller routes need runtime reconciliation,src/components/admin/StaffEndpointEditor.tsx:238,Button,,UNMAPPED,NOT_INFERRED_FROM_RENDER,Requires action-specific assertion and route/actor/flag reconciliation
ACT-S-0116,SOURCE_CONTROL_CANDIDATE,BLOCKED,shared component; caller routes need runtime reconciliation,src/components/admin/StaffEndpointEditor.tsx:253,Button,,UNMAPPED,NOT_INFERRED_FROM_RENDER,Requires action-specific assertion and route/actor/flag reconciliation
ACT-S-0117,SOURCE_CONTROL_CANDIDATE,BLOCKED,shared component; caller routes need runtime reconciliation,src/components/admin/StaffEndpointEditor.tsx:271,Button,,UNMAPPED,NOT_INFERRED_FROM_RENDER,Requires action-specific assertion and route/actor/flag reconciliation
ACT-S-0118,SOURCE_CONTROL_CANDIDATE,BLOCKED,shared component; caller routes need runtime reconciliation,src/components/admin/StaffNotificationCard.tsx:89,Button,,UNMAPPED,NOT_INFERRED_FROM_RENDER,Requires action-specific assertion and route/actor/flag reconciliation
ACT-S-0119,SOURCE_CONTROL_CANDIDATE,BLOCKED,shared component; caller routes need runtime reconciliation,src/components/admin/StaffNotificationCard.tsx:93,Button,,UNMAPPED,NOT_INFERRED_FROM_RENDER,Requires action-specific assertion and route/actor/flag reconciliation
ACT-S-0120,SOURCE_CONTROL_CANDIDATE,BLOCKED,shared component; caller routes need runtime reconciliation,src/components/admin/StaffNotificationCard.tsx:100,Textarea,,UNMAPPED,NOT_INFERRED_FROM_RENDER,Requires action-specific assertion and route/actor/flag reconciliation
ACT-S-0121,SOURCE_CONTROL_CANDIDATE,BLOCKED,shared component; caller routes need runtime reconciliation,src/components/admin/StaffNotificationCard.tsx:108,Button,,UNMAPPED,NOT_INFERRED_FROM_RENDER,Requires action-specific assertion and route/actor/flag reconciliation
ACT-S-0122,SOURCE_CONTROL_CANDIDATE,BLOCKED,shared component; caller routes need runtime reconciliation,src/components/admin/StaffNotificationPanel.tsx:87,select,,UNMAPPED,NOT_INFERRED_FROM_RENDER,Requires action-specific assertion and route/actor/flag reconciliation
ACT-S-0123,SOURCE_CONTROL_CANDIDATE,BLOCKED,shared component; caller routes need runtime reconciliation,src/components/admin/StaffNotificationPanel.tsx:100,Button,,UNMAPPED,NOT_INFERRED_FROM_RENDER,Requires action-specific assertion and route/actor/flag reconciliation
ACT-S-0124,SOURCE_CONTROL_CANDIDATE,BLOCKED,shared component; caller routes need runtime reconciliation,src/components/admin/StaffNotificationPanel.tsx:114,StaffNotificationCard,,UNMAPPED,NOT_INFERRED_FROM_RENDER,Requires action-specific assertion and route/actor/flag reconciliation
ACT-S-0125,SOURCE_CONTROL_CANDIDATE,BLOCKED,shared component; caller routes need runtime reconciliation,src/components/admin/StaffNotificationPanel.tsx:125,Button,,UNMAPPED,NOT_INFERRED_FROM_RENDER,Requires action-specific assertion and route/actor/flag reconciliation
ACT-S-0126,SOURCE_CONTROL_CANDIDATE,BLOCKED,shared component; caller routes need runtime reconciliation,src/components/admin/StaffNotificationPanel.tsx:136,Button,,UNMAPPED,NOT_INFERRED_FROM_RENDER,Requires action-specific assertion and route/actor/flag reconciliation
ACT-S-0127,SOURCE_CONTROL_CANDIDATE,BLOCKED,shared component; caller routes need runtime reconciliation,src/components/admin/StaffReferenceEditor.tsx:54,form,,UNMAPPED,NOT_INFERRED_FROM_RENDER,Requires action-specific assertion and route/actor/flag reconciliation
ACT-S-0128,SOURCE_CONTROL_CANDIDATE,BLOCKED,shared component; caller routes need runtime reconciliation,src/components/admin/StaffReferenceEditor.tsx:72,select,,UNMAPPED,NOT_INFERRED_FROM_RENDER,Requires action-specific assertion and route/actor/flag reconciliation
ACT-S-0129,SOURCE_CONTROL_CANDIDATE,BLOCKED,shared component; caller routes need runtime reconciliation,src/components/admin/StaffReferenceEditor.tsx:88,Input,,UNMAPPED,NOT_INFERRED_FROM_RENDER,Requires action-specific assertion and route/actor/flag reconciliation
ACT-S-0130,SOURCE_CONTROL_CANDIDATE,BLOCKED,shared component; caller routes need runtime reconciliation,src/components/admin/StaffReferenceEditor.tsx:99,Input,,UNMAPPED,NOT_INFERRED_FROM_RENDER,Requires action-specific assertion and route/actor/flag reconciliation
ACT-S-0131,SOURCE_CONTROL_CANDIDATE,BLOCKED,shared component; caller routes need runtime reconciliation,src/components/admin/StaffReferenceEditor.tsx:108,Input,,UNMAPPED,NOT_INFERRED_FROM_RENDER,Requires action-specific assertion and route/actor/flag reconciliation
ACT-S-0132,SOURCE_CONTROL_CANDIDATE,BLOCKED,shared component; caller routes need runtime reconciliation,src/components/admin/StaffReferenceEditor.tsx:117,select,,UNMAPPED,NOT_INFERRED_FROM_RENDER,Requires action-specific assertion and route/actor/flag reconciliation
ACT-S-0133,SOURCE_CONTROL_CANDIDATE,BLOCKED,shared component; caller routes need runtime reconciliation,src/components/admin/StaffReferenceEditor.tsx:132,Button,,UNMAPPED,NOT_INFERRED_FROM_RENDER,Requires action-specific assertion and route/actor/flag reconciliation
ACT-S-0134,SOURCE_CONTROL_CANDIDATE,BLOCKED,shared component; caller routes need runtime reconciliation,src/components/admin/StaffReferenceEditor.tsx:144,Button,,UNMAPPED,NOT_INFERRED_FROM_RENDER,Requires action-specific assertion and route/actor/flag reconciliation
ACT-S-0135,SOURCE_CONTROL_CANDIDATE,BLOCKED,shared component; caller routes need runtime reconciliation,src/components/admin/TransactionAttributionEditor.tsx:156,select,,UNMAPPED,NOT_INFERRED_FROM_RENDER,Requires action-specific assertion and route/actor/flag reconciliation
ACT-S-0136,SOURCE_CONTROL_CANDIDATE,BLOCKED,shared component; caller routes need runtime reconciliation,src/components/admin/TransactionAttributionEditor.tsx:190,Input,,UNMAPPED,NOT_INFERRED_FROM_RENDER,Requires action-specific assertion and route/actor/flag reconciliation
ACT-S-0137,SOURCE_CONTROL_CANDIDATE,BLOCKED,shared component; caller routes need runtime reconciliation,src/components/admin/TransactionAttributionEditor.tsx:198,Button,,UNMAPPED,NOT_INFERRED_FROM_RENDER,Requires action-specific assertion and route/actor/flag reconciliation
ACT-S-0138,SOURCE_CONTROL_CANDIDATE,BLOCKED,shared component; caller routes need runtime reconciliation,src/components/admin/TransactionAttributionEditor.tsx:211,Button,,UNMAPPED,NOT_INFERRED_FROM_RENDER,Requires action-specific assertion and route/actor/flag reconciliation
ACT-S-0139,SOURCE_CONTROL_CANDIDATE,BLOCKED,shared component; caller routes need runtime reconciliation,src/components/admin/TransactionAttributionEditor.tsx:231,Button,,UNMAPPED,NOT_INFERRED_FROM_RENDER,Requires action-specific assertion and route/actor/flag reconciliation
ACT-S-0140,SOURCE_CONTROL_CANDIDATE,BLOCKED,shared component; caller routes need runtime reconciliation,src/components/admin/TransactionAttributionEditor.tsx:249,Input,,UNMAPPED,NOT_INFERRED_FROM_RENDER,Requires action-specific assertion and route/actor/flag reconciliation
ACT-S-0141,SOURCE_CONTROL_CANDIDATE,BLOCKED,shared component; caller routes need runtime reconciliation,src/components/admin/TransactionAttributionEditor.tsx:265,Button,,UNMAPPED,NOT_INFERRED_FROM_RENDER,Requires action-specific assertion and route/actor/flag reconciliation
ACT-S-0142,SOURCE_CONTROL_CANDIDATE,BLOCKED,shared component; caller routes need runtime reconciliation,src/components/admin/TransactionAttributionEditor.tsx:289,Input,,UNMAPPED,NOT_INFERRED_FROM_RENDER,Requires action-specific assertion and route/actor/flag reconciliation
ACT-S-0143,SOURCE_CONTROL_CANDIDATE,BLOCKED,shared component; caller routes need runtime reconciliation,src/components/admin/TransactionAttributionEditor.tsx:300,Input,,UNMAPPED,NOT_INFERRED_FROM_RENDER,Requires action-specific assertion and route/actor/flag reconciliation
ACT-S-0144,SOURCE_CONTROL_CANDIDATE,BLOCKED,shared component; caller routes need runtime reconciliation,src/components/admin/TransactionAttributionEditor.tsx:312,Input,,UNMAPPED,NOT_INFERRED_FROM_RENDER,Requires action-specific assertion and route/actor/flag reconciliation
ACT-S-0145,SOURCE_CONTROL_CANDIDATE,BLOCKED,shared component; caller routes need runtime reconciliation,src/components/admin/TransactionAttributionEditor.tsx:324,Input,,UNMAPPED,NOT_INFERRED_FROM_RENDER,Requires action-specific assertion and route/actor/flag reconciliation
ACT-S-0146,SOURCE_CONTROL_CANDIDATE,BLOCKED,shared component; caller routes need runtime reconciliation,src/components/admin/TransactionAttributionEditor.tsx:333,Button,,UNMAPPED,NOT_INFERRED_FROM_RENDER,Requires action-specific assertion and route/actor/flag reconciliation
ACT-S-0147,SOURCE_CONTROL_CANDIDATE,BLOCKED,shared component; caller routes need runtime reconciliation,src/components/admin/TransactionAttributionEditor.tsx:341,Button,,UNMAPPED,NOT_INFERRED_FROM_RENDER,Requires action-specific assertion and route/actor/flag reconciliation
ACT-S-0148,SOURCE_CONTROL_CANDIDATE,BLOCKED,shared component; caller routes need runtime reconciliation,src/components/admin/WhatsappAiSuggestions.tsx:44,Button,,ACTION_ASSERTION_LOCAL_PARTIAL,LOCAL_PARTIAL,a13e918 explicit open/apply/overwrite/no-send assertions at4 widths with synthetic agent-a;true Auth/roles/flags still pending. See mobile-ai-action-execution.csv. Same logical action is not counted twice.
ACT-S-0149,SOURCE_CONTROL_CANDIDATE,BLOCKED,shared component; caller routes need runtime reconciliation,src/components/admin/WhatsappConsentDialog.tsx:45,Dialog,,UNMAPPED,NOT_INFERRED_FROM_RENDER,Requires action-specific assertion and route/actor/flag reconciliation
ACT-S-0150,SOURCE_CONTROL_CANDIDATE,BLOCKED,shared component; caller routes need runtime reconciliation,src/components/admin/WhatsappConsentDialog.tsx:51,DialogTrigger,,UNMAPPED,NOT_INFERRED_FROM_RENDER,Requires action-specific assertion and route/actor/flag reconciliation
ACT-S-0151,SOURCE_CONTROL_CANDIDATE,BLOCKED,shared component; caller routes need runtime reconciliation,src/components/admin/WhatsappConsentDialog.tsx:52,Button,,UNMAPPED,NOT_INFERRED_FROM_RENDER,Requires action-specific assertion and route/actor/flag reconciliation
ACT-S-0152,SOURCE_CONTROL_CANDIDATE,BLOCKED,shared component; caller routes need runtime reconciliation,src/components/admin/WhatsappConsentDialog.tsx:65,select,,UNMAPPED,NOT_INFERRED_FROM_RENDER,Requires action-specific assertion and route/actor/flag reconciliation
ACT-S-0153,SOURCE_CONTROL_CANDIDATE,BLOCKED,shared component; caller routes need runtime reconciliation,src/components/admin/WhatsappConsentDialog.tsx:76,select,,UNMAPPED,NOT_INFERRED_FROM_RENDER,Requires action-specific assertion and route/actor/flag reconciliation
ACT-S-0154,SOURCE_CONTROL_CANDIDATE,BLOCKED,shared component; caller routes need runtime reconciliation,src/components/admin/WhatsappConsentDialog.tsx:88,Input,,UNMAPPED,NOT_INFERRED_FROM_RENDER,Requires action-specific assertion and route/actor/flag reconciliation
ACT-S-0155,SOURCE_CONTROL_CANDIDATE,BLOCKED,shared component; caller routes need runtime reconciliation,src/components/admin/WhatsappConsentDialog.tsx:96,Button,,UNMAPPED,NOT_INFERRED_FROM_RENDER,Requires action-specific assertion and route/actor/flag reconciliation
ACT-S-0156,SOURCE_CONTROL_CANDIDATE,BLOCKED,shared component; caller routes need runtime reconciliation,src/components/admin/WhatsappEnquiryContext.tsx:60,Dialog,,UNMAPPED,NOT_INFERRED_FROM_RENDER,Requires action-specific assertion and route/actor/flag reconciliation
ACT-S-0157,SOURCE_CONTROL_CANDIDATE,BLOCKED,shared component; caller routes need runtime reconciliation,src/components/admin/WhatsappEnquiryContext.tsx:73,EnquiryResolutionPanel,,UNMAPPED,NOT_INFERRED_FROM_RENDER,Requires action-specific assertion and route/actor/flag reconciliation
ACT-S-0158,SOURCE_CONTROL_CANDIDATE,BLOCKED,shared component; caller routes need runtime reconciliation,src/components/admin/WhatsappEnquiryContext.tsx:103,button,,UNMAPPED,NOT_INFERRED_FROM_RENDER,Requires action-specific assertion and route/actor/flag reconciliation
ACT-S-0159,SOURCE_CONTROL_CANDIDATE,BLOCKED,shared component; caller routes need runtime reconciliation,src/components/admin/WhatsappEnquiryContext.tsx:146,select,,UNMAPPED,NOT_INFERRED_FROM_RENDER,Requires action-specific assertion and route/actor/flag reconciliation
ACT-S-0160,SOURCE_CONTROL_CANDIDATE,BLOCKED,shared component; caller routes need runtime reconciliation,src/components/admin/WhatsappEnquiryContext.tsx:175,button,,UNMAPPED,NOT_INFERRED_FROM_RENDER,Requires action-specific assertion and route/actor/flag reconciliation
ACT-S-0161,SOURCE_CONTROL_CANDIDATE,BLOCKED,shared component; caller routes need runtime reconciliation,src/components/admin/WhatsappEnquiryContext.tsx:234,a,,UNMAPPED,NOT_INFERRED_FROM_RENDER,Requires action-specific assertion and route/actor/flag reconciliation
ACT-S-0162,SOURCE_CONTROL_CANDIDATE,BLOCKED,shared component; caller routes need runtime reconciliation,src/components/admin/WhatsappServicePolicyEditor.tsx:121,Button,,UNMAPPED,NOT_INFERRED_FROM_RENDER,Requires action-specific assertion and route/actor/flag reconciliation
ACT-S-0163,SOURCE_CONTROL_CANDIDATE,BLOCKED,shared component; caller routes need runtime reconciliation,src/components/admin/WhatsappServicePolicyEditor.tsx:132,select,,UNMAPPED,NOT_INFERRED_FROM_RENDER,Requires action-specific assertion and route/actor/flag reconciliation
ACT-S-0164,SOURCE_CONTROL_CANDIDATE,BLOCKED,shared component; caller routes need runtime reconciliation,src/components/admin/WhatsappServicePolicyEditor.tsx:151,Input,,UNMAPPED,NOT_INFERRED_FROM_RENDER,Requires action-specific assertion and route/actor/flag reconciliation
ACT-S-0165,SOURCE_CONTROL_CANDIDATE,BLOCKED,shared component; caller routes need runtime reconciliation,src/components/admin/WhatsappServicePolicyEditor.tsx:159,select,,UNMAPPED,NOT_INFERRED_FROM_RENDER,Requires action-specific assertion and route/actor/flag reconciliation
ACT-S-0166,SOURCE_CONTROL_CANDIDATE,BLOCKED,shared component; caller routes need runtime reconciliation,src/components/admin/WhatsappServicePolicyEditor.tsx:177,input,,UNMAPPED,NOT_INFERRED_FROM_RENDER,Requires action-specific assertion and route/actor/flag reconciliation
ACT-S-0167,SOURCE_CONTROL_CANDIDATE,BLOCKED,shared component; caller routes need runtime reconciliation,src/components/admin/WhatsappServicePolicyEditor.tsx:195,Input,,UNMAPPED,NOT_INFERRED_FROM_RENDER,Requires action-specific assertion and route/actor/flag reconciliation
ACT-S-0168,SOURCE_CONTROL_CANDIDATE,BLOCKED,shared component; caller routes need runtime reconciliation,src/components/admin/WhatsappServicePolicyEditor.tsx:207,input,,UNMAPPED,NOT_INFERRED_FROM_RENDER,Requires action-specific assertion and route/actor/flag reconciliation
ACT-S-0169,SOURCE_CONTROL_CANDIDATE,BLOCKED,shared component; caller routes need runtime reconciliation,src/components/admin/WhatsappServicePolicyEditor.tsx:223,Input,,UNMAPPED,NOT_INFERRED_FROM_RENDER,Requires action-specific assertion and route/actor/flag reconciliation
ACT-S-0170,SOURCE_CONTROL_CANDIDATE,BLOCKED,shared component; caller routes need runtime reconciliation,src/components/admin/WhatsappServicePolicyEditor.tsx:233,select,,UNMAPPED,NOT_INFERRED_FROM_RENDER,Requires action-specific assertion and route/actor/flag reconciliation
ACT-S-0171,SOURCE_CONTROL_CANDIDATE,BLOCKED,shared component; caller routes need runtime reconciliation,src/components/admin/WhatsappServicePolicyEditor.tsx:254,select,,UNMAPPED,NOT_INFERRED_FROM_RENDER,Requires action-specific assertion and route/actor/flag reconciliation
ACT-S-0172,SOURCE_CONTROL_CANDIDATE,BLOCKED,shared component; caller routes need runtime reconciliation,src/components/admin/WhatsappServicePolicyEditor.tsx:271,Input,,UNMAPPED,NOT_INFERRED_FROM_RENDER,Requires action-specific assertion and route/actor/flag reconciliation
ACT-S-0173,SOURCE_CONTROL_CANDIDATE,BLOCKED,shared component; caller routes need runtime reconciliation,src/components/admin/WhatsappServicePolicyEditor.tsx:285,Textarea,,UNMAPPED,NOT_INFERRED_FROM_RENDER,Requires action-specific assertion and route/actor/flag reconciliation
ACT-S-0174,SOURCE_CONTROL_CANDIDATE,BLOCKED,shared component; caller routes need runtime reconciliation,src/components/admin/WhatsappServicePolicyEditor.tsx:306,Button,,UNMAPPED,NOT_INFERRED_FROM_RENDER,Requires action-specific assertion and route/actor/flag reconciliation
ACT-S-0175,SOURCE_CONTROL_CANDIDATE,BLOCKED,shared component; caller routes need runtime reconciliation,src/components/admin/WhatsappServicePolicyEditor.tsx:324,Input,,UNMAPPED,NOT_INFERRED_FROM_RENDER,Requires action-specific assertion and route/actor/flag reconciliation
ACT-S-0176,SOURCE_CONTROL_CANDIDATE,BLOCKED,shared component; caller routes need runtime reconciliation,src/components/admin/WhatsappServicePolicyEditor.tsx:329,select,,UNMAPPED,NOT_INFERRED_FROM_RENDER,Requires action-specific assertion and route/actor/flag reconciliation
ACT-S-0177,SOURCE_CONTROL_CANDIDATE,BLOCKED,shared component; caller routes need runtime reconciliation,src/components/admin/WhatsappServicePolicyEditor.tsx:345,Input,,UNMAPPED,NOT_INFERRED_FROM_RENDER,Requires action-specific assertion and route/actor/flag reconciliation
ACT-S-0178,SOURCE_CONTROL_CANDIDATE,BLOCKED,shared component; caller routes need runtime reconciliation,src/components/admin/WhatsappServicePolicyEditor.tsx:351,Input,,UNMAPPED,NOT_INFERRED_FROM_RENDER,Requires action-specific assertion and route/actor/flag reconciliation
ACT-S-0179,SOURCE_CONTROL_CANDIDATE,BLOCKED,shared component; caller routes need runtime reconciliation,src/components/admin/WhatsappServicePolicyEditor.tsx:357,Button,,UNMAPPED,NOT_INFERRED_FROM_RENDER,Requires action-specific assertion and route/actor/flag reconciliation
ACT-S-0180,SOURCE_CONTROL_CANDIDATE,BLOCKED,shared component; caller routes need runtime reconciliation,src/components/admin/analytics/PerformanceDashboard.tsx:62,Button,,ACTION_ASSERTION_LOCAL_PARTIAL,LOCAL_PARTIAL,"fa379ea actual performance48 four widths and ownedSQL4;ACT56 drilldown only,not quality-correction Button;15 overlapping controls,not extra business actions;see performance-readback-action-execution.csv. Full real Auth/roles/flags pending."
ACT-S-0181,SOURCE_CONTROL_CANDIDATE,BLOCKED,shared component; caller routes need runtime reconciliation,src/components/admin/analytics/PerformanceDashboard.tsx:101,MetricCard,,UNMAPPED,NOT_INFERRED_FROM_RENDER,Requires action-specific assertion and route/actor/flag reconciliation
ACT-S-0182,SOURCE_CONTROL_CANDIDATE,BLOCKED,shared component; caller routes need runtime reconciliation,src/components/admin/analytics/PerformanceDashboard.tsx:118,form,,UNMAPPED,NOT_INFERRED_FROM_RENDER,Requires action-specific assertion and route/actor/flag reconciliation
ACT-S-0183,SOURCE_CONTROL_CANDIDATE,BLOCKED,shared component; caller routes need runtime reconciliation,src/components/admin/analytics/PerformanceDashboard.tsx:125,Input,,ACTION_ASSERTION_LOCAL_PARTIAL,LOCAL_PARTIAL,"fa379ea actual performance48 four widths and ownedSQL4;ACT56 drilldown only,not quality-correction Button;15 overlapping controls,not extra business actions;see performance-readback-action-execution.csv. Full real Auth/roles/flags pending."
ACT-S-0184,SOURCE_CONTROL_CANDIDATE,BLOCKED,shared component; caller routes need runtime reconciliation,src/components/admin/analytics/PerformanceDashboard.tsx:135,Input,,ACTION_ASSERTION_LOCAL_PARTIAL,LOCAL_PARTIAL,"fa379ea actual performance48 four widths and ownedSQL4;ACT56 drilldown only,not quality-correction Button;15 overlapping controls,not extra business actions;see performance-readback-action-execution.csv. Full real Auth/roles/flags pending."
ACT-S-0185,SOURCE_CONTROL_CANDIDATE,BLOCKED,shared component; caller routes need runtime reconciliation,src/components/admin/analytics/PerformanceDashboard.tsx:145,select,,ACTION_ASSERTION_LOCAL_PARTIAL,LOCAL_PARTIAL,"fa379ea actual performance48 four widths and ownedSQL4;ACT56 drilldown only,not quality-correction Button;15 overlapping controls,not extra business actions;see performance-readback-action-execution.csv. Full real Auth/roles/flags pending."
ACT-S-0186,SOURCE_CONTROL_CANDIDATE,BLOCKED,shared component; caller routes need runtime reconciliation,src/components/admin/analytics/PerformanceDashboard.tsx:163,select,,ACTION_ASSERTION_LOCAL_PARTIAL,LOCAL_PARTIAL,"fa379ea actual performance48 four widths and ownedSQL4;ACT56 drilldown only,not quality-correction Button;15 overlapping controls,not extra business actions;see performance-readback-action-execution.csv. Full real Auth/roles/flags pending."
ACT-S-0187,SOURCE_CONTROL_CANDIDATE,BLOCKED,shared component; caller routes need runtime reconciliation,src/components/admin/analytics/PerformanceDashboard.tsx:179,select,,ACTION_ASSERTION_LOCAL_PARTIAL,LOCAL_PARTIAL,"fa379ea actual performance48 four widths and ownedSQL4;ACT56 drilldown only,not quality-correction Button;15 overlapping controls,not extra business actions;see performance-readback-action-execution.csv. Full real Auth/roles/flags pending."
ACT-S-0188,SOURCE_CONTROL_CANDIDATE,BLOCKED,shared component; caller routes need runtime reconciliation,src/components/admin/analytics/PerformanceDashboard.tsx:200,select,,ACTION_ASSERTION_LOCAL_PARTIAL,LOCAL_PARTIAL,"fa379ea actual performance48 four widths and ownedSQL4;ACT56 drilldown only,not quality-correction Button;15 overlapping controls,not extra business actions;see performance-readback-action-execution.csv. Full real Auth/roles/flags pending."
ACT-S-0189,SOURCE_CONTROL_CANDIDATE,BLOCKED,shared component; caller routes need runtime reconciliation,src/components/admin/analytics/PerformanceDashboard.tsx:218,select,,ACTION_ASSERTION_LOCAL_PARTIAL,LOCAL_PARTIAL,"fa379ea actual performance48 four widths and ownedSQL4;ACT56 drilldown only,not quality-correction Button;15 overlapping controls,not extra business actions;see performance-readback-action-execution.csv. Full real Auth/roles/flags pending."
ACT-S-0190,SOURCE_CONTROL_CANDIDATE,BLOCKED,shared component; caller routes need runtime reconciliation,src/components/admin/analytics/PerformanceDashboard.tsx:231,Button,,ACTION_ASSERTION_LOCAL_PARTIAL,LOCAL_PARTIAL,"fa379ea actual performance48 four widths and ownedSQL4;ACT56 drilldown only,not quality-correction Button;15 overlapping controls,not extra business actions;see performance-readback-action-execution.csv. Full real Auth/roles/flags pending."
ACT-S-0191,SOURCE_CONTROL_CANDIDATE,BLOCKED,shared component; caller routes need runtime reconciliation,src/components/admin/analytics/PerformanceDashboard.tsx:259,TabsTrigger,,ACTION_ASSERTION_LOCAL_PARTIAL,LOCAL_PARTIAL,"fa379ea actual performance48 four widths and ownedSQL4;ACT56 drilldown only,not quality-correction Button;15 overlapping controls,not extra business actions;see performance-readback-action-execution.csv. Full real Auth/roles/flags pending."
ACT-S-0192,SOURCE_CONTROL_CANDIDATE,BLOCKED,shared component; caller routes need runtime reconciliation,src/components/admin/analytics/PerformanceDashboard.tsx:260,TabsTrigger,,ACTION_ASSERTION_LOCAL_PARTIAL,LOCAL_PARTIAL,"fa379ea actual performance48 four widths and ownedSQL4;ACT56 drilldown only,not quality-correction Button;15 overlapping controls,not extra business actions;see performance-readback-action-execution.csv. Full real Auth/roles/flags pending."
ACT-S-0193,SOURCE_CONTROL_CANDIDATE,BLOCKED,shared component; caller routes need runtime reconciliation,src/components/admin/analytics/PerformanceDashboard.tsx:261,TabsTrigger,,ACTION_ASSERTION_LOCAL_PARTIAL,LOCAL_PARTIAL,"fa379ea actual performance48 four widths and ownedSQL4;ACT56 drilldown only,not quality-correction Button;15 overlapping controls,not extra business actions;see performance-readback-action-execution.csv. Full real Auth/roles/flags pending."
ACT-S-0194,SOURCE_CONTROL_CANDIDATE,BLOCKED,shared component; caller routes need runtime reconciliation,src/components/admin/analytics/PerformanceDashboard.tsx:262,TabsTrigger,,ACTION_ASSERTION_LOCAL_PARTIAL,LOCAL_PARTIAL,"fa379ea actual performance48 four widths and ownedSQL4;ACT56 drilldown only,not quality-correction Button;15 overlapping controls,not extra business actions;see performance-readback-action-execution.csv. Full real Auth/roles/flags pending."
ACT-S-0195,SOURCE_CONTROL_CANDIDATE,BLOCKED,shared component; caller routes need runtime reconciliation,src/components/admin/analytics/PerformanceDashboard.tsx:263,TabsTrigger,,UNMAPPED,NOT_INFERRED_FROM_RENDER,Requires action-specific assertion and route/actor/flag reconciliation
ACT-S-0196,SOURCE_CONTROL_CANDIDATE,BLOCKED,shared component; caller routes need runtime reconciliation,src/components/admin/analytics/PerformanceDashboard.tsx:395,Button,,UNMAPPED,NOT_INFERRED_FROM_RENDER,Requires action-specific assertion and route/actor/flag reconciliation
ACT-S-0197,SOURCE_CONTROL_CANDIDATE,BLOCKED,shared component; caller routes need runtime reconciliation,src/components/admin/analytics/PerformanceDashboard.tsx:402,Button,,UNMAPPED,NOT_INFERRED_FROM_RENDER,Requires action-specific assertion and route/actor/flag reconciliation
ACT-S-0198,SOURCE_CONTROL_CANDIDATE,BLOCKED,shared component; caller routes need runtime reconciliation,src/components/admin/analytics/PerformanceDashboard.tsx:409,Button,,UNMAPPED,NOT_INFERRED_FROM_RENDER,Requires action-specific assertion and route/actor/flag reconciliation
ACT-S-0199,SOURCE_CONTROL_CANDIDATE,BLOCKED,shared component; caller routes need runtime reconciliation,src/components/admin/analytics/PerformanceDashboard.tsx:416,Button,,UNMAPPED,NOT_INFERRED_FROM_RENDER,Requires action-specific assertion and route/actor/flag reconciliation
ACT-S-0200,SOURCE_CONTROL_CANDIDATE,BLOCKED,shared component; caller routes need runtime reconciliation,src/components/admin/analytics/PerformanceDashboard.tsx:423,Button,,UNMAPPED,NOT_INFERRED_FROM_RENDER,Requires action-specific assertion and route/actor/flag reconciliation
ACT-S-0201,SOURCE_CONTROL_CANDIDATE,BLOCKED,shared component; caller routes need runtime reconciliation,src/components/admin/analytics/PerformanceDashboard.tsx:430,Button,,UNMAPPED,NOT_INFERRED_FROM_RENDER,Requires action-specific assertion and route/actor/flag reconciliation
ACT-S-0202,SOURCE_CONTROL_CANDIDATE,BLOCKED,shared component; caller routes need runtime reconciliation,src/components/admin/analytics/PerformanceDashboard.tsx:437,Button,,UNMAPPED,NOT_INFERRED_FROM_RENDER,Requires action-specific assertion and route/actor/flag reconciliation
ACT-S-0203,SOURCE_CONTROL_CANDIDATE,BLOCKED,shared component; caller routes need runtime reconciliation,src/components/admin/analytics/PerformanceDashboard.tsx:444,Button,,UNMAPPED,NOT_INFERRED_FROM_RENDER,Requires action-specific assertion and route/actor/flag reconciliation
ACT-S-0204,SOURCE_CONTROL_CANDIDATE,BLOCKED,shared component; caller routes need runtime reconciliation,src/components/admin/analytics/PerformanceDashboard.tsx:451,Button,,UNMAPPED,NOT_INFERRED_FROM_RENDER,Requires action-specific assertion and route/actor/flag reconciliation
ACT-S-0205,SOURCE_CONTROL_CANDIDATE,BLOCKED,shared component; caller routes need runtime reconciliation,src/components/admin/analytics/PerformanceTable.tsx:122,Button,,ACTION_ASSERTION_LOCAL_PARTIAL,LOCAL_PARTIAL,"fa379ea actual performance48 four widths and ownedSQL4;ACT56 drilldown only,not quality-correction Button;15 overlapping controls,not extra business actions;see performance-readback-action-execution.csv. Full real Auth/roles/flags pending."
ACT-S-0206,SOURCE_CONTROL_CANDIDATE,BLOCKED,shared component; caller routes need runtime reconciliation,src/components/admin/analytics/PerformanceTable.tsx:126,Button,,UNMAPPED,NOT_INFERRED_FROM_RENDER,Requires action-specific assertion and route/actor/flag reconciliation
ACT-S-0207,SOURCE_CONTROL_CANDIDATE,BLOCKED,shared component; caller routes need runtime reconciliation,src/components/admin/analytics/PerformanceTable.tsx:200,summary,,UNMAPPED,NOT_INFERRED_FROM_RENDER,Requires action-specific assertion and route/actor/flag reconciliation
ACT-S-0208,SOURCE_CONTROL_CANDIDATE,BLOCKED,shared component; caller routes need runtime reconciliation,src/components/admin/analytics/PerformanceTable.tsx:211,form,,UNMAPPED,NOT_INFERRED_FROM_RENDER,Requires action-specific assertion and route/actor/flag reconciliation
ACT-S-0209,SOURCE_CONTROL_CANDIDATE,BLOCKED,shared component; caller routes need runtime reconciliation,src/components/admin/analytics/PerformanceTable.tsx:216,select,,UNMAPPED,NOT_INFERRED_FROM_RENDER,Requires action-specific assertion and route/actor/flag reconciliation
ACT-S-0210,SOURCE_CONTROL_CANDIDATE,BLOCKED,shared component; caller routes need runtime reconciliation,src/components/admin/analytics/PerformanceTable.tsx:228,Input,,UNMAPPED,NOT_INFERRED_FROM_RENDER,Requires action-specific assertion and route/actor/flag reconciliation
ACT-S-0211,SOURCE_CONTROL_CANDIDATE,BLOCKED,shared component; caller routes need runtime reconciliation,src/components/admin/analytics/PerformanceTable.tsx:236,Button,,UNMAPPED,NOT_INFERRED_FROM_RENDER,Requires action-specific assertion and route/actor/flag reconciliation
ACT-S-0212,SOURCE_CONTROL_CANDIDATE,BLOCKED,shared component; caller routes need runtime reconciliation,src/components/admin/analytics/PerformanceTable.tsx:250,summary,,UNMAPPED,NOT_INFERRED_FROM_RENDER,Requires action-specific assertion and route/actor/flag reconciliation
ACT-S-0213,SOURCE_CONTROL_CANDIDATE,BLOCKED,shared component; caller routes need runtime reconciliation,src/components/admin/analytics/PerformanceTable.tsx:259,form,,UNMAPPED,NOT_INFERRED_FROM_RENDER,Requires action-specific assertion and route/actor/flag reconciliation
ACT-S-0214,SOURCE_CONTROL_CANDIDATE,BLOCKED,shared component; caller routes need runtime reconciliation,src/components/admin/analytics/PerformanceTable.tsx:264,Input,,UNMAPPED,NOT_INFERRED_FROM_RENDER,Requires action-specific assertion and route/actor/flag reconciliation
ACT-S-0215,SOURCE_CONTROL_CANDIDATE,BLOCKED,shared component; caller routes need runtime reconciliation,src/components/admin/analytics/PerformanceTable.tsx:272,Button,,UNMAPPED,NOT_INFERRED_FROM_RENDER,Requires action-specific assertion and route/actor/flag reconciliation
ACT-S-0216,SOURCE_CONTROL_CANDIDATE,BLOCKED,shared component; caller routes need runtime reconciliation,src/components/admin/analytics/PerformanceTable.tsx:291,Button,,UNMAPPED,NOT_INFERRED_FROM_RENDER,Requires action-specific assertion and route/actor/flag reconciliation
ACT-S-0217,SOURCE_CONTROL_CANDIDATE,BLOCKED,shared component; caller routes need runtime reconciliation,src/components/admin/estates/AdminEstateEditorForm.tsx:420,form,,UNMAPPED,NOT_INFERRED_FROM_RENDER,Requires action-specific assertion and route/actor/flag reconciliation
ACT-S-0218,SOURCE_CONTROL_CANDIDATE,BLOCKED,shared component; caller routes need runtime reconciliation,src/components/admin/estates/AdminEstateEditorForm.tsx:430,Input,,UNMAPPED,NOT_INFERRED_FROM_RENDER,Requires action-specific assertion and route/actor/flag reconciliation
ACT-S-0219,SOURCE_CONTROL_CANDIDATE,BLOCKED,shared component; caller routes need runtime reconciliation,src/components/admin/estates/AdminEstateEditorForm.tsx:438,Input,,UNMAPPED,NOT_INFERRED_FROM_RENDER,Requires action-specific assertion and route/actor/flag reconciliation
ACT-S-0220,SOURCE_CONTROL_CANDIDATE,BLOCKED,shared component; caller routes need runtime reconciliation,src/components/admin/estates/AdminEstateEditorForm.tsx:446,Input,,UNMAPPED,NOT_INFERRED_FROM_RENDER,Requires action-specific assertion and route/actor/flag reconciliation
ACT-S-0221,SOURCE_CONTROL_CANDIDATE,BLOCKED,shared component; caller routes need runtime reconciliation,src/components/admin/estates/AdminEstateEditorForm.tsx:453,Input,,UNMAPPED,NOT_INFERRED_FROM_RENDER,Requires action-specific assertion and route/actor/flag reconciliation
ACT-S-0222,SOURCE_CONTROL_CANDIDATE,BLOCKED,shared component; caller routes need runtime reconciliation,src/components/admin/estates/AdminEstateEditorForm.tsx:461,Input,,UNMAPPED,NOT_INFERRED_FROM_RENDER,Requires action-specific assertion and route/actor/flag reconciliation
ACT-S-0223,SOURCE_CONTROL_CANDIDATE,BLOCKED,shared component; caller routes need runtime reconciliation,src/components/admin/estates/AdminEstateEditorForm.tsx:468,Input,,UNMAPPED,NOT_INFERRED_FROM_RENDER,Requires action-specific assertion and route/actor/flag reconciliation
ACT-S-0224,SOURCE_CONTROL_CANDIDATE,BLOCKED,shared component; caller routes need runtime reconciliation,src/components/admin/estates/AdminEstateEditorForm.tsx:475,Input,,UNMAPPED,NOT_INFERRED_FROM_RENDER,Requires action-specific assertion and route/actor/flag reconciliation
ACT-S-0225,SOURCE_CONTROL_CANDIDATE,BLOCKED,shared component; caller routes need runtime reconciliation,src/components/admin/estates/AdminEstateEditorForm.tsx:483,Input,,UNMAPPED,NOT_INFERRED_FROM_RENDER,Requires action-specific assertion and route/actor/flag reconciliation
ACT-S-0226,SOURCE_CONTROL_CANDIDATE,BLOCKED,shared component; caller routes need runtime reconciliation,src/components/admin/estates/AdminEstateEditorForm.tsx:491,Input,,UNMAPPED,NOT_INFERRED_FROM_RENDER,Requires action-specific assertion and route/actor/flag reconciliation
ACT-S-0227,SOURCE_CONTROL_CANDIDATE,BLOCKED,shared component; caller routes need runtime reconciliation,src/components/admin/estates/AdminEstateEditorForm.tsx:499,Input,,UNMAPPED,NOT_INFERRED_FROM_RENDER,Requires action-specific assertion and route/actor/flag reconciliation
ACT-S-0228,SOURCE_CONTROL_CANDIDATE,BLOCKED,shared component; caller routes need runtime reconciliation,src/components/admin/estates/AdminEstateEditorForm.tsx:507,Input,,UNMAPPED,NOT_INFERRED_FROM_RENDER,Requires action-specific assertion and route/actor/flag reconciliation
ACT-S-0229,SOURCE_CONTROL_CANDIDATE,BLOCKED,shared component; caller routes need runtime reconciliation,src/components/admin/estates/AdminEstateEditorForm.tsx:517,Textarea,,UNMAPPED,NOT_INFERRED_FROM_RENDER,Requires action-specific assertion and route/actor/flag reconciliation
ACT-S-0230,SOURCE_CONTROL_CANDIDATE,BLOCKED,shared component; caller routes need runtime reconciliation,src/components/admin/estates/AdminEstateEditorForm.tsx:527,Textarea,,UNMAPPED,NOT_INFERRED_FROM_RENDER,Requires action-specific assertion and route/actor/flag reconciliation
ACT-S-0231,SOURCE_CONTROL_CANDIDATE,BLOCKED,shared component; caller routes need runtime reconciliation,src/components/admin/estates/AdminEstateEditorForm.tsx:541,Textarea,,UNMAPPED,NOT_INFERRED_FROM_RENDER,Requires action-specific assertion and route/actor/flag reconciliation
ACT-S-0232,SOURCE_CONTROL_CANDIDATE,BLOCKED,shared component; caller routes need runtime reconciliation,src/components/admin/estates/AdminEstateEditorForm.tsx:549,Input,,UNMAPPED,NOT_INFERRED_FROM_RENDER,Requires action-specific assertion and route/actor/flag reconciliation
ACT-S-0233,SOURCE_CONTROL_CANDIDATE,BLOCKED,shared component; caller routes need runtime reconciliation,src/components/admin/estates/AdminEstateEditorForm.tsx:556,Input,,UNMAPPED,NOT_INFERRED_FROM_RENDER,Requires action-specific assertion and route/actor/flag reconciliation
ACT-S-0234,SOURCE_CONTROL_CANDIDATE,BLOCKED,shared component; caller routes need runtime reconciliation,src/components/admin/estates/AdminEstateEditorForm.tsx:564,Select,,UNMAPPED,NOT_INFERRED_FROM_RENDER,Requires action-specific assertion and route/actor/flag reconciliation
ACT-S-0235,SOURCE_CONTROL_CANDIDATE,BLOCKED,shared component; caller routes need runtime reconciliation,src/components/admin/estates/AdminEstateEditorForm.tsx:582,Input,,UNMAPPED,NOT_INFERRED_FROM_RENDER,Requires action-specific assertion and route/actor/flag reconciliation
ACT-S-0236,SOURCE_CONTROL_CANDIDATE,BLOCKED,shared component; caller routes need runtime reconciliation,src/components/admin/estates/AdminEstateEditorForm.tsx:591,Input,,UNMAPPED,NOT_INFERRED_FROM_RENDER,Requires action-specific assertion and route/actor/flag reconciliation
ACT-S-0237,SOURCE_CONTROL_CANDIDATE,BLOCKED,shared component; caller routes need runtime reconciliation,src/components/admin/estates/AdminEstateEditorForm.tsx:600,Input,,UNMAPPED,NOT_INFERRED_FROM_RENDER,Requires action-specific assertion and route/actor/flag reconciliation
ACT-S-0238,SOURCE_CONTROL_CANDIDATE,BLOCKED,shared component; caller routes need runtime reconciliation,src/components/admin/estates/AdminEstateEditorForm.tsx:610,Textarea,,UNMAPPED,NOT_INFERRED_FROM_RENDER,Requires action-specific assertion and route/actor/flag reconciliation
ACT-S-0239,SOURCE_CONTROL_CANDIDATE,BLOCKED,shared component; caller routes need runtime reconciliation,src/components/admin/estates/AdminEstateEditorForm.tsx:624,Input,,UNMAPPED,NOT_INFERRED_FROM_RENDER,Requires action-specific assertion and route/actor/flag reconciliation
ACT-S-0240,SOURCE_CONTROL_CANDIDATE,BLOCKED,shared component; caller routes need runtime reconciliation,src/components/admin/estates/AdminEstateEditorForm.tsx:637,Button,,UNMAPPED,NOT_INFERRED_FROM_RENDER,Requires action-specific assertion and route/actor/flag reconciliation
ACT-S-0241,SOURCE_CONTROL_CANDIDATE,BLOCKED,shared component; caller routes need runtime reconciliation,src/components/admin/estates/AdminEstateEditorForm.tsx:654,Input,,UNMAPPED,NOT_INFERRED_FROM_RENDER,Requires action-specific assertion and route/actor/flag reconciliation
ACT-S-0242,SOURCE_CONTROL_CANDIDATE,BLOCKED,shared component; caller routes need runtime reconciliation,src/components/admin/estates/AdminEstateEditorForm.tsx:663,Textarea,,UNMAPPED,NOT_INFERRED_FROM_RENDER,Requires action-specific assertion and route/actor/flag reconciliation
ACT-S-0243,SOURCE_CONTROL_CANDIDATE,BLOCKED,shared component; caller routes need runtime reconciliation,src/components/admin/estates/AdminEstateEditorForm.tsx:677,Button,,UNMAPPED,NOT_INFERRED_FROM_RENDER,Requires action-specific assertion and route/actor/flag reconciliation
ACT-S-0244,SOURCE_CONTROL_CANDIDATE,BLOCKED,shared component; caller routes need runtime reconciliation,src/components/admin/estates/AdminEstateEditorForm.tsx:696,Button,,UNMAPPED,NOT_INFERRED_FROM_RENDER,Requires action-specific assertion and route/actor/flag reconciliation
ACT-S-0245,SOURCE_CONTROL_CANDIDATE,BLOCKED,shared component; caller routes need runtime reconciliation,src/components/admin/estates/AdminEstateEditorForm.tsx:710,Button,,UNMAPPED,NOT_INFERRED_FROM_RENDER,Requires action-specific assertion and route/actor/flag reconciliation
ACT-S-0246,SOURCE_CONTROL_CANDIDATE,BLOCKED,shared component; caller routes need runtime reconciliation,src/components/admin/estates/AdminEstateEditorForm.tsx:731,Button,,UNMAPPED,NOT_INFERRED_FROM_RENDER,Requires action-specific assertion and route/actor/flag reconciliation
ACT-S-0247,SOURCE_CONTROL_CANDIDATE,BLOCKED,shared component; caller routes need runtime reconciliation,src/components/admin/estates/AdminEstateEditorForm.tsx:740,Button,,UNMAPPED,NOT_INFERRED_FROM_RENDER,Requires action-specific assertion and route/actor/flag reconciliation
ACT-S-0248,SOURCE_CONTROL_CANDIDATE,BLOCKED,shared component; caller routes need runtime reconciliation,src/components/admin/estates/AdminEstateEditorForm.tsx:744,Button,,UNMAPPED,NOT_INFERRED_FROM_RENDER,Requires action-specific assertion and route/actor/flag reconciliation
ACT-S-0249,SOURCE_CONTROL_CANDIDATE,BLOCKED,shared component; caller routes need runtime reconciliation,src/components/admin/estates/AdminEstateEditorForm.tsx:780,Button,,UNMAPPED,NOT_INFERRED_FROM_RENDER,Requires action-specific assertion and route/actor/flag reconciliation
ACT-S-0250,SOURCE_CONTROL_CANDIDATE,BLOCKED,shared component; caller routes need runtime reconciliation,src/components/admin/estates/AdminEstateEditorForm.tsx:799,Dialog,,UNMAPPED,NOT_INFERRED_FROM_RENDER,Requires action-specific assertion and route/actor/flag reconciliation
ACT-S-0251,SOURCE_CONTROL_CANDIDATE,BLOCKED,shared component; caller routes need runtime reconciliation,src/components/admin/estates/AdminEstateEditorForm.tsx:810,form,,UNMAPPED,NOT_INFERRED_FROM_RENDER,Requires action-specific assertion and route/actor/flag reconciliation
ACT-S-0252,SOURCE_CONTROL_CANDIDATE,BLOCKED,shared component; caller routes need runtime reconciliation,src/components/admin/estates/AdminEstateEditorForm.tsx:812,Input,,UNMAPPED,NOT_INFERRED_FROM_RENDER,Requires action-specific assertion and route/actor/flag reconciliation
ACT-S-0253,SOURCE_CONTROL_CANDIDATE,BLOCKED,shared component; caller routes need runtime reconciliation,src/components/admin/estates/AdminEstateEditorForm.tsx:819,Textarea,,UNMAPPED,NOT_INFERRED_FROM_RENDER,Requires action-specific assertion and route/actor/flag reconciliation
ACT-S-0254,SOURCE_CONTROL_CANDIDATE,BLOCKED,shared component; caller routes need runtime reconciliation,src/components/admin/estates/AdminEstateEditorForm.tsx:827,Button,,UNMAPPED,NOT_INFERRED_FROM_RENDER,Requires action-specific assertion and route/actor/flag reconciliation
ACT-S-0255,SOURCE_CONTROL_CANDIDATE,BLOCKED,shared component; caller routes need runtime reconciliation,src/components/admin/estates/AdminEstateEditorForm.tsx:830,Button,,UNMAPPED,NOT_INFERRED_FROM_RENDER,Requires action-specific assertion and route/actor/flag reconciliation
ACT-S-0256,SOURCE_CONTROL_CANDIDATE,BLOCKED,shared component; caller routes need runtime reconciliation,src/components/admin/estates/AdminEstateEditorForm.tsx:837,AdminConfirmDialog,,UNMAPPED,NOT_INFERRED_FROM_RENDER,Requires action-specific assertion and route/actor/flag reconciliation
ACT-S-0257,SOURCE_CONTROL_CANDIDATE,BLOCKED,shared component; caller routes need runtime reconciliation,src/components/admin/estates/AdminEstateEditorForm.tsx:850,AdminConfirmDialog,,UNMAPPED,NOT_INFERRED_FROM_RENDER,Requires action-specific assertion and route/actor/flag reconciliation
ACT-S-0258,SOURCE_CONTROL_CANDIDATE,BLOCKED,shared component; caller routes need runtime reconciliation,src/components/admin/estates/AdminEstateEditorForm.tsx:862,AdminConfirmDialog,,UNMAPPED,NOT_INFERRED_FROM_RENDER,Requires action-specific assertion and route/actor/flag reconciliation
ACT-S-0259,SOURCE_CONTROL_CANDIDATE,BLOCKED,shared component; caller routes need runtime reconciliation,src/components/admin/estates/AdminEstateEditorForm.tsx:877,AdminConfirmDialog,,UNMAPPED,NOT_INFERRED_FROM_RENDER,Requires action-specific assertion and route/actor/flag reconciliation
ACT-S-0260,SOURCE_CONTROL_CANDIDATE,BLOCKED,shared component; caller routes need runtime reconciliation,src/components/admin/estates/EstatePreviewCard.tsx:43,a,,UNMAPPED,NOT_INFERRED_FROM_RENDER,Requires action-specific assertion and route/actor/flag reconciliation
ACT-S-0261,SOURCE_CONTROL_CANDIDATE,BLOCKED,shared component; caller routes need runtime reconciliation,src/components/admin/operations/AdminOperationsAudit.tsx:151,form,,UNMAPPED,NOT_INFERRED_FROM_RENDER,Requires action-specific assertion and route/actor/flag reconciliation
ACT-S-0262,SOURCE_CONTROL_CANDIDATE,BLOCKED,shared component; caller routes need runtime reconciliation,src/components/admin/operations/AdminOperationsAudit.tsx:157,Select,,UNMAPPED,NOT_INFERRED_FROM_RENDER,Requires action-specific assertion and route/actor/flag reconciliation
ACT-S-0263,SOURCE_CONTROL_CANDIDATE,BLOCKED,shared component; caller routes need runtime reconciliation,src/components/admin/operations/AdminOperationsAudit.tsx:174,Input,,UNMAPPED,NOT_INFERRED_FROM_RENDER,Requires action-specific assertion and route/actor/flag reconciliation
ACT-S-0264,SOURCE_CONTROL_CANDIDATE,BLOCKED,shared component; caller routes need runtime reconciliation,src/components/admin/operations/AdminOperationsAudit.tsx:182,Input,,UNMAPPED,NOT_INFERRED_FROM_RENDER,Requires action-specific assertion and route/actor/flag reconciliation
ACT-S-0265,SOURCE_CONTROL_CANDIDATE,BLOCKED,shared component; caller routes need runtime reconciliation,src/components/admin/operations/AdminOperationsAudit.tsx:194,Button,,UNMAPPED,NOT_INFERRED_FROM_RENDER,Requires action-specific assertion and route/actor/flag reconciliation
ACT-S-0266,SOURCE_CONTROL_CANDIDATE,BLOCKED,shared component; caller routes need runtime reconciliation,src/components/admin/operations/AdminOperationsAudit.tsx:237,Button,,UNMAPPED,NOT_INFERRED_FROM_RENDER,Requires action-specific assertion and route/actor/flag reconciliation
ACT-S-0267,SOURCE_CONTROL_CANDIDATE,BLOCKED,shared component; caller routes need runtime reconciliation,src/components/admin/operations/AdminOperationsAudit.tsx:250,Collapsible,,UNMAPPED,NOT_INFERRED_FROM_RENDER,Requires action-specific assertion and route/actor/flag reconciliation
ACT-S-0268,SOURCE_CONTROL_CANDIDATE,BLOCKED,shared component; caller routes need runtime reconciliation,src/components/admin/operations/AdminOperationsAudit.tsx:255,Button,,UNMAPPED,NOT_INFERRED_FROM_RENDER,Requires action-specific assertion and route/actor/flag reconciliation
ACT-S-0269,SOURCE_CONTROL_CANDIDATE,BLOCKED,shared component; caller routes need runtime reconciliation,src/components/admin/operations/AdminOperationsAudit.tsx:307,Button,,UNMAPPED,NOT_INFERRED_FROM_RENDER,Requires action-specific assertion and route/actor/flag reconciliation
ACT-S-0270,SOURCE_CONTROL_CANDIDATE,BLOCKED,shared component; caller routes need runtime reconciliation,src/components/admin/operations/AdminOperationsJobs.tsx:217,form,,UNMAPPED,NOT_INFERRED_FROM_RENDER,Requires action-specific assertion and route/actor/flag reconciliation
ACT-S-0271,SOURCE_CONTROL_CANDIDATE,BLOCKED,shared component; caller routes need runtime reconciliation,src/components/admin/operations/AdminOperationsJobs.tsx:220,Select,,UNMAPPED,NOT_INFERRED_FROM_RENDER,Requires action-specific assertion and route/actor/flag reconciliation
ACT-S-0272,SOURCE_CONTROL_CANDIDATE,BLOCKED,shared component; caller routes need runtime reconciliation,src/components/admin/operations/AdminOperationsJobs.tsx:235,Input,,UNMAPPED,NOT_INFERRED_FROM_RENDER,Requires action-specific assertion and route/actor/flag reconciliation
ACT-S-0273,SOURCE_CONTROL_CANDIDATE,BLOCKED,shared component; caller routes need runtime reconciliation,src/components/admin/operations/AdminOperationsJobs.tsx:245,Button,,UNMAPPED,NOT_INFERRED_FROM_RENDER,Requires action-specific assertion and route/actor/flag reconciliation
ACT-S-0274,SOURCE_CONTROL_CANDIDATE,BLOCKED,shared component; caller routes need runtime reconciliation,src/components/admin/operations/AdminOperationsJobs.tsx:252,Button,,UNMAPPED,NOT_INFERRED_FROM_RENDER,Requires action-specific assertion and route/actor/flag reconciliation
ACT-S-0275,SOURCE_CONTROL_CANDIDATE,BLOCKED,shared component; caller routes need runtime reconciliation,src/components/admin/operations/AdminOperationsJobs.tsx:315,Button,,UNMAPPED,NOT_INFERRED_FROM_RENDER,Requires action-specific assertion and route/actor/flag reconciliation
ACT-S-0276,SOURCE_CONTROL_CANDIDATE,BLOCKED,shared component; caller routes need runtime reconciliation,src/components/admin/operations/AdminOperationsJobs.tsx:332,Button,,UNMAPPED,NOT_INFERRED_FROM_RENDER,Requires action-specific assertion and route/actor/flag reconciliation
ACT-S-0277,SOURCE_CONTROL_CANDIDATE,BLOCKED,shared component; caller routes need runtime reconciliation,src/components/admin/operations/AdminOperationsJobs.tsx:359,Button,,UNMAPPED,NOT_INFERRED_FROM_RENDER,Requires action-specific assertion and route/actor/flag reconciliation
ACT-S-0278,SOURCE_CONTROL_CANDIDATE,BLOCKED,shared component; caller routes need runtime reconciliation,src/components/admin/operations/AdminOperationsJobs.tsx:374,Button,,UNMAPPED,NOT_INFERRED_FROM_RENDER,Requires action-specific assertion and route/actor/flag reconciliation
ACT-S-0279,SOURCE_CONTROL_CANDIDATE,BLOCKED,shared component; caller routes need runtime reconciliation,src/components/admin/operations/AdminOperationsJobs.tsx:385,AdminConfirmDialog,,UNMAPPED,NOT_INFERRED_FROM_RENDER,Requires action-specific assertion and route/actor/flag reconciliation
ACT-S-0280,SOURCE_CONTROL_CANDIDATE,BLOCKED,shared component; caller routes need runtime reconciliation,src/components/admin/operations/AdminOperationsMigrations.tsx:209,Button,,UNMAPPED,NOT_INFERRED_FROM_RENDER,Requires action-specific assertion and route/actor/flag reconciliation
ACT-S-0281,SOURCE_CONTROL_CANDIDATE,BLOCKED,shared component; caller routes need runtime reconciliation,src/components/admin/operations/AdminOperationsMigrations.tsx:296,Button,,UNMAPPED,NOT_INFERRED_FROM_RENDER,Requires action-specific assertion and route/actor/flag reconciliation
ACT-S-0282,SOURCE_CONTROL_CANDIDATE,BLOCKED,shared component; caller routes need runtime reconciliation,src/components/admin/operations/AdminOperationsMigrations.tsx:331,AdminConfirmDialog,,UNMAPPED,NOT_INFERRED_FROM_RENDER,Requires action-specific assertion and route/actor/flag reconciliation
ACT-S-0283,SOURCE_CONTROL_CANDIDATE,BLOCKED,shared component; caller routes need runtime reconciliation,src/components/admin/operations/AdminOperationsMigrations.tsx:359,Input,,UNMAPPED,NOT_INFERRED_FROM_RENDER,Requires action-specific assertion and route/actor/flag reconciliation
ACT-S-0284,SOURCE_CONTROL_CANDIDATE,BLOCKED,shared component; caller routes need runtime reconciliation,src/components/admin/operations/AdminOperationsOverview.tsx:98,Button,,UNMAPPED,NOT_INFERRED_FROM_RENDER,Requires action-specific assertion and route/actor/flag reconciliation
ACT-S-0285,SOURCE_CONTROL_CANDIDATE,BLOCKED,shared component; caller routes need runtime reconciliation,src/components/admin/operations/AdminOperationsOverview.tsx:191,Button,,UNMAPPED,NOT_INFERRED_FROM_RENDER,Requires action-specific assertion and route/actor/flag reconciliation
ACT-S-0286,SOURCE_CONTROL_CANDIDATE,BLOCKED,shared component; caller routes need runtime reconciliation,src/components/admin/operations/AdminOperationsOverview.tsx:225,JobSummarySection,,UNMAPPED,NOT_INFERRED_FROM_RENDER,Requires action-specific assertion and route/actor/flag reconciliation
ACT-S-0287,SOURCE_CONTROL_CANDIDATE,BLOCKED,shared component; caller routes need runtime reconciliation,src/components/admin/operations/WhatsappServiceHealth.tsx:50,Button,,UNMAPPED,NOT_INFERRED_FROM_RENDER,Requires action-specific assertion and route/actor/flag reconciliation
ACT-S-0288,SOURCE_CONTROL_CANDIDATE,BLOCKED,shared component; caller routes need runtime reconciliation,src/components/admin/property-sync/PropertySyncWorkspace.tsx:195,Button,,ACTION_ASSERTION_LOCAL_PARTIAL,LOCAL_PARTIAL,bf585c0 actual source-sync route explicit control/result assertions at4 widths;true Auth/source/provider/flags pending. See sync-recovery-action-execution.csv. Overlapping source candidates are not separate business actions.
ACT-S-0289,SOURCE_CONTROL_CANDIDATE,BLOCKED,shared component; caller routes need runtime reconciliation,src/components/admin/property-sync/PropertySyncWorkspace.tsx:211,Button,,ACTION_ASSERTION_LOCAL_PARTIAL,LOCAL_PARTIAL,bf585c0 actual source-sync route explicit control/result assertions at4 widths;true Auth/source/provider/flags pending. See sync-recovery-action-execution.csv. Overlapping source candidates are not separate business actions.
ACT-S-0290,SOURCE_CONTROL_CANDIDATE,BLOCKED,shared component; caller routes need runtime reconciliation,src/components/admin/property-sync/PropertySyncWorkspace.tsx:263,Button,,ACTION_ASSERTION_LOCAL_PARTIAL,LOCAL_PARTIAL,bf585c0 actual source-sync route explicit control/result assertions at4 widths;true Auth/source/provider/flags pending. See sync-recovery-action-execution.csv. Overlapping source candidates are not separate business actions.
ACT-S-0291,SOURCE_CONTROL_CANDIDATE,BLOCKED,shared component; caller routes need runtime reconciliation,src/components/admin/property-sync/PropertySyncWorkspace.tsx:327,Button,,UNMAPPED,NOT_INFERRED_FROM_RENDER,Requires action-specific assertion and route/actor/flag reconciliation
ACT-S-0292,SOURCE_CONTROL_CANDIDATE,BLOCKED,shared component; caller routes need runtime reconciliation,src/components/admin/property-sync/PropertySyncWorkspace.tsx:338,Button,,ACTION_ASSERTION_LOCAL_PARTIAL,LOCAL_PARTIAL,bf585c0 actual source-sync route explicit control/result assertions at4 widths;true Auth/source/provider/flags pending. See sync-recovery-action-execution.csv. Overlapping source candidates are not separate business actions.
ACT-S-0293,SOURCE_CONTROL_CANDIDATE,BLOCKED,shared component; caller routes need runtime reconciliation,src/components/admin/property-sync/PropertySyncWorkspace.tsx:371,Button,,UNMAPPED,NOT_INFERRED_FROM_RENDER,Requires action-specific assertion and route/actor/flag reconciliation
ACT-S-0294,SOURCE_CONTROL_CANDIDATE,BLOCKED,shared component; caller routes need runtime reconciliation,src/components/admin/property-sync/WithdrawalReviewWorkspace.tsx:261,select,,ACTION_ASSERTION_LOCAL_PARTIAL,LOCAL_PARTIAL,bf585c0 actual source-sync route explicit control/result assertions at4 widths;true Auth/source/provider/flags pending. See sync-recovery-action-execution.csv. Overlapping source candidates are not separate business actions.
ACT-S-0295,SOURCE_CONTROL_CANDIDATE,BLOCKED,shared component; caller routes need runtime reconciliation,src/components/admin/property-sync/WithdrawalReviewWorkspace.tsx:272,Button,,ACTION_ASSERTION_LOCAL_PARTIAL,LOCAL_PARTIAL,bf585c0 actual source-sync route explicit control/result assertions at4 widths;true Auth/source/provider/flags pending. See sync-recovery-action-execution.csv. Overlapping source candidates are not separate business actions.
ACT-S-0296,SOURCE_CONTROL_CANDIDATE,BLOCKED,shared component; caller routes need runtime reconciliation,src/components/admin/property-sync/WithdrawalReviewWorkspace.tsx:289,input,,ACTION_ASSERTION_LOCAL_PARTIAL,LOCAL_PARTIAL,bf585c0 actual source-sync route explicit control/result assertions at4 widths;true Auth/source/provider/flags pending. See sync-recovery-action-execution.csv. Overlapping source candidates are not separate business actions.
ACT-S-0297,SOURCE_CONTROL_CANDIDATE,BLOCKED,shared component; caller routes need runtime reconciliation,src/components/admin/property-sync/WithdrawalReviewWorkspace.tsx:321,Button,,ACTION_ASSERTION_LOCAL_PARTIAL,LOCAL_PARTIAL,bf585c0 actual source-sync route explicit control/result assertions at4 widths;true Auth/source/provider/flags pending. See sync-recovery-action-execution.csv. Overlapping source candidates are not separate business actions.
ACT-S-0298,SOURCE_CONTROL_CANDIDATE,BLOCKED,shared component; caller routes need runtime reconciliation,src/components/admin/property-sync/WithdrawalReviewWorkspace.tsx:328,Button,,UNMAPPED,NOT_INFERRED_FROM_RENDER,Requires action-specific assertion and route/actor/flag reconciliation
ACT-S-0299,SOURCE_CONTROL_CANDIDATE,BLOCKED,shared component; caller routes need runtime reconciliation,src/components/admin/property-sync/WithdrawalReviewWorkspace.tsx:351,input,,ACTION_ASSERTION_LOCAL_PARTIAL,LOCAL_PARTIAL,bf585c0 actual source-sync route explicit control/result assertions at4 widths;true Auth/source/provider/flags pending. See sync-recovery-action-execution.csv. Overlapping source candidates are not separate business actions.
ACT-S-0300,SOURCE_CONTROL_CANDIDATE,BLOCKED,shared component; caller routes need runtime reconciliation,src/components/admin/property-sync/WithdrawalReviewWorkspace.tsx:372,Input,,ACTION_ASSERTION_LOCAL_PARTIAL,LOCAL_PARTIAL,bf585c0 actual source-sync route explicit control/result assertions at4 widths;true Auth/source/provider/flags pending. See sync-recovery-action-execution.csv. Overlapping source candidates are not separate business actions.
ACT-S-0301,SOURCE_CONTROL_CANDIDATE,BLOCKED,shared component; caller routes need runtime reconciliation,src/components/admin/property-sync/WithdrawalReviewWorkspace.tsx:382,input,,ACTION_ASSERTION_LOCAL_PARTIAL,LOCAL_PARTIAL,bf585c0 actual source-sync route explicit control/result assertions at4 widths;true Auth/source/provider/flags pending. See sync-recovery-action-execution.csv. Overlapping source candidates are not separate business actions.
ACT-S-0302,SOURCE_CONTROL_CANDIDATE,BLOCKED,shared component; caller routes need runtime reconciliation,src/components/admin/property-sync/WithdrawalReviewWorkspace.tsx:391,Button,,ACTION_ASSERTION_LOCAL_PARTIAL,LOCAL_PARTIAL,bf585c0 actual source-sync route explicit control/result assertions at4 widths;true Auth/source/provider/flags pending. See sync-recovery-action-execution.csv. Overlapping source candidates are not separate business actions.
ACT-S-0303,SOURCE_CONTROL_CANDIDATE,BLOCKED,shared component; caller routes need runtime reconciliation,src/components/admin/property-sync/WithdrawalReviewWorkspace.tsx:397,Button,,ACTION_ASSERTION_LOCAL_PARTIAL,LOCAL_PARTIAL,bf585c0 actual source-sync route explicit control/result assertions at4 widths;true Auth/source/provider/flags pending. See sync-recovery-action-execution.csv. Overlapping source candidates are not separate business actions.
ACT-S-0304,SOURCE_CONTROL_CANDIDATE,BLOCKED,shared component; caller routes need runtime reconciliation,src/components/admin/property-sync/WithdrawalReviewWorkspace.tsx:411,Button,,ACTION_ASSERTION_LOCAL_PARTIAL,LOCAL_PARTIAL,bf585c0 actual source-sync route explicit control/result assertions at4 widths;true Auth/source/provider/flags pending. See sync-recovery-action-execution.csv. Overlapping source candidates are not separate business actions.
ACT-S-0305,SOURCE_CONTROL_CANDIDATE,BLOCKED,shared component; caller routes need runtime reconciliation,src/components/admin/team/AdminTeamDetailPanel.tsx:113,Button,,UNMAPPED,NOT_INFERRED_FROM_RENDER,Requires action-specific assertion and route/actor/flag reconciliation
ACT-S-0306,SOURCE_CONTROL_CANDIDATE,BLOCKED,shared component; caller routes need runtime reconciliation,src/components/admin/team/AdminTeamDetailPanel.tsx:136,Checkbox,,UNMAPPED,NOT_INFERRED_FROM_RENDER,Requires action-specific assertion and route/actor/flag reconciliation
ACT-S-0307,SOURCE_CONTROL_CANDIDATE,BLOCKED,shared component; caller routes need runtime reconciliation,src/components/admin/team/AdminTeamDetailPanel.tsx:148,Button,,UNMAPPED,NOT_INFERRED_FROM_RENDER,Requires action-specific assertion and route/actor/flag reconciliation
ACT-S-0308,SOURCE_CONTROL_CANDIDATE,BLOCKED,shared component; caller routes need runtime reconciliation,src/components/admin/team/AdminTeamDetailPanel.tsx:170,Select,,UNMAPPED,NOT_INFERRED_FROM_RENDER,Requires action-specific assertion and route/actor/flag reconciliation
ACT-S-0309,SOURCE_CONTROL_CANDIDATE,BLOCKED,shared component; caller routes need runtime reconciliation,src/components/admin/team/AdminTeamDetailPanel.tsx:216,Button,,UNMAPPED,NOT_INFERRED_FROM_RENDER,Requires action-specific assertion and route/actor/flag reconciliation
ACT-S-0310,SOURCE_CONTROL_CANDIDATE,BLOCKED,shared component; caller routes need runtime reconciliation,src/components/admin/team/AdminTeamDetailPanel.tsx:229,Button,,UNMAPPED,NOT_INFERRED_FROM_RENDER,Requires action-specific assertion and route/actor/flag reconciliation
ACT-S-0311,SOURCE_CONTROL_CANDIDATE,BLOCKED,shared component; caller routes need runtime reconciliation,src/components/admin/team/AdminTeamDetailPanel.tsx:235,Button,,UNMAPPED,NOT_INFERRED_FROM_RENDER,Requires action-specific assertion and route/actor/flag reconciliation
ACT-S-0312,SOURCE_CONTROL_CANDIDATE,BLOCKED,shared component; caller routes need runtime reconciliation,src/components/admin/team/AdminTeamDetailPanel.tsx:247,Button,,UNMAPPED,NOT_INFERRED_FROM_RENDER,Requires action-specific assertion and route/actor/flag reconciliation
ACT-S-0313,SOURCE_CONTROL_CANDIDATE,BLOCKED,shared component; caller routes need runtime reconciliation,src/components/admin/team/AdminTeamDialogs.tsx:114,AdminConfirmDialog,,UNMAPPED,NOT_INFERRED_FROM_RENDER,Requires action-specific assertion and route/actor/flag reconciliation
ACT-S-0314,SOURCE_CONTROL_CANDIDATE,BLOCKED,shared component; caller routes need runtime reconciliation,src/components/admin/team/AdminTeamDialogs.tsx:141,Input,,UNMAPPED,NOT_INFERRED_FROM_RENDER,Requires action-specific assertion and route/actor/flag reconciliation
ACT-S-0315,SOURCE_CONTROL_CANDIDATE,BLOCKED,shared component; caller routes need runtime reconciliation,src/components/admin/team/AdminTeamFilters.tsx:41,Input,,UNMAPPED,NOT_INFERRED_FROM_RENDER,Requires action-specific assertion and route/actor/flag reconciliation
ACT-S-0316,SOURCE_CONTROL_CANDIDATE,BLOCKED,shared component; caller routes need runtime reconciliation,src/components/admin/team/AdminTeamFilters.tsx:52,Select,,UNMAPPED,NOT_INFERRED_FROM_RENDER,Requires action-specific assertion and route/actor/flag reconciliation
ACT-S-0317,SOURCE_CONTROL_CANDIDATE,BLOCKED,shared component; caller routes need runtime reconciliation,src/components/admin/team/AdminTeamFilters.tsx:71,Select,,UNMAPPED,NOT_INFERRED_FROM_RENDER,Requires action-specific assertion and route/actor/flag reconciliation
ACT-S-0318,SOURCE_CONTROL_CANDIDATE,BLOCKED,shared component; caller routes need runtime reconciliation,src/components/admin/team/AdminTeamFilters.tsx:90,Button,,UNMAPPED,NOT_INFERRED_FROM_RENDER,Requires action-specific assertion and route/actor/flag reconciliation
ACT-S-0319,SOURCE_CONTROL_CANDIDATE,BLOCKED,shared component; caller routes need runtime reconciliation,src/components/admin/team/AdminTeamMemberCard.tsx:32,Button,,UNMAPPED,NOT_INFERRED_FROM_RENDER,Requires action-specific assertion and route/actor/flag reconciliation
ACT-S-0320,SOURCE_CONTROL_CANDIDATE,BLOCKED,shared component; caller routes need runtime reconciliation,src/components/admin/team/AdminTeamMemberCard.tsx:59,Button,,UNMAPPED,NOT_INFERRED_FROM_RENDER,Requires action-specific assertion and route/actor/flag reconciliation
ACT-S-0321,SOURCE_CONTROL_CANDIDATE,BLOCKED,shared component; caller routes need runtime reconciliation,src/components/admin/team/AdminTeamTable.tsx:63,button,,UNMAPPED,NOT_INFERRED_FROM_RENDER,Requires action-specific assertion and route/actor/flag reconciliation
ACT-S-0322,SOURCE_CONTROL_CANDIDATE,BLOCKED,shared component; caller routes need runtime reconciliation,src/components/admin/team/AdminTeamTable.tsx:99,Button,,UNMAPPED,NOT_INFERRED_FROM_RENDER,Requires action-specific assertion and route/actor/flag reconciliation
ACT-S-0323,SOURCE_CONTROL_CANDIDATE,BLOCKED,shared component; caller routes need runtime reconciliation,src/components/admin/whatsapp/EnquiryOnlyPanel.tsx:33,button,,UNMAPPED,NOT_INFERRED_FROM_RENDER,Requires action-specific assertion and route/actor/flag reconciliation
ACT-S-0324,SOURCE_CONTROL_CANDIDATE,BLOCKED,shared component; caller routes need runtime reconciliation,src/components/admin/whatsapp/EnquiryOnlyPanel.tsx:51,button,,UNMAPPED,NOT_INFERRED_FROM_RENDER,Requires action-specific assertion and route/actor/flag reconciliation
ACT-S-0325,SOURCE_CONTROL_CANDIDATE,BLOCKED,shared component; caller routes need runtime reconciliation,src/components/admin/whatsapp/EnquiryOnlyPanel.tsx:55,Dialog,,UNMAPPED,NOT_INFERRED_FROM_RENDER,Requires action-specific assertion and route/actor/flag reconciliation
ACT-S-0326,SOURCE_CONTROL_CANDIDATE,BLOCKED,shared component; caller routes need runtime reconciliation,src/components/admin/whatsapp/EnquiryOnlyPanel.tsx:62,EnquiryResolutionPanel,,UNMAPPED,NOT_INFERRED_FROM_RENDER,Requires action-specific assertion and route/actor/flag reconciliation
ACT-S-0327,SOURCE_CONTROL_CANDIDATE,BLOCKED,shared component; caller routes need runtime reconciliation,src/components/admin/whatsapp/EnquiryResolutionPanel.tsx:211,Button,,UNMAPPED,NOT_INFERRED_FROM_RENDER,Requires action-specific assertion and route/actor/flag reconciliation
ACT-S-0328,SOURCE_CONTROL_CANDIDATE,BLOCKED,shared component; caller routes need runtime reconciliation,src/components/admin/whatsapp/EnquiryResolutionPanel.tsx:228,Button,,UNMAPPED,NOT_INFERRED_FROM_RENDER,Requires action-specific assertion and route/actor/flag reconciliation
ACT-S-0329,SOURCE_CONTROL_CANDIDATE,BLOCKED,shared component; caller routes need runtime reconciliation,src/components/admin/whatsapp/EnquiryResolutionPanel.tsx:286,select,,UNMAPPED,NOT_INFERRED_FROM_RENDER,Requires action-specific assertion and route/actor/flag reconciliation
ACT-S-0330,SOURCE_CONTROL_CANDIDATE,BLOCKED,shared component; caller routes need runtime reconciliation,src/components/admin/whatsapp/EnquiryResolutionPanel.tsx:309,select,,UNMAPPED,NOT_INFERRED_FROM_RENDER,Requires action-specific assertion and route/actor/flag reconciliation
ACT-S-0331,SOURCE_CONTROL_CANDIDATE,BLOCKED,shared component; caller routes need runtime reconciliation,src/components/admin/whatsapp/EnquiryResolutionPanel.tsx:335,select,,UNMAPPED,NOT_INFERRED_FROM_RENDER,Requires action-specific assertion and route/actor/flag reconciliation
ACT-S-0332,SOURCE_CONTROL_CANDIDATE,BLOCKED,shared component; caller routes need runtime reconciliation,src/components/admin/whatsapp/EnquiryResolutionPanel.tsx:358,textarea,,UNMAPPED,NOT_INFERRED_FROM_RENDER,Requires action-specific assertion and route/actor/flag reconciliation
ACT-S-0333,SOURCE_CONTROL_CANDIDATE,BLOCKED,shared component; caller routes need runtime reconciliation,src/components/admin/whatsapp/EnquiryResolutionPanel.tsx:367,Button,,UNMAPPED,NOT_INFERRED_FROM_RENDER,Requires action-specific assertion and route/actor/flag reconciliation
ACT-S-0334,SOURCE_CONTROL_CANDIDATE,BLOCKED,shared component; caller routes need runtime reconciliation,src/components/admin/whatsapp/FolderLoadNotice.tsx:42,Button,,UNMAPPED,NOT_INFERRED_FROM_RENDER,Requires action-specific assertion and route/actor/flag reconciliation
ACT-S-0335,SOURCE_CONTROL_CANDIDATE,BLOCKED,shared component; caller routes need runtime reconciliation,src/components/admin/whatsapp/ForwardedEnquiryEvidence.tsx:34,button,,UNMAPPED,NOT_INFERRED_FROM_RENDER,Requires action-specific assertion and route/actor/flag reconciliation
ACT-S-0336,SOURCE_CONTROL_CANDIDATE,BLOCKED,shared component; caller routes need runtime reconciliation,src/components/admin/whatsapp/ForwardedEnquiryForm.tsx:182,form,,UNMAPPED,NOT_INFERRED_FROM_RENDER,Requires action-specific assertion and route/actor/flag reconciliation
ACT-S-0337,SOURCE_CONTROL_CANDIDATE,BLOCKED,shared component; caller routes need runtime reconciliation,src/components/admin/whatsapp/ForwardedEnquiryForm.tsx:190,textarea,,UNMAPPED,NOT_INFERRED_FROM_RENDER,Requires action-specific assertion and route/actor/flag reconciliation
ACT-S-0338,SOURCE_CONTROL_CANDIDATE,BLOCKED,shared component; caller routes need runtime reconciliation,src/components/admin/whatsapp/ForwardedEnquiryForm.tsx:200,Input,,UNMAPPED,NOT_INFERRED_FROM_RENDER,Requires action-specific assertion and route/actor/flag reconciliation
ACT-S-0339,SOURCE_CONTROL_CANDIDATE,BLOCKED,shared component; caller routes need runtime reconciliation,src/components/admin/whatsapp/ForwardedEnquiryForm.tsx:210,Input,,UNMAPPED,NOT_INFERRED_FROM_RENDER,Requires action-specific assertion and route/actor/flag reconciliation
ACT-S-0340,SOURCE_CONTROL_CANDIDATE,BLOCKED,shared component; caller routes need runtime reconciliation,src/components/admin/whatsapp/ForwardedEnquiryForm.tsx:219,Input,,UNMAPPED,NOT_INFERRED_FROM_RENDER,Requires action-specific assertion and route/actor/flag reconciliation
ACT-S-0341,SOURCE_CONTROL_CANDIDATE,BLOCKED,shared component; caller routes need runtime reconciliation,src/components/admin/whatsapp/ForwardedEnquiryForm.tsx:227,Input,,UNMAPPED,NOT_INFERRED_FROM_RENDER,Requires action-specific assertion and route/actor/flag reconciliation
ACT-S-0342,SOURCE_CONTROL_CANDIDATE,BLOCKED,shared component; caller routes need runtime reconciliation,src/components/admin/whatsapp/ForwardedEnquiryForm.tsx:235,textarea,,UNMAPPED,NOT_INFERRED_FROM_RENDER,Requires action-specific assertion and route/actor/flag reconciliation
ACT-S-0343,SOURCE_CONTROL_CANDIDATE,BLOCKED,shared component; caller routes need runtime reconciliation,src/components/admin/whatsapp/ForwardedEnquiryForm.tsx:246,Input,,UNMAPPED,NOT_INFERRED_FROM_RENDER,Requires action-specific assertion and route/actor/flag reconciliation
ACT-S-0344,SOURCE_CONTROL_CANDIDATE,BLOCKED,shared component; caller routes need runtime reconciliation,src/components/admin/whatsapp/ForwardedEnquiryForm.tsx:254,Input,,UNMAPPED,NOT_INFERRED_FROM_RENDER,Requires action-specific assertion and route/actor/flag reconciliation
ACT-S-0345,SOURCE_CONTROL_CANDIDATE,BLOCKED,shared component; caller routes need runtime reconciliation,src/components/admin/whatsapp/ForwardedEnquiryForm.tsx:262,select,,UNMAPPED,NOT_INFERRED_FROM_RENDER,Requires action-specific assertion and route/actor/flag reconciliation
ACT-S-0346,SOURCE_CONTROL_CANDIDATE,BLOCKED,shared component; caller routes need runtime reconciliation,src/components/admin/whatsapp/ForwardedEnquiryForm.tsx:281,Button,,UNMAPPED,NOT_INFERRED_FROM_RENDER,Requires action-specific assertion and route/actor/flag reconciliation
ACT-S-0347,SOURCE_CONTROL_CANDIDATE,BLOCKED,shared component; caller routes need runtime reconciliation,src/components/admin/whatsapp/ForwardedEnquiryForm.tsx:290,Button,,UNMAPPED,NOT_INFERRED_FROM_RENDER,Requires action-specific assertion and route/actor/flag reconciliation
ACT-S-0348,SOURCE_CONTROL_CANDIDATE,BLOCKED,shared component; caller routes need runtime reconciliation,src/components/admin/whatsapp/InboxAccountPicker.tsx:30,Input,,UNMAPPED,NOT_INFERRED_FROM_RENDER,Requires action-specific assertion and route/actor/flag reconciliation
ACT-S-0349,SOURCE_CONTROL_CANDIDATE,BLOCKED,shared component; caller routes need runtime reconciliation,src/components/admin/whatsapp/InboxAccountPicker.tsx:44,Button,,UNMAPPED,NOT_INFERRED_FROM_RENDER,Requires action-specific assertion and route/actor/flag reconciliation
ACT-S-0350,SOURCE_CONTROL_CANDIDATE,BLOCKED,shared component; caller routes need runtime reconciliation,src/components/admin/whatsapp/InboxAccountPicker.tsx:51,input,,UNMAPPED,NOT_INFERRED_FROM_RENDER,Requires action-specific assertion and route/actor/flag reconciliation
ACT-S-0351,SOURCE_CONTROL_CANDIDATE,BLOCKED,shared component; caller routes need runtime reconciliation,src/components/admin/whatsapp/InboxAccountPicker.tsx:78,Button,,UNMAPPED,NOT_INFERRED_FROM_RENDER,Requires action-specific assertion and route/actor/flag reconciliation
ACT-S-0352,SOURCE_CONTROL_CANDIDATE,BLOCKED,shared component; caller routes need runtime reconciliation,src/components/admin/whatsapp/LeadContactEditor.tsx:59,Button,,UNMAPPED,NOT_INFERRED_FROM_RENDER,Requires action-specific assertion and route/actor/flag reconciliation
ACT-S-0353,SOURCE_CONTROL_CANDIDATE,BLOCKED,shared component; caller routes need runtime reconciliation,src/components/admin/whatsapp/LeadContactEditor.tsx:77,form,,UNMAPPED,NOT_INFERRED_FROM_RENDER,Requires action-specific assertion and route/actor/flag reconciliation
ACT-S-0354,SOURCE_CONTROL_CANDIDATE,BLOCKED,shared component; caller routes need runtime reconciliation,src/components/admin/whatsapp/LeadContactEditor.tsx:119,Input,,UNMAPPED,NOT_INFERRED_FROM_RENDER,Requires action-specific assertion and route/actor/flag reconciliation
ACT-S-0355,SOURCE_CONTROL_CANDIDATE,BLOCKED,shared component; caller routes need runtime reconciliation,src/components/admin/whatsapp/LeadContactEditor.tsx:128,Input,,UNMAPPED,NOT_INFERRED_FROM_RENDER,Requires action-specific assertion and route/actor/flag reconciliation
ACT-S-0356,SOURCE_CONTROL_CANDIDATE,BLOCKED,shared component; caller routes need runtime reconciliation,src/components/admin/whatsapp/LeadContactEditor.tsx:138,Button,,UNMAPPED,NOT_INFERRED_FROM_RENDER,Requires action-specific assertion and route/actor/flag reconciliation
ACT-S-0357,SOURCE_CONTROL_CANDIDATE,BLOCKED,shared component; caller routes need runtime reconciliation,src/components/admin/whatsapp/LeadContactEditor.tsx:141,Button,,UNMAPPED,NOT_INFERRED_FROM_RENDER,Requires action-specific assertion and route/actor/flag reconciliation
ACT-S-0358,SOURCE_CONTROL_CANDIDATE,BLOCKED,shared component; caller routes need runtime reconciliation,src/components/admin/whatsapp/LeadContactEditor.tsx:154,Button,,UNMAPPED,NOT_INFERRED_FROM_RENDER,Requires action-specific assertion and route/actor/flag reconciliation
ACT-S-0359,SOURCE_CONTROL_CANDIDATE,BLOCKED,shared component; caller routes need runtime reconciliation,src/components/admin/whatsapp/RelatedLeadConversations.tsx:26,button,,UNMAPPED,NOT_INFERRED_FROM_RENDER,Requires action-specific assertion and route/actor/flag reconciliation
ACT-S-0360,SOURCE_CONTROL_CANDIDATE,BLOCKED,shared component; caller routes need runtime reconciliation,src/components/admin/whatsapp/RelatedLeadConversations.tsx:36,a,,UNMAPPED,NOT_INFERRED_FROM_RENDER,Requires action-specific assertion and route/actor/flag reconciliation
ACT-S-0361,SOURCE_CONTROL_CANDIDATE,BLOCKED,shared component; caller routes need runtime reconciliation,src/components/admin/whatsapp/StaffMappingWizard.tsx:344,select,,UNMAPPED,NOT_INFERRED_FROM_RENDER,Requires action-specific assertion and route/actor/flag reconciliation
ACT-S-0362,SOURCE_CONTROL_CANDIDATE,BLOCKED,shared component; caller routes need runtime reconciliation,src/components/admin/whatsapp/StaffMappingWizard.tsx:367,FolderLoadNotice,,UNMAPPED,NOT_INFERRED_FROM_RENDER,Requires action-specific assertion and route/actor/flag reconciliation
ACT-S-0363,SOURCE_CONTROL_CANDIDATE,BLOCKED,shared component; caller routes need runtime reconciliation,src/components/admin/whatsapp/StaffMappingWizard.tsx:369,Button,,UNMAPPED,NOT_INFERRED_FROM_RENDER,Requires action-specific assertion and route/actor/flag reconciliation
ACT-S-0364,SOURCE_CONTROL_CANDIDATE,BLOCKED,shared component; caller routes need runtime reconciliation,src/components/admin/whatsapp/StaffMappingWizard.tsx:375,select,,UNMAPPED,NOT_INFERRED_FROM_RENDER,Requires action-specific assertion and route/actor/flag reconciliation
ACT-S-0365,SOURCE_CONTROL_CANDIDATE,BLOCKED,shared component; caller routes need runtime reconciliation,src/components/admin/whatsapp/StaffMappingWizard.tsx:403,InboxAccountPicker,,UNMAPPED,NOT_INFERRED_FROM_RENDER,Requires action-specific assertion and route/actor/flag reconciliation
ACT-S-0366,SOURCE_CONTROL_CANDIDATE,BLOCKED,shared component; caller routes need runtime reconciliation,src/components/admin/whatsapp/StaffMappingWizard.tsx:425,Button,,UNMAPPED,NOT_INFERRED_FROM_RENDER,Requires action-specific assertion and route/actor/flag reconciliation
ACT-S-0367,SOURCE_CONTROL_CANDIDATE,BLOCKED,shared component; caller routes need runtime reconciliation,src/components/admin/whatsapp/StaffMappingWizard.tsx:433,Button,,UNMAPPED,NOT_INFERRED_FROM_RENDER,Requires action-specific assertion and route/actor/flag reconciliation
ACT-S-0368,SOURCE_CONTROL_CANDIDATE,BLOCKED,shared component; caller routes need runtime reconciliation,src/components/admin/whatsapp/StaffMappingWizard.tsx:462,Input,,UNMAPPED,NOT_INFERRED_FROM_RENDER,Requires action-specific assertion and route/actor/flag reconciliation
ACT-S-0369,SOURCE_CONTROL_CANDIDATE,BLOCKED,shared component; caller routes need runtime reconciliation,src/components/admin/whatsapp/StaffMappingWizard.tsx:468,Button,,UNMAPPED,NOT_INFERRED_FROM_RENDER,Requires action-specific assertion and route/actor/flag reconciliation
ACT-S-0370,SOURCE_CONTROL_CANDIDATE,BLOCKED,shared component; caller routes need runtime reconciliation,src/components/admin/whatsapp/StaffMappingWizard.tsx:478,details,,UNMAPPED,NOT_INFERRED_FROM_RENDER,Requires action-specific assertion and route/actor/flag reconciliation
ACT-S-0371,SOURCE_CONTROL_CANDIDATE,BLOCKED,shared component; caller routes need runtime reconciliation,src/components/admin/whatsapp/StaffMappingWizard.tsx:490,Input,,UNMAPPED,NOT_INFERRED_FROM_RENDER,Requires action-specific assertion and route/actor/flag reconciliation
ACT-S-0372,SOURCE_CONTROL_CANDIDATE,BLOCKED,shared component; caller routes need runtime reconciliation,src/components/admin/whatsapp/StaffMappingWizard.tsx:499,Input,,UNMAPPED,NOT_INFERRED_FROM_RENDER,Requires action-specific assertion and route/actor/flag reconciliation
ACT-S-0373,SOURCE_CONTROL_CANDIDATE,BLOCKED,shared component; caller routes need runtime reconciliation,src/components/admin/whatsapp/StaffMappingWizard.tsx:508,Input,,UNMAPPED,NOT_INFERRED_FROM_RENDER,Requires action-specific assertion and route/actor/flag reconciliation
ACT-S-0374,SOURCE_CONTROL_CANDIDATE,BLOCKED,shared component; caller routes need runtime reconciliation,src/components/admin/whatsapp/StaffMappingWizard.tsx:515,Button,,UNMAPPED,NOT_INFERRED_FROM_RENDER,Requires action-specific assertion and route/actor/flag reconciliation
ACT-S-0375,SOURCE_CONTROL_CANDIDATE,BLOCKED,shared component; caller routes need runtime reconciliation,src/components/admin/whatsapp/StaffMappingWizard.tsx:633,Button,,UNMAPPED,NOT_INFERRED_FROM_RENDER,Requires action-specific assertion and route/actor/flag reconciliation
ACT-S-0376,SOURCE_CONTROL_CANDIDATE,BLOCKED,shared component; caller routes need runtime reconciliation,src/components/admin/whatsapp/StaffMappingWizard.tsx:650,Button,,UNMAPPED,NOT_INFERRED_FROM_RENDER,Requires action-specific assertion and route/actor/flag reconciliation
ACT-S-0377,SOURCE_CONTROL_CANDIDATE,BLOCKED,shared component; caller routes need runtime reconciliation,src/components/admin/whatsapp/StaffMappingWizard.tsx:658,Button,,UNMAPPED,NOT_INFERRED_FROM_RENDER,Requires action-specific assertion and route/actor/flag reconciliation
ACT-S-0378,SOURCE_CONTROL_CANDIDATE,BLOCKED,shared component; caller routes need runtime reconciliation,src/components/admin/whatsapp/StaffReadinessBadge.tsx:23,a,,UNMAPPED,NOT_INFERRED_FROM_RENDER,Requires action-specific assertion and route/actor/flag reconciliation
ACT-S-0379,SOURCE_CONTROL_CANDIDATE,BLOCKED,shared component; caller routes need runtime reconciliation,src/components/admin/whatsapp/StaffTestNotificationDialog.tsx:95,Button,,UNMAPPED,NOT_INFERRED_FROM_RENDER,Requires action-specific assertion and route/actor/flag reconciliation
ACT-S-0380,SOURCE_CONTROL_CANDIDATE,BLOCKED,shared component; caller routes need runtime reconciliation,src/components/admin/whatsapp/StaffTestNotificationDialog.tsx:167,Input,,UNMAPPED,NOT_INFERRED_FROM_RENDER,Requires action-specific assertion and route/actor/flag reconciliation
ACT-S-0381,SOURCE_CONTROL_CANDIDATE,BLOCKED,shared component; caller routes need runtime reconciliation,src/components/admin/whatsapp/StaffTestNotificationDialog.tsx:173,Button,,UNMAPPED,NOT_INFERRED_FROM_RENDER,Requires action-specific assertion and route/actor/flag reconciliation
ACT-S-0382,SOURCE_CONTROL_CANDIDATE,BLOCKED,shared component; caller routes need runtime reconciliation,src/components/admin/whatsapp/StaffTestNotificationDialog.tsx:197,Button,,UNMAPPED,NOT_INFERRED_FROM_RENDER,Requires action-specific assertion and route/actor/flag reconciliation
ACT-S-0383,SOURCE_CONTROL_CANDIDATE,BLOCKED,shared component; caller routes need runtime reconciliation,src/components/admin/whatsapp/StaffTestNotificationDialog.tsx:207,Button,,UNMAPPED,NOT_INFERRED_FROM_RENDER,Requires action-specific assertion and route/actor/flag reconciliation
ACT-S-0384,SOURCE_CONTROL_CANDIDATE,BLOCKED,shared component; caller routes need runtime reconciliation,src/components/admin/whatsapp/StaffTestNotificationDialog.tsx:214,Button,,UNMAPPED,NOT_INFERRED_FROM_RENDER,Requires action-specific assertion and route/actor/flag reconciliation
ACT-S-0385,SOURCE_CONTROL_CANDIDATE,BLOCKED,shared component; caller routes need runtime reconciliation,src/components/admin/whatsapp/WhatsappBatchImport.tsx:116,select,,UNMAPPED,NOT_INFERRED_FROM_RENDER,Requires action-specific assertion and route/actor/flag reconciliation
ACT-S-0386,SOURCE_CONTROL_CANDIDATE,BLOCKED,shared component; caller routes need runtime reconciliation,src/components/admin/whatsapp/WhatsappBatchImport.tsx:128,textarea,,ACTION_ASSERTION_LOCAL_PARTIAL,LOCAL_PARTIAL,0927bd4 local72browser/8ownedSQL;19 overlapping controls;0388synthetic clipboard and0433normal50+10 continuation operated;trueAuth/fullroles/flags/combined/nativeclipboard pending;see link-bulk-copy-continuation-action-execution.csv.
ACT-S-0387,SOURCE_CONTROL_CANDIDATE,BLOCKED,shared component; caller routes need runtime reconciliation,src/components/admin/whatsapp/WhatsappBatchImport.tsx:160,Button,,ACTION_ASSERTION_LOCAL_PARTIAL,LOCAL_PARTIAL,0927bd4 local72browser/8ownedSQL;19 overlapping controls;0388synthetic clipboard and0433normal50+10 continuation operated;trueAuth/fullroles/flags/combined/nativeclipboard pending;see link-bulk-copy-continuation-action-execution.csv.
ACT-S-0388,SOURCE_CONTROL_CANDIDATE,BLOCKED,shared component; caller routes need runtime reconciliation,src/components/admin/whatsapp/WhatsappBatchResult.tsx:63,Button,,ACTION_ASSERTION_LOCAL_PARTIAL,LOCAL_PARTIAL,0927bd4 local72browser/8ownedSQL;19 overlapping controls;0388synthetic clipboard and0433normal50+10 continuation operated;trueAuth/fullroles/flags/combined/nativeclipboard pending;see link-bulk-copy-continuation-action-execution.csv.
ACT-S-0389,SOURCE_CONTROL_CANDIDATE,BLOCKED,shared component; caller routes need runtime reconciliation,src/components/admin/whatsapp/WhatsappBatchResult.tsx:67,Button,,ACTION_ASSERTION_LOCAL_PARTIAL,LOCAL_PARTIAL,0927bd4 local72browser/8ownedSQL;19 overlapping controls;0388synthetic clipboard and0433normal50+10 continuation operated;trueAuth/fullroles/flags/combined/nativeclipboard pending;see link-bulk-copy-continuation-action-execution.csv.
ACT-S-0390,SOURCE_CONTROL_CANDIDATE,BLOCKED,shared component; caller routes need runtime reconciliation,src/components/admin/whatsapp/WhatsappCoveragePanel.tsx:98,form,,UNMAPPED,NOT_INFERRED_FROM_RENDER,Requires action-specific assertion and route/actor/flag reconciliation
ACT-S-0391,SOURCE_CONTROL_CANDIDATE,BLOCKED,shared component; caller routes need runtime reconciliation,src/components/admin/whatsapp/WhatsappCoveragePanel.tsx:105,Input,,UNMAPPED,NOT_INFERRED_FROM_RENDER,Requires action-specific assertion and route/actor/flag reconciliation
ACT-S-0392,SOURCE_CONTROL_CANDIDATE,BLOCKED,shared component; caller routes need runtime reconciliation,src/components/admin/whatsapp/WhatsappCoveragePanel.tsx:111,Button,,UNMAPPED,NOT_INFERRED_FROM_RENDER,Requires action-specific assertion and route/actor/flag reconciliation
ACT-S-0393,SOURCE_CONTROL_CANDIDATE,BLOCKED,shared component; caller routes need runtime reconciliation,src/components/admin/whatsapp/WhatsappCoveragePanel.tsx:117,select,,UNMAPPED,NOT_INFERRED_FROM_RENDER,Requires action-specific assertion and route/actor/flag reconciliation
ACT-S-0394,SOURCE_CONTROL_CANDIDATE,BLOCKED,shared component; caller routes need runtime reconciliation,src/components/admin/whatsapp/WhatsappCoveragePanel.tsx:128,input,,UNMAPPED,NOT_INFERRED_FROM_RENDER,Requires action-specific assertion and route/actor/flag reconciliation
ACT-S-0395,SOURCE_CONTROL_CANDIDATE,BLOCKED,shared component; caller routes need runtime reconciliation,src/components/admin/whatsapp/WhatsappCoveragePanel.tsx:154,input,,UNMAPPED,NOT_INFERRED_FROM_RENDER,Requires action-specific assertion and route/actor/flag reconciliation
ACT-S-0396,SOURCE_CONTROL_CANDIDATE,BLOCKED,shared component; caller routes need runtime reconciliation,src/components/admin/whatsapp/WhatsappCoveragePanel.tsx:180,Button,,UNMAPPED,NOT_INFERRED_FROM_RENDER,Requires action-specific assertion and route/actor/flag reconciliation
ACT-S-0397,SOURCE_CONTROL_CANDIDATE,BLOCKED,shared component; caller routes need runtime reconciliation,src/components/admin/whatsapp/WhatsappCoveragePanel.tsx:194,Button,,UNMAPPED,NOT_INFERRED_FROM_RENDER,Requires action-specific assertion and route/actor/flag reconciliation
ACT-S-0398,SOURCE_CONTROL_CANDIDATE,BLOCKED,shared component; caller routes need runtime reconciliation,src/components/admin/whatsapp/WhatsappLinkWizard.tsx:490,Button,,UNMAPPED,NOT_INFERRED_FROM_RENDER,Requires action-specific assertion and route/actor/flag reconciliation
ACT-S-0399,SOURCE_CONTROL_CANDIDATE,BLOCKED,shared component; caller routes need runtime reconciliation,src/components/admin/whatsapp/WhatsappLinkWizard.tsx:502,input,,UNMAPPED,NOT_INFERRED_FROM_RENDER,Requires action-specific assertion and route/actor/flag reconciliation
ACT-S-0400,SOURCE_CONTROL_CANDIDATE,BLOCKED,shared component; caller routes need runtime reconciliation,src/components/admin/whatsapp/WhatsappLinkWizard.tsx:506,input,,UNMAPPED,NOT_INFERRED_FROM_RENDER,Requires action-specific assertion and route/actor/flag reconciliation
ACT-S-0401,SOURCE_CONTROL_CANDIDATE,BLOCKED,shared component; caller routes need runtime reconciliation,src/components/admin/whatsapp/WhatsappLinkWizard.tsx:515,WhatsappBatchImport,,UNMAPPED,NOT_INFERRED_FROM_RENDER,Requires action-specific assertion and route/actor/flag reconciliation
ACT-S-0402,SOURCE_CONTROL_CANDIDATE,BLOCKED,shared component; caller routes need runtime reconciliation,src/components/admin/whatsapp/WhatsappLinkWizard.tsx:534,form,,UNMAPPED,NOT_INFERRED_FROM_RENDER,Requires action-specific assertion and route/actor/flag reconciliation
ACT-S-0403,SOURCE_CONTROL_CANDIDATE,BLOCKED,shared component; caller routes need runtime reconciliation,src/components/admin/whatsapp/WhatsappLinkWizard.tsx:547,Input,,UNMAPPED,NOT_INFERRED_FROM_RENDER,Requires action-specific assertion and route/actor/flag reconciliation
ACT-S-0404,SOURCE_CONTROL_CANDIDATE,BLOCKED,shared component; caller routes need runtime reconciliation,src/components/admin/whatsapp/WhatsappLinkWizard.tsx:553,Button,,UNMAPPED,NOT_INFERRED_FROM_RENDER,Requires action-specific assertion and route/actor/flag reconciliation
ACT-S-0405,SOURCE_CONTROL_CANDIDATE,BLOCKED,shared component; caller routes need runtime reconciliation,src/components/admin/whatsapp/WhatsappLinkWizard.tsx:559,input,,UNMAPPED,NOT_INFERRED_FROM_RENDER,Requires action-specific assertion and route/actor/flag reconciliation
ACT-S-0406,SOURCE_CONTROL_CANDIDATE,BLOCKED,shared component; caller routes need runtime reconciliation,src/components/admin/whatsapp/WhatsappLinkWizard.tsx:576,button,,UNMAPPED,NOT_INFERRED_FROM_RENDER,Requires action-specific assertion and route/actor/flag reconciliation
ACT-S-0407,SOURCE_CONTROL_CANDIDATE,BLOCKED,shared component; caller routes need runtime reconciliation,src/components/admin/whatsapp/WhatsappLinkWizard.tsx:588,Button,,UNMAPPED,NOT_INFERRED_FROM_RENDER,Requires action-specific assertion and route/actor/flag reconciliation
ACT-S-0408,SOURCE_CONTROL_CANDIDATE,BLOCKED,shared component; caller routes need runtime reconciliation,src/components/admin/whatsapp/WhatsappLinkWizard.tsx:606,Button,,UNMAPPED,NOT_INFERRED_FROM_RENDER,Requires action-specific assertion and route/actor/flag reconciliation
ACT-S-0409,SOURCE_CONTROL_CANDIDATE,BLOCKED,shared component; caller routes need runtime reconciliation,src/components/admin/whatsapp/WhatsappLinkWizard.tsx:626,input,,UNMAPPED,NOT_INFERRED_FROM_RENDER,Requires action-specific assertion and route/actor/flag reconciliation
ACT-S-0410,SOURCE_CONTROL_CANDIDATE,BLOCKED,shared component; caller routes need runtime reconciliation,src/components/admin/whatsapp/WhatsappLinkWizard.tsx:652,Input,,UNMAPPED,NOT_INFERRED_FROM_RENDER,Requires action-specific assertion and route/actor/flag reconciliation
ACT-S-0411,SOURCE_CONTROL_CANDIDATE,BLOCKED,shared component; caller routes need runtime reconciliation,src/components/admin/whatsapp/WhatsappLinkWizard.tsx:690,select,,UNMAPPED,NOT_INFERRED_FROM_RENDER,Requires action-specific assertion and route/actor/flag reconciliation
ACT-S-0412,SOURCE_CONTROL_CANDIDATE,BLOCKED,shared component; caller routes need runtime reconciliation,src/components/admin/whatsapp/WhatsappLinkWizard.tsx:707,Input,,UNMAPPED,NOT_INFERRED_FROM_RENDER,Requires action-specific assertion and route/actor/flag reconciliation
ACT-S-0413,SOURCE_CONTROL_CANDIDATE,BLOCKED,shared component; caller routes need runtime reconciliation,src/components/admin/whatsapp/WhatsappLinkWizard.tsx:721,input,,ACTION_ASSERTION_LOCAL_PARTIAL,LOCAL_PARTIAL,0927bd4 local72browser/8ownedSQL;19 overlapping controls;0388synthetic clipboard and0433normal50+10 continuation operated;trueAuth/fullroles/flags/combined/nativeclipboard pending;see link-bulk-copy-continuation-action-execution.csv.
ACT-S-0414,SOURCE_CONTROL_CANDIDATE,BLOCKED,shared component; caller routes need runtime reconciliation,src/components/admin/whatsapp/WhatsappLinkWizard.tsx:730,Button,,UNMAPPED,NOT_INFERRED_FROM_RENDER,Requires action-specific assertion and route/actor/flag reconciliation
ACT-S-0415,SOURCE_CONTROL_CANDIDATE,BLOCKED,shared component; caller routes need runtime reconciliation,src/components/admin/whatsapp/WhatsappLinkWizard.tsx:733,Button,,ACTION_ASSERTION_LOCAL_PARTIAL,LOCAL_PARTIAL,0927bd4 local72browser/8ownedSQL;19 overlapping controls;0388synthetic clipboard and0433normal50+10 continuation operated;trueAuth/fullroles/flags/combined/nativeclipboard pending;see link-bulk-copy-continuation-action-execution.csv.
ACT-S-0416,SOURCE_CONTROL_CANDIDATE,BLOCKED,shared component; caller routes need runtime reconciliation,src/components/admin/whatsapp/WhatsappLinkWizard.tsx:747,select,,UNMAPPED,NOT_INFERRED_FROM_RENDER,Requires action-specific assertion and route/actor/flag reconciliation
ACT-S-0417,SOURCE_CONTROL_CANDIDATE,BLOCKED,shared component; caller routes need runtime reconciliation,src/components/admin/whatsapp/WhatsappLinkWizard.tsx:773,select,,UNMAPPED,NOT_INFERRED_FROM_RENDER,Requires action-specific assertion and route/actor/flag reconciliation
ACT-S-0418,SOURCE_CONTROL_CANDIDATE,BLOCKED,shared component; caller routes need runtime reconciliation,src/components/admin/whatsapp/WhatsappLinkWizard.tsx:794,select,,UNMAPPED,NOT_INFERRED_FROM_RENDER,Requires action-specific assertion and route/actor/flag reconciliation
ACT-S-0419,SOURCE_CONTROL_CANDIDATE,BLOCKED,shared component; caller routes need runtime reconciliation,src/components/admin/whatsapp/WhatsappLinkWizard.tsx:823,Button,,UNMAPPED,NOT_INFERRED_FROM_RENDER,Requires action-specific assertion and route/actor/flag reconciliation
ACT-S-0420,SOURCE_CONTROL_CANDIDATE,BLOCKED,shared component; caller routes need runtime reconciliation,src/components/admin/whatsapp/WhatsappLinkWizard.tsx:826,Button,,ACTION_ASSERTION_LOCAL_PARTIAL,LOCAL_PARTIAL,0927bd4 local72browser/8ownedSQL;19 overlapping controls;0388synthetic clipboard and0433normal50+10 continuation operated;trueAuth/fullroles/flags/combined/nativeclipboard pending;see link-bulk-copy-continuation-action-execution.csv.
ACT-S-0421,SOURCE_CONTROL_CANDIDATE,BLOCKED,shared component; caller routes need runtime reconciliation,src/components/admin/whatsapp/WhatsappLinkWizard.tsx:863,input,,UNMAPPED,NOT_INFERRED_FROM_RENDER,Requires action-specific assertion and route/actor/flag reconciliation
ACT-S-0422,SOURCE_CONTROL_CANDIDATE,BLOCKED,shared component; caller routes need runtime reconciliation,src/components/admin/whatsapp/WhatsappLinkWizard.tsx:880,Input,,ACTION_ASSERTION_LOCAL_PARTIAL,LOCAL_PARTIAL,0927bd4 local72browser/8ownedSQL;19 overlapping controls;0388synthetic clipboard and0433normal50+10 continuation operated;trueAuth/fullroles/flags/combined/nativeclipboard pending;see link-bulk-copy-continuation-action-execution.csv.
ACT-S-0423,SOURCE_CONTROL_CANDIDATE,BLOCKED,shared component; caller routes need runtime reconciliation,src/components/admin/whatsapp/WhatsappLinkWizard.tsx:890,select,,ACTION_ASSERTION_LOCAL_PARTIAL,LOCAL_PARTIAL,0927bd4 local72browser/8ownedSQL;19 overlapping controls;0388synthetic clipboard and0433normal50+10 continuation operated;trueAuth/fullroles/flags/combined/nativeclipboard pending;see link-bulk-copy-continuation-action-execution.csv.
ACT-S-0424,SOURCE_CONTROL_CANDIDATE,BLOCKED,shared component; caller routes need runtime reconciliation,src/components/admin/whatsapp/WhatsappLinkWizard.tsx:907,select,,ACTION_ASSERTION_LOCAL_PARTIAL,LOCAL_PARTIAL,0927bd4 local72browser/8ownedSQL;19 overlapping controls;0388synthetic clipboard and0433normal50+10 continuation operated;trueAuth/fullroles/flags/combined/nativeclipboard pending;see link-bulk-copy-continuation-action-execution.csv.
ACT-S-0425,SOURCE_CONTROL_CANDIDATE,BLOCKED,shared component; caller routes need runtime reconciliation,src/components/admin/whatsapp/WhatsappLinkWizard.tsx:928,input,,ACTION_ASSERTION_LOCAL_PARTIAL,LOCAL_PARTIAL,0927bd4 local72browser/8ownedSQL;19 overlapping controls;0388synthetic clipboard and0433normal50+10 continuation operated;trueAuth/fullroles/flags/combined/nativeclipboard pending;see link-bulk-copy-continuation-action-execution.csv.
ACT-S-0426,SOURCE_CONTROL_CANDIDATE,BLOCKED,shared component; caller routes need runtime reconciliation,src/components/admin/whatsapp/WhatsappLinkWizard.tsx:954,Button,,UNMAPPED,NOT_INFERRED_FROM_RENDER,Requires action-specific assertion and route/actor/flag reconciliation
ACT-S-0427,SOURCE_CONTROL_CANDIDATE,BLOCKED,shared component; caller routes need runtime reconciliation,src/components/admin/whatsapp/WhatsappLinkWizard.tsx:957,Button,,UNMAPPED,NOT_INFERRED_FROM_RENDER,Requires action-specific assertion and route/actor/flag reconciliation
ACT-S-0428,SOURCE_CONTROL_CANDIDATE,BLOCKED,shared component; caller routes need runtime reconciliation,src/components/admin/whatsapp/WhatsappLinkWizard.tsx:964,Button,,ACTION_ASSERTION_LOCAL_PARTIAL,LOCAL_PARTIAL,0927bd4 local72browser/8ownedSQL;19 overlapping controls;0388synthetic clipboard and0433normal50+10 continuation operated;trueAuth/fullroles/flags/combined/nativeclipboard pending;see link-bulk-copy-continuation-action-execution.csv.
ACT-S-0429,SOURCE_CONTROL_CANDIDATE,BLOCKED,shared component; caller routes need runtime reconciliation,src/components/admin/whatsapp/WhatsappLinkWizard.tsx:979,input,,ACTION_ASSERTION_LOCAL_PARTIAL,LOCAL_PARTIAL,0927bd4 local72browser/8ownedSQL;19 overlapping controls;0388synthetic clipboard and0433normal50+10 continuation operated;trueAuth/fullroles/flags/combined/nativeclipboard pending;see link-bulk-copy-continuation-action-execution.csv.
ACT-S-0430,SOURCE_CONTROL_CANDIDATE,BLOCKED,shared component; caller routes need runtime reconciliation,src/components/admin/whatsapp/WhatsappLinkWizard.tsx:986,Button,,ACTION_ASSERTION_LOCAL_PARTIAL,LOCAL_PARTIAL,0927bd4 local72browser/8ownedSQL;19 overlapping controls;0388synthetic clipboard and0433normal50+10 continuation operated;trueAuth/fullroles/flags/combined/nativeclipboard pending;see link-bulk-copy-continuation-action-execution.csv.
ACT-S-0431,SOURCE_CONTROL_CANDIDATE,BLOCKED,shared component; caller routes need runtime reconciliation,src/components/admin/whatsapp/WhatsappLinkWizard.tsx:994,Button,,ACTION_ASSERTION_LOCAL_PARTIAL,LOCAL_PARTIAL,0927bd4 local72browser/8ownedSQL;19 overlapping controls;0388synthetic clipboard and0433normal50+10 continuation operated;trueAuth/fullroles/flags/combined/nativeclipboard pending;see link-bulk-copy-continuation-action-execution.csv.
ACT-S-0432,SOURCE_CONTROL_CANDIDATE,BLOCKED,shared component; caller routes need runtime reconciliation,src/components/admin/whatsapp/WhatsappLinkWizard.tsx:1006,Button,,ACTION_ASSERTION_LOCAL_PARTIAL,LOCAL_PARTIAL,0927bd4 local72browser/8ownedSQL;19 overlapping controls;0388synthetic clipboard and0433normal50+10 continuation operated;trueAuth/fullroles/flags/combined/nativeclipboard pending;see link-bulk-copy-continuation-action-execution.csv.
ACT-S-0433,SOURCE_CONTROL_CANDIDATE,BLOCKED,shared component; caller routes need runtime reconciliation,src/components/admin/whatsapp/WhatsappLinkWizard.tsx:1010,Button,,ACTION_ASSERTION_LOCAL_PARTIAL,LOCAL_PARTIAL,0927bd4 local72browser/8ownedSQL;19 overlapping controls;0388synthetic clipboard and0433normal50+10 continuation operated;trueAuth/fullroles/flags/combined/nativeclipboard pending;see link-bulk-copy-continuation-action-execution.csv.
ACT-S-0434,SOURCE_CONTROL_CANDIDATE,BLOCKED,shared component; caller routes need runtime reconciliation,src/components/admin/whatsapp/WhatsappLinkWizard.tsx:1018,Button,,ACTION_ASSERTION_LOCAL_PARTIAL,LOCAL_PARTIAL,0927bd4 local72browser/8ownedSQL;19 overlapping controls;0388synthetic clipboard and0433normal50+10 continuation operated;trueAuth/fullroles/flags/combined/nativeclipboard pending;see link-bulk-copy-continuation-action-execution.csv.
ACT-S-0435,SOURCE_CONTROL_CANDIDATE,BLOCKED,shared component; caller routes need runtime reconciliation,src/components/admin/whatsapp/WhatsappLinkWizard.tsx:1035,Button,,ACTION_ASSERTION_LOCAL_PARTIAL,LOCAL_PARTIAL,0927bd4 local72browser/8ownedSQL;19 overlapping controls;0388synthetic clipboard and0433normal50+10 continuation operated;trueAuth/fullroles/flags/combined/nativeclipboard pending;see link-bulk-copy-continuation-action-execution.csv.
ACT-S-0436,SOURCE_CONTROL_CANDIDATE,BLOCKED,shared component; caller routes need runtime reconciliation,src/components/admin/whatsapp/WhatsappLinksTable.tsx:178,form,,UNMAPPED,NOT_INFERRED_FROM_RENDER,Requires action-specific assertion and route/actor/flag reconciliation
ACT-S-0437,SOURCE_CONTROL_CANDIDATE,BLOCKED,shared component; caller routes need runtime reconciliation,src/components/admin/whatsapp/WhatsappLinksTable.tsx:185,Input,,UNMAPPED,NOT_INFERRED_FROM_RENDER,Requires action-specific assertion and route/actor/flag reconciliation
ACT-S-0438,SOURCE_CONTROL_CANDIDATE,BLOCKED,shared component; caller routes need runtime reconciliation,src/components/admin/whatsapp/WhatsappLinksTable.tsx:191,Button,,UNMAPPED,NOT_INFERRED_FROM_RENDER,Requires action-specific assertion and route/actor/flag reconciliation
ACT-S-0439,SOURCE_CONTROL_CANDIDATE,BLOCKED,shared component; caller routes need runtime reconciliation,src/components/admin/whatsapp/WhatsappLinksTable.tsx:195,select,,UNMAPPED,NOT_INFERRED_FROM_RENDER,Requires action-specific assertion and route/actor/flag reconciliation
ACT-S-0440,SOURCE_CONTROL_CANDIDATE,BLOCKED,shared component; caller routes need runtime reconciliation,src/components/admin/whatsapp/WhatsappLinksTable.tsx:216,select,,UNMAPPED,NOT_INFERRED_FROM_RENDER,Requires action-specific assertion and route/actor/flag reconciliation
ACT-S-0441,SOURCE_CONTROL_CANDIDATE,BLOCKED,shared component; caller routes need runtime reconciliation,src/components/admin/whatsapp/WhatsappLinksTable.tsx:233,select,,UNMAPPED,NOT_INFERRED_FROM_RENDER,Requires action-specific assertion and route/actor/flag reconciliation
ACT-S-0442,SOURCE_CONTROL_CANDIDATE,BLOCKED,shared component; caller routes need runtime reconciliation,src/components/admin/whatsapp/WhatsappLinksTable.tsx:250,select,,UNMAPPED,NOT_INFERRED_FROM_RENDER,Requires action-specific assertion and route/actor/flag reconciliation
ACT-S-0443,SOURCE_CONTROL_CANDIDATE,BLOCKED,shared component; caller routes need runtime reconciliation,src/components/admin/whatsapp/WhatsappLinksTable.tsx:266,button,,UNMAPPED,NOT_INFERRED_FROM_RENDER,Requires action-specific assertion and route/actor/flag reconciliation
ACT-S-0444,SOURCE_CONTROL_CANDIDATE,BLOCKED,shared component; caller routes need runtime reconciliation,src/components/admin/whatsapp/WhatsappLinksTable.tsx:279,Input,,UNMAPPED,NOT_INFERRED_FROM_RENDER,Requires action-specific assertion and route/actor/flag reconciliation
ACT-S-0445,SOURCE_CONTROL_CANDIDATE,BLOCKED,shared component; caller routes need runtime reconciliation,src/components/admin/whatsapp/WhatsappLinksTable.tsx:286,Button,,UNMAPPED,NOT_INFERRED_FROM_RENDER,Requires action-specific assertion and route/actor/flag reconciliation
ACT-S-0446,SOURCE_CONTROL_CANDIDATE,BLOCKED,shared component; caller routes need runtime reconciliation,src/components/admin/whatsapp/WhatsappLinksTable.tsx:293,Button,,UNMAPPED,NOT_INFERRED_FROM_RENDER,Requires action-specific assertion and route/actor/flag reconciliation
ACT-S-0447,SOURCE_CONTROL_CANDIDATE,BLOCKED,shared component; caller routes need runtime reconciliation,src/components/admin/whatsapp/WhatsappLinksTable.tsx:309,input,,UNMAPPED,NOT_INFERRED_FROM_RENDER,Requires action-specific assertion and route/actor/flag reconciliation
ACT-S-0448,SOURCE_CONTROL_CANDIDATE,BLOCKED,shared component; caller routes need runtime reconciliation,src/components/admin/whatsapp/WhatsappLinksTable.tsx:348,Button,,UNMAPPED,NOT_INFERRED_FROM_RENDER,Requires action-specific assertion and route/actor/flag reconciliation
ACT-S-0449,SOURCE_CONTROL_CANDIDATE,BLOCKED,shared component; caller routes need runtime reconciliation,src/components/admin/whatsapp/WhatsappLinksTable.tsx:351,Button,,UNMAPPED,NOT_INFERRED_FROM_RENDER,Requires action-specific assertion and route/actor/flag reconciliation
ACT-S-0450,SOURCE_CONTROL_CANDIDATE,BLOCKED,shared component; caller routes need runtime reconciliation,src/components/admin/whatsapp/WhatsappLinksTable.tsx:363,Button,,UNMAPPED,NOT_INFERRED_FROM_RENDER,Requires action-specific assertion and route/actor/flag reconciliation
ACT-S-0451,SOURCE_CONTROL_CANDIDATE,BLOCKED,shared component; caller routes need runtime reconciliation,src/components/admin/whatsapp/WhatsappLinksTable.tsx:376,Button,,UNMAPPED,NOT_INFERRED_FROM_RENDER,Requires action-specific assertion and route/actor/flag reconciliation
ACT-S-0452,SOURCE_CONTROL_CANDIDATE,BLOCKED,shared component; caller routes need runtime reconciliation,src/components/admin/whatsapp/WhatsappLinksTable.tsx:391,Button,,UNMAPPED,NOT_INFERRED_FROM_RENDER,Requires action-specific assertion and route/actor/flag reconciliation
ACT-S-0453,SOURCE_CONTROL_CANDIDATE,BLOCKED,shared component; caller routes need runtime reconciliation,src/components/admin/whatsapp/WhatsappLinksTable.tsx:417,select,,UNMAPPED,NOT_INFERRED_FROM_RENDER,Requires action-specific assertion and route/actor/flag reconciliation
ACT-S-0454,SOURCE_CONTROL_CANDIDATE,BLOCKED,shared component; caller routes need runtime reconciliation,src/components/admin/whatsapp/WhatsappLinksTable.tsx:431,input,,UNMAPPED,NOT_INFERRED_FROM_RENDER,Requires action-specific assertion and route/actor/flag reconciliation
ACT-S-0455,SOURCE_CONTROL_CANDIDATE,BLOCKED,shared component; caller routes need runtime reconciliation,src/components/admin/whatsapp/WhatsappLinksTable.tsx:439,Button,,UNMAPPED,NOT_INFERRED_FROM_RENDER,Requires action-specific assertion and route/actor/flag reconciliation
ACT-S-0456,SOURCE_CONTROL_CANDIDATE,BLOCKED,shared component; caller routes need runtime reconciliation,src/components/admin/whatsapp/WhatsappLinksTable.tsx:442,Button,,UNMAPPED,NOT_INFERRED_FROM_RENDER,Requires action-specific assertion and route/actor/flag reconciliation
ACT-S-0457,SOURCE_CONTROL_CANDIDATE,NOT_TESTED,shared component; caller routes need runtime reconciliation,src/components/dashboard/ImageUploader.tsx:122,Button,,UNMAPPED,NOT_INFERRED_FROM_RENDER,Requires action-specific assertion and route/actor/flag reconciliation
ACT-S-0458,SOURCE_CONTROL_CANDIDATE,NOT_TESTED,shared component; caller routes need runtime reconciliation,src/components/dashboard/ImageUploader.tsx:140,Input,,UNMAPPED,NOT_INFERRED_FROM_RENDER,Requires action-specific assertion and route/actor/flag reconciliation
ACT-S-0459,SOURCE_CONTROL_CANDIDATE,NOT_TESTED,shared component; caller routes need runtime reconciliation,src/components/dashboard/ImageUploader.tsx:168,Button,,UNMAPPED,NOT_INFERRED_FROM_RENDER,Requires action-specific assertion and route/actor/flag reconciliation
ACT-S-0460,SOURCE_CONTROL_CANDIDATE,NOT_TESTED,shared component; caller routes need runtime reconciliation,src/components/dashboard/ImageUploader.tsx:176,Button,,UNMAPPED,NOT_INFERRED_FROM_RENDER,Requires action-specific assertion and route/actor/flag reconciliation
ACT-S-0461,SOURCE_CONTROL_CANDIDATE,NOT_TESTED,shared component; caller routes need runtime reconciliation,src/components/dashboard/ImageUploader.tsx:186,li,,UNMAPPED,NOT_INFERRED_FROM_RENDER,Requires action-specific assertion and route/actor/flag reconciliation
ACT-S-0462,SOURCE_CONTROL_CANDIDATE,NOT_TESTED,shared component; caller routes need runtime reconciliation,src/components/dashboard/ImageUploader.tsx:211,button,,UNMAPPED,NOT_INFERRED_FROM_RENDER,Requires action-specific assertion and route/actor/flag reconciliation
ACT-S-0463,SOURCE_CONTROL_CANDIDATE,NOT_TESTED,shared component; caller routes need runtime reconciliation,src/components/dashboard/ImageUploader.tsx:226,button,,UNMAPPED,NOT_INFERRED_FROM_RENDER,Requires action-specific assertion and route/actor/flag reconciliation
ACT-S-0464,SOURCE_CONTROL_CANDIDATE,NOT_TESTED,shared component; caller routes need runtime reconciliation,src/components/dashboard/ImageUploader.tsx:235,button,,UNMAPPED,NOT_INFERRED_FROM_RENDER,Requires action-specific assertion and route/actor/flag reconciliation
ACT-S-0465,SOURCE_CONTROL_CANDIDATE,NOT_TESTED,shared component; caller routes need runtime reconciliation,src/components/dashboard/PropertyForm.tsx:290,form,,UNMAPPED,NOT_INFERRED_FROM_RENDER,Requires action-specific assertion and route/actor/flag reconciliation
ACT-S-0466,SOURCE_CONTROL_CANDIDATE,NOT_TESTED,shared component; caller routes need runtime reconciliation,src/components/dashboard/PropertyForm.tsx:294,Input,,UNMAPPED,NOT_INFERRED_FROM_RENDER,Requires action-specific assertion and route/actor/flag reconciliation
ACT-S-0467,SOURCE_CONTROL_CANDIDATE,NOT_TESTED,shared component; caller routes need runtime reconciliation,src/components/dashboard/PropertyForm.tsx:304,Input,,UNMAPPED,NOT_INFERRED_FROM_RENDER,Requires action-specific assertion and route/actor/flag reconciliation
ACT-S-0468,SOURCE_CONTROL_CANDIDATE,NOT_TESTED,shared component; caller routes need runtime reconciliation,src/components/dashboard/PropertyForm.tsx:314,Select,,UNMAPPED,NOT_INFERRED_FROM_RENDER,Requires action-specific assertion and route/actor/flag reconciliation
ACT-S-0469,SOURCE_CONTROL_CANDIDATE,NOT_TESTED,shared component; caller routes need runtime reconciliation,src/components/dashboard/PropertyForm.tsx:328,Select,,UNMAPPED,NOT_INFERRED_FROM_RENDER,Requires action-specific assertion and route/actor/flag reconciliation
ACT-S-0470,SOURCE_CONTROL_CANDIDATE,NOT_TESTED,shared component; caller routes need runtime reconciliation,src/components/dashboard/PropertyForm.tsx:342,Select,,UNMAPPED,NOT_INFERRED_FROM_RENDER,Requires action-specific assertion and route/actor/flag reconciliation
ACT-S-0471,SOURCE_CONTROL_CANDIDATE,NOT_TESTED,shared component; caller routes need runtime reconciliation,src/components/dashboard/PropertyForm.tsx:364,Select,,UNMAPPED,NOT_INFERRED_FROM_RENDER,Requires action-specific assertion and route/actor/flag reconciliation
ACT-S-0472,SOURCE_CONTROL_CANDIDATE,NOT_TESTED,shared component; caller routes need runtime reconciliation,src/components/dashboard/PropertyForm.tsx:387,Input,,UNMAPPED,NOT_INFERRED_FROM_RENDER,Requires action-specific assertion and route/actor/flag reconciliation
ACT-S-0473,SOURCE_CONTROL_CANDIDATE,NOT_TESTED,shared component; caller routes need runtime reconciliation,src/components/dashboard/PropertyForm.tsx:397,Input,,UNMAPPED,NOT_INFERRED_FROM_RENDER,Requires action-specific assertion and route/actor/flag reconciliation
ACT-S-0474,SOURCE_CONTROL_CANDIDATE,NOT_TESTED,shared component; caller routes need runtime reconciliation,src/components/dashboard/PropertyForm.tsx:409,Input,,UNMAPPED,NOT_INFERRED_FROM_RENDER,Requires action-specific assertion and route/actor/flag reconciliation
ACT-S-0475,SOURCE_CONTROL_CANDIDATE,NOT_TESTED,shared component; caller routes need runtime reconciliation,src/components/dashboard/PropertyForm.tsx:419,Input,,UNMAPPED,NOT_INFERRED_FROM_RENDER,Requires action-specific assertion and route/actor/flag reconciliation
ACT-S-0476,SOURCE_CONTROL_CANDIDATE,NOT_TESTED,shared component; caller routes need runtime reconciliation,src/components/dashboard/PropertyForm.tsx:429,Input,,UNMAPPED,NOT_INFERRED_FROM_RENDER,Requires action-specific assertion and route/actor/flag reconciliation
ACT-S-0477,SOURCE_CONTROL_CANDIDATE,NOT_TESTED,shared component; caller routes need runtime reconciliation,src/components/dashboard/PropertyForm.tsx:439,Input,,UNMAPPED,NOT_INFERRED_FROM_RENDER,Requires action-specific assertion and route/actor/flag reconciliation
ACT-S-0478,SOURCE_CONTROL_CANDIDATE,NOT_TESTED,shared component; caller routes need runtime reconciliation,src/components/dashboard/PropertyForm.tsx:448,Input,,UNMAPPED,NOT_INFERRED_FROM_RENDER,Requires action-specific assertion and route/actor/flag reconciliation
ACT-S-0479,SOURCE_CONTROL_CANDIDATE,NOT_TESTED,shared component; caller routes need runtime reconciliation,src/components/dashboard/PropertyForm.tsx:459,Input,,UNMAPPED,NOT_INFERRED_FROM_RENDER,Requires action-specific assertion and route/actor/flag reconciliation
ACT-S-0480,SOURCE_CONTROL_CANDIDATE,NOT_TESTED,shared component; caller routes need runtime reconciliation,src/components/dashboard/PropertyForm.tsx:473,Textarea,,UNMAPPED,NOT_INFERRED_FROM_RENDER,Requires action-specific assertion and route/actor/flag reconciliation
ACT-S-0481,SOURCE_CONTROL_CANDIDATE,NOT_TESTED,shared component; caller routes need runtime reconciliation,src/components/dashboard/PropertyForm.tsx:483,Input,,UNMAPPED,NOT_INFERRED_FROM_RENDER,Requires action-specific assertion and route/actor/flag reconciliation
ACT-S-0482,SOURCE_CONTROL_CANDIDATE,NOT_TESTED,shared component; caller routes need runtime reconciliation,src/components/dashboard/PropertyForm.tsx:494,Input,,UNMAPPED,NOT_INFERRED_FROM_RENDER,Requires action-specific assertion and route/actor/flag reconciliation
ACT-S-0483,SOURCE_CONTROL_CANDIDATE,NOT_TESTED,shared component; caller routes need runtime reconciliation,src/components/dashboard/PropertyForm.tsx:503,Textarea,,UNMAPPED,NOT_INFERRED_FROM_RENDER,Requires action-specific assertion and route/actor/flag reconciliation
ACT-S-0484,SOURCE_CONTROL_CANDIDATE,NOT_TESTED,shared component; caller routes need runtime reconciliation,src/components/dashboard/PropertyForm.tsx:513,Input,,UNMAPPED,NOT_INFERRED_FROM_RENDER,Requires action-specific assertion and route/actor/flag reconciliation
ACT-S-0485,SOURCE_CONTROL_CANDIDATE,NOT_TESTED,shared component; caller routes need runtime reconciliation,src/components/dashboard/PropertyForm.tsx:522,Textarea,,UNMAPPED,NOT_INFERRED_FROM_RENDER,Requires action-specific assertion and route/actor/flag reconciliation
ACT-S-0486,SOURCE_CONTROL_CANDIDATE,NOT_TESTED,shared component; caller routes need runtime reconciliation,src/components/dashboard/PropertyForm.tsx:534,ImageUploader,,UNMAPPED,NOT_INFERRED_FROM_RENDER,Requires action-specific assertion and route/actor/flag reconciliation
ACT-S-0487,SOURCE_CONTROL_CANDIDATE,NOT_TESTED,shared component; caller routes need runtime reconciliation,src/components/dashboard/PropertyForm.tsx:543,Switch,,UNMAPPED,NOT_INFERRED_FROM_RENDER,Requires action-specific assertion and route/actor/flag reconciliation
ACT-S-0488,SOURCE_CONTROL_CANDIDATE,NOT_TESTED,shared component; caller routes need runtime reconciliation,src/components/dashboard/PropertyForm.tsx:553,AdminContentCopilot,,UNMAPPED,NOT_INFERRED_FROM_RENDER,Requires action-specific assertion and route/actor/flag reconciliation
ACT-S-0489,SOURCE_CONTROL_CANDIDATE,NOT_TESTED,shared component; caller routes need runtime reconciliation,src/components/dashboard/PropertyForm.tsx:573,Button,,UNMAPPED,NOT_INFERRED_FROM_RENDER,Requires action-specific assertion and route/actor/flag reconciliation
ACT-S-0490,SOURCE_CONTROL_CANDIDATE,NOT_TESTED,shared component; caller routes need runtime reconciliation,src/components/dashboard/TransactionForm.tsx:187,form,,UNMAPPED,NOT_INFERRED_FROM_RENDER,Requires action-specific assertion and route/actor/flag reconciliation
ACT-S-0491,SOURCE_CONTROL_CANDIDATE,NOT_TESTED,shared component; caller routes need runtime reconciliation,src/components/dashboard/TransactionForm.tsx:190,Select,,UNMAPPED,NOT_INFERRED_FROM_RENDER,Requires action-specific assertion and route/actor/flag reconciliation
ACT-S-0492,SOURCE_CONTROL_CANDIDATE,NOT_TESTED,shared component; caller routes need runtime reconciliation,src/components/dashboard/TransactionForm.tsx:204,Select,,UNMAPPED,NOT_INFERRED_FROM_RENDER,Requires action-specific assertion and route/actor/flag reconciliation
ACT-S-0493,SOURCE_CONTROL_CANDIDATE,NOT_TESTED,shared component; caller routes need runtime reconciliation,src/components/dashboard/TransactionForm.tsx:222,Input,,UNMAPPED,NOT_INFERRED_FROM_RENDER,Requires action-specific assertion and route/actor/flag reconciliation
ACT-S-0494,SOURCE_CONTROL_CANDIDATE,NOT_TESTED,shared component; caller routes need runtime reconciliation,src/components/dashboard/TransactionForm.tsx:233,Input,,UNMAPPED,NOT_INFERRED_FROM_RENDER,Requires action-specific assertion and route/actor/flag reconciliation
ACT-S-0495,SOURCE_CONTROL_CANDIDATE,NOT_TESTED,shared component; caller routes need runtime reconciliation,src/components/dashboard/TransactionForm.tsx:244,Input,,UNMAPPED,NOT_INFERRED_FROM_RENDER,Requires action-specific assertion and route/actor/flag reconciliation
ACT-S-0496,SOURCE_CONTROL_CANDIDATE,NOT_TESTED,shared component; caller routes need runtime reconciliation,src/components/dashboard/TransactionForm.tsx:254,Input,,UNMAPPED,NOT_INFERRED_FROM_RENDER,Requires action-specific assertion and route/actor/flag reconciliation
ACT-S-0497,SOURCE_CONTROL_CANDIDATE,NOT_TESTED,shared component; caller routes need runtime reconciliation,src/components/dashboard/TransactionForm.tsx:263,Input,,UNMAPPED,NOT_INFERRED_FROM_RENDER,Requires action-specific assertion and route/actor/flag reconciliation
ACT-S-0498,SOURCE_CONTROL_CANDIDATE,NOT_TESTED,shared component; caller routes need runtime reconciliation,src/components/dashboard/TransactionForm.tsx:272,Input,,UNMAPPED,NOT_INFERRED_FROM_RENDER,Requires action-specific assertion and route/actor/flag reconciliation
ACT-S-0499,SOURCE_CONTROL_CANDIDATE,NOT_TESTED,shared component; caller routes need runtime reconciliation,src/components/dashboard/TransactionForm.tsx:282,Input,,UNMAPPED,NOT_INFERRED_FROM_RENDER,Requires action-specific assertion and route/actor/flag reconciliation
ACT-S-0500,SOURCE_CONTROL_CANDIDATE,NOT_TESTED,shared component; caller routes need runtime reconciliation,src/components/dashboard/TransactionForm.tsx:291,Input,,UNMAPPED,NOT_INFERRED_FROM_RENDER,Requires action-specific assertion and route/actor/flag reconciliation
ACT-S-0501,SOURCE_CONTROL_CANDIDATE,NOT_TESTED,shared component; caller routes need runtime reconciliation,src/components/dashboard/TransactionForm.tsx:301,Switch,,UNMAPPED,NOT_INFERRED_FROM_RENDER,Requires action-specific assertion and route/actor/flag reconciliation
ACT-S-0502,SOURCE_CONTROL_CANDIDATE,NOT_TESTED,shared component; caller routes need runtime reconciliation,src/components/dashboard/TransactionForm.tsx:314,Switch,,UNMAPPED,NOT_INFERRED_FROM_RENDER,Requires action-specific assertion and route/actor/flag reconciliation
ACT-S-0503,SOURCE_CONTROL_CANDIDATE,NOT_TESTED,shared component; caller routes need runtime reconciliation,src/components/dashboard/TransactionForm.tsx:329,Button,,UNMAPPED,NOT_INFERRED_FROM_RENDER,Requires action-specific assertion and route/actor/flag reconciliation
ACT-S-0504,SOURCE_CONTROL_CANDIDATE,NOT_TESTED,shared component; caller routes need runtime reconciliation,src/components/layout/DataNote.tsx:28,a,,UNMAPPED,NOT_INFERRED_FROM_RENDER,Requires action-specific assertion and route/actor/flag reconciliation
ACT-S-0505,SOURCE_CONTROL_CANDIDATE,NOT_TESTED,shared component; caller routes need runtime reconciliation,src/components/live-agent/LiveAgentLauncher.tsx:12,Button,,UNMAPPED,NOT_INFERRED_FROM_RENDER,Requires action-specific assertion and route/actor/flag reconciliation
ACT-S-0506,SOURCE_CONTROL_CANDIDATE,NOT_TESTED,shared component; caller routes need runtime reconciliation,src/components/live-agent/LiveAgentWidget.tsx:143,DialogPrimitive.Root,,UNMAPPED,NOT_INFERRED_FROM_RENDER,Requires action-specific assertion and route/actor/flag reconciliation
ACT-S-0507,SOURCE_CONTROL_CANDIDATE,NOT_TESTED,shared component; caller routes need runtime reconciliation,src/components/live-agent/LiveAgentWidget.tsx:145,Button,,UNMAPPED,NOT_INFERRED_FROM_RENDER,Requires action-specific assertion and route/actor/flag reconciliation
ACT-S-0508,SOURCE_CONTROL_CANDIDATE,NOT_TESTED,shared component; caller routes need runtime reconciliation,src/components/live-agent/LiveAgentWidget.tsx:154,DialogPrimitive.Content,,UNMAPPED,NOT_INFERRED_FROM_RENDER,Requires action-specific assertion and route/actor/flag reconciliation
ACT-S-0509,SOURCE_CONTROL_CANDIDATE,NOT_TESTED,shared component; caller routes need runtime reconciliation,src/components/live-agent/LiveAgentWidget.tsx:171,Button,,UNMAPPED,NOT_INFERRED_FROM_RENDER,Requires action-specific assertion and route/actor/flag reconciliation
ACT-S-0510,SOURCE_CONTROL_CANDIDATE,NOT_TESTED,shared component; caller routes need runtime reconciliation,src/components/live-agent/LiveAgentWidget.tsx:185,Button,,UNMAPPED,NOT_INFERRED_FROM_RENDER,Requires action-specific assertion and route/actor/flag reconciliation
ACT-S-0511,SOURCE_CONTROL_CANDIDATE,NOT_TESTED,shared component; caller routes need runtime reconciliation,src/components/live-agent/LiveAgentWidget.tsx:219,Input,,UNMAPPED,NOT_INFERRED_FROM_RENDER,Requires action-specific assertion and route/actor/flag reconciliation
ACT-S-0512,SOURCE_CONTROL_CANDIDATE,NOT_TESTED,shared component; caller routes need runtime reconciliation,src/components/live-agent/LiveAgentWidget.tsx:227,Checkbox,,UNMAPPED,NOT_INFERRED_FROM_RENDER,Requires action-specific assertion and route/actor/flag reconciliation
ACT-S-0513,SOURCE_CONTROL_CANDIDATE,NOT_TESTED,shared component; caller routes need runtime reconciliation,src/components/live-agent/LiveAgentWidget.tsx:234,Button,,UNMAPPED,NOT_INFERRED_FROM_RENDER,Requires action-specific assertion and route/actor/flag reconciliation
ACT-S-0514,SOURCE_CONTROL_CANDIDATE,NOT_TESTED,shared component; caller routes need runtime reconciliation,src/components/live-agent/LiveAgentWidget.tsx:252,form,,UNMAPPED,NOT_INFERRED_FROM_RENDER,Requires action-specific assertion and route/actor/flag reconciliation
ACT-S-0515,SOURCE_CONTROL_CANDIDATE,NOT_TESTED,shared component; caller routes need runtime reconciliation,src/components/live-agent/LiveAgentWidget.tsx:259,Input,,UNMAPPED,NOT_INFERRED_FROM_RENDER,Requires action-specific assertion and route/actor/flag reconciliation
ACT-S-0516,SOURCE_CONTROL_CANDIDATE,NOT_TESTED,shared component; caller routes need runtime reconciliation,src/components/live-agent/LiveAgentWidget.tsx:267,Button,,UNMAPPED,NOT_INFERRED_FROM_RENDER,Requires action-specific assertion and route/actor/flag reconciliation
ACT-S-0517,SOURCE_CONTROL_CANDIDATE,NOT_TESTED,shared component; caller routes need runtime reconciliation,src/components/media/AppImage.tsx:64,img,,UNMAPPED,NOT_INFERRED_FROM_RENDER,Requires action-specific assertion and route/actor/flag reconciliation
ACT-S-0518,SOURCE_CONTROL_CANDIDATE,NOT_TESTED,shared component; caller routes need runtime reconciliation,src/components/property/PropertyDecisionActions.tsx:131,Button,,UNMAPPED,NOT_INFERRED_FROM_RENDER,Requires action-specific assertion and route/actor/flag reconciliation
ACT-S-0519,SOURCE_CONTROL_CANDIDATE,NOT_TESTED,shared component; caller routes need runtime reconciliation,src/components/property/PropertyDecisionActions.tsx:132,a,,UNMAPPED,NOT_INFERRED_FROM_RENDER,Requires action-specific assertion and route/actor/flag reconciliation
ACT-S-0520,SOURCE_CONTROL_CANDIDATE,NOT_TESTED,shared component; caller routes need runtime reconciliation,src/components/property/PropertyDecisionActions.tsx:137,Button,,UNMAPPED,NOT_INFERRED_FROM_RENDER,Requires action-specific assertion and route/actor/flag reconciliation
ACT-S-0521,SOURCE_CONTROL_CANDIDATE,NOT_TESTED,shared component; caller routes need runtime reconciliation,src/components/property/PropertyDecisionActions.tsx:138,a,,UNMAPPED,NOT_INFERRED_FROM_RENDER,Requires action-specific assertion and route/actor/flag reconciliation
ACT-S-0522,SOURCE_CONTROL_CANDIDATE,NOT_TESTED,shared component; caller routes need runtime reconciliation,src/components/property/PropertyDecisionActions.tsx:149,Button,,UNMAPPED,NOT_INFERRED_FROM_RENDER,Requires action-specific assertion and route/actor/flag reconciliation
ACT-S-0523,SOURCE_CONTROL_CANDIDATE,NOT_TESTED,shared component; caller routes need runtime reconciliation,src/components/property/PropertyDecisionActions.tsx:247,Button,,UNMAPPED,NOT_INFERRED_FROM_RENDER,Requires action-specific assertion and route/actor/flag reconciliation
ACT-S-0524,SOURCE_CONTROL_CANDIDATE,NOT_TESTED,shared component; caller routes need runtime reconciliation,src/components/property/PropertyDecisionActions.tsx:248,a,,UNMAPPED,NOT_INFERRED_FROM_RENDER,Requires action-specific assertion and route/actor/flag reconciliation
ACT-S-0525,SOURCE_CONTROL_CANDIDATE,NOT_TESTED,shared component; caller routes need runtime reconciliation,src/components/property/PropertyDecisionActions.tsx:253,Button,,UNMAPPED,NOT_INFERRED_FROM_RENDER,Requires action-specific assertion and route/actor/flag reconciliation
ACT-S-0526,SOURCE_CONTROL_CANDIDATE,NOT_TESTED,shared component; caller routes need runtime reconciliation,src/components/property/PropertyDecisionActions.tsx:254,a,,UNMAPPED,NOT_INFERRED_FROM_RENDER,Requires action-specific assertion and route/actor/flag reconciliation
ACT-S-0527,SOURCE_CONTROL_CANDIDATE,NOT_TESTED,shared component; caller routes need runtime reconciliation,src/components/property/PropertyDecisionActions.tsx:265,Button,,UNMAPPED,NOT_INFERRED_FROM_RENDER,Requires action-specific assertion and route/actor/flag reconciliation
ACT-S-0528,SOURCE_CONTROL_CANDIDATE,NOT_TESTED,shared component; caller routes need runtime reconciliation,src/components/property/PropertyDecisionActions.tsx:320,Button,,UNMAPPED,NOT_INFERRED_FROM_RENDER,Requires action-specific assertion and route/actor/flag reconciliation
ACT-S-0529,SOURCE_CONTROL_CANDIDATE,NOT_TESTED,shared component; caller routes need runtime reconciliation,src/components/property/PropertyDecisionActions.tsx:321,a,,UNMAPPED,NOT_INFERRED_FROM_RENDER,Requires action-specific assertion and route/actor/flag reconciliation
ACT-S-0530,SOURCE_CONTROL_CANDIDATE,NOT_TESTED,shared component; caller routes need runtime reconciliation,src/components/property/PropertyDecisionActions.tsx:335,Button,,UNMAPPED,NOT_INFERRED_FROM_RENDER,Requires action-specific assertion and route/actor/flag reconciliation
ACT-S-0531,SOURCE_CONTROL_CANDIDATE,NOT_TESTED,shared component; caller routes need runtime reconciliation,src/components/property/PropertyDecisionActions.tsx:336,a,,UNMAPPED,NOT_INFERRED_FROM_RENDER,Requires action-specific assertion and route/actor/flag reconciliation
ACT-S-0532,SOURCE_CONTROL_CANDIDATE,NOT_TESTED,shared component; caller routes need runtime reconciliation,src/components/property/PropertyDecisionActions.tsx:341,Button,,UNMAPPED,NOT_INFERRED_FROM_RENDER,Requires action-specific assertion and route/actor/flag reconciliation
ACT-S-0533,SOURCE_CONTROL_CANDIDATE,NOT_TESTED,shared component; caller routes need runtime reconciliation,src/components/property/PropertyDecisionActions.tsx:342,a,,UNMAPPED,NOT_INFERRED_FROM_RENDER,Requires action-specific assertion and route/actor/flag reconciliation
ACT-S-0534,SOURCE_CONTROL_CANDIDATE,NOT_TESTED,shared component; caller routes need runtime reconciliation,src/components/property/PropertyDecisionActions.tsx:353,Button,,UNMAPPED,NOT_INFERRED_FROM_RENDER,Requires action-specific assertion and route/actor/flag reconciliation
ACT-S-0535,SOURCE_CONTROL_CANDIDATE,NOT_TESTED,shared component; caller routes need runtime reconciliation,src/components/property/PropertyDecisionActions.tsx:354,a,,UNMAPPED,NOT_INFERRED_FROM_RENDER,Requires action-specific assertion and route/actor/flag reconciliation
ACT-S-0536,SOURCE_CONTROL_CANDIDATE,NOT_TESTED,shared component; caller routes need runtime reconciliation,src/components/site/AgentContactMedia.tsx:32,a,,UNMAPPED,NOT_INFERRED_FROM_RENDER,Requires action-specific assertion and route/actor/flag reconciliation
ACT-S-0537,SOURCE_CONTROL_CANDIDATE,NOT_TESTED,shared component; caller routes need runtime reconciliation,src/components/site/AgentContactMedia.tsx:48,Button,,UNMAPPED,NOT_INFERRED_FROM_RENDER,Requires action-specific assertion and route/actor/flag reconciliation
ACT-S-0538,SOURCE_CONTROL_CANDIDATE,NOT_TESTED,shared component; caller routes need runtime reconciliation,src/components/site/AgentContactMedia.tsx:49,a,,UNMAPPED,NOT_INFERRED_FROM_RENDER,Requires action-specific assertion and route/actor/flag reconciliation
ACT-S-0539,SOURCE_CONTROL_CANDIDATE,NOT_TESTED,shared component; caller routes need runtime reconciliation,src/components/site/AgentContactMedia.tsx:53,Button,,UNMAPPED,NOT_INFERRED_FROM_RENDER,Requires action-specific assertion and route/actor/flag reconciliation
ACT-S-0540,SOURCE_CONTROL_CANDIDATE,NOT_TESTED,shared component; caller routes need runtime reconciliation,src/components/site/AgentContactMedia.tsx:54,a,,UNMAPPED,NOT_INFERRED_FROM_RENDER,Requires action-specific assertion and route/actor/flag reconciliation
ACT-S-0541,SOURCE_CONTROL_CANDIDATE,NOT_TESTED,shared component; caller routes need runtime reconciliation,src/components/site/AgentContactMedia.tsx:69,Button,,UNMAPPED,NOT_INFERRED_FROM_RENDER,Requires action-specific assertion and route/actor/flag reconciliation
ACT-S-0542,SOURCE_CONTROL_CANDIDATE,NOT_TESTED,shared component; caller routes need runtime reconciliation,src/components/site/AgentContactMedia.tsx:70,a,,UNMAPPED,NOT_INFERRED_FROM_RENDER,Requires action-specific assertion and route/actor/flag reconciliation
ACT-S-0543,SOURCE_CONTROL_CANDIDATE,NOT_TESTED,shared component; caller routes need runtime reconciliation,src/components/site/AgentContactMedia.tsx:79,a,,UNMAPPED,NOT_INFERRED_FROM_RENDER,Requires action-specific assertion and route/actor/flag reconciliation
ACT-S-0544,SOURCE_CONTROL_CANDIDATE,NOT_TESTED,shared component; caller routes need runtime reconciliation,src/components/site/BlogEstateComparisonTable.tsx:44,Link,,UNMAPPED,NOT_INFERRED_FROM_RENDER,Requires action-specific assertion and route/actor/flag reconciliation
ACT-S-0545,SOURCE_CONTROL_CANDIDATE,NOT_TESTED,shared component; caller routes need runtime reconciliation,src/components/site/CorridorInventory.tsx:28,Link,,UNMAPPED,NOT_INFERRED_FROM_RENDER,Requires action-specific assertion and route/actor/flag reconciliation
ACT-S-0546,SOURCE_CONTROL_CANDIDATE,NOT_TESTED,shared component; caller routes need runtime reconciliation,src/components/site/CorridorInventory.tsx:140,Link,,UNMAPPED,NOT_INFERRED_FROM_RENDER,Requires action-specific assertion and route/actor/flag reconciliation
ACT-S-0547,SOURCE_CONTROL_CANDIDATE,NOT_TESTED,shared component; caller routes need runtime reconciliation,src/components/site/CorridorInventory.tsx:170,Button,,UNMAPPED,NOT_INFERRED_FROM_RENDER,Requires action-specific assertion and route/actor/flag reconciliation
ACT-S-0548,SOURCE_CONTROL_CANDIDATE,NOT_TESTED,shared component; caller routes need runtime reconciliation,src/components/site/CorridorInventory.tsx:171,Link,,UNMAPPED,NOT_INFERRED_FROM_RENDER,Requires action-specific assertion and route/actor/flag reconciliation
ACT-S-0549,SOURCE_CONTROL_CANDIDATE,NOT_TESTED,shared component; caller routes need runtime reconciliation,src/components/site/CorridorInventory.tsx:175,Button,,UNMAPPED,NOT_INFERRED_FROM_RENDER,Requires action-specific assertion and route/actor/flag reconciliation
ACT-S-0550,SOURCE_CONTROL_CANDIDATE,NOT_TESTED,shared component; caller routes need runtime reconciliation,src/components/site/CorridorInventory.tsx:176,a,,UNMAPPED,NOT_INFERRED_FROM_RENDER,Requires action-specific assertion and route/actor/flag reconciliation
ACT-S-0551,SOURCE_CONTROL_CANDIDATE,NOT_TESTED,shared component; caller routes need runtime reconciliation,src/components/site/EstateComparisonTable.tsx:58,Link,,UNMAPPED,NOT_INFERRED_FROM_RENDER,Requires action-specific assertion and route/actor/flag reconciliation
ACT-S-0552,SOURCE_CONTROL_CANDIDATE,NOT_TESTED,shared component; caller routes need runtime reconciliation,src/components/site/EstateDirectory.tsx:59,SiteLink,,UNMAPPED,NOT_INFERRED_FROM_RENDER,Requires action-specific assertion and route/actor/flag reconciliation
ACT-S-0553,SOURCE_CONTROL_CANDIDATE,NOT_TESTED,shared component; caller routes need runtime reconciliation,src/components/site/EstateDirectory.tsx:70,SiteLink,,UNMAPPED,NOT_INFERRED_FROM_RENDER,Requires action-specific assertion and route/actor/flag reconciliation
ACT-S-0554,SOURCE_CONTROL_CANDIDATE,NOT_TESTED,shared component; caller routes need runtime reconciliation,src/components/site/EstateDirectory.tsx:100,input,,UNMAPPED,NOT_INFERRED_FROM_RENDER,Requires action-specific assertion and route/actor/flag reconciliation
ACT-S-0555,SOURCE_CONTROL_CANDIDATE,NOT_TESTED,shared component; caller routes need runtime reconciliation,src/components/site/EstateDirectory.tsx:117,SiteLink,,UNMAPPED,NOT_INFERRED_FROM_RENDER,Requires action-specific assertion and route/actor/flag reconciliation
ACT-S-0556,SOURCE_CONTROL_CANDIDATE,NOT_TESTED,shared component; caller routes need runtime reconciliation,src/components/site/EstateDirectory.tsx:131,button,,UNMAPPED,NOT_INFERRED_FROM_RENDER,Requires action-specific assertion and route/actor/flag reconciliation
ACT-S-0557,SOURCE_CONTROL_CANDIDATE,NOT_TESTED,shared component; caller routes need runtime reconciliation,src/components/site/EstateDirectory.tsx:152,button,,UNMAPPED,NOT_INFERRED_FROM_RENDER,Requires action-specific assertion and route/actor/flag reconciliation
ACT-S-0558,SOURCE_CONTROL_CANDIDATE,NOT_TESTED,shared component; caller routes need runtime reconciliation,src/components/site/EstateDirectory.tsx:198,SiteLink,,UNMAPPED,NOT_INFERRED_FROM_RENDER,Requires action-specific assertion and route/actor/flag reconciliation
ACT-S-0559,SOURCE_CONTROL_CANDIDATE,NOT_TESTED,shared component; caller routes need runtime reconciliation,src/components/site/EstateDirectory.tsx:205,SiteLink,,UNMAPPED,NOT_INFERRED_FROM_RENDER,Requires action-specific assertion and route/actor/flag reconciliation
ACT-S-0560,SOURCE_CONTROL_CANDIDATE,NOT_TESTED,shared component; caller routes need runtime reconciliation,src/components/site/EstateGroupGrid.tsx:112,Link,,UNMAPPED,NOT_INFERRED_FROM_RENDER,Requires action-specific assertion and route/actor/flag reconciliation
ACT-S-0561,SOURCE_CONTROL_CANDIDATE,NOT_TESTED,shared component; caller routes need runtime reconciliation,src/components/site/EstateGroupGrid.tsx:201,a,,UNMAPPED,NOT_INFERRED_FROM_RENDER,Requires action-specific assertion and route/actor/flag reconciliation
ACT-S-0562,SOURCE_CONTROL_CANDIDATE,NOT_TESTED,shared component; caller routes need runtime reconciliation,src/components/site/EstateGroupGrid.tsx:206,Button,,UNMAPPED,NOT_INFERRED_FROM_RENDER,Requires action-specific assertion and route/actor/flag reconciliation
ACT-S-0563,SOURCE_CONTROL_CANDIDATE,NOT_TESTED,shared component; caller routes need runtime reconciliation,src/components/site/EstateGroupGrid.tsx:230,button,,UNMAPPED,NOT_INFERRED_FROM_RENDER,Requires action-specific assertion and route/actor/flag reconciliation
ACT-S-0564,SOURCE_CONTROL_CANDIDATE,NOT_TESTED,shared component; caller routes need runtime reconciliation,src/components/site/EstateGroupGrid.tsx:270,Button,,UNMAPPED,NOT_INFERRED_FROM_RENDER,Requires action-specific assertion and route/actor/flag reconciliation
ACT-S-0565,SOURCE_CONTROL_CANDIDATE,NOT_TESTED,shared component; caller routes need runtime reconciliation,src/components/site/IntentWhatsAppCTA.tsx:41,Button,,UNMAPPED,NOT_INFERRED_FROM_RENDER,Requires action-specific assertion and route/actor/flag reconciliation
ACT-S-0566,SOURCE_CONTROL_CANDIDATE,NOT_TESTED,shared component; caller routes need runtime reconciliation,src/components/site/IntentWhatsAppCTA.tsx:48,a,,UNMAPPED,NOT_INFERRED_FROM_RENDER,Requires action-specific assertion and route/actor/flag reconciliation
ACT-S-0567,SOURCE_CONTROL_CANDIDATE,NOT_TESTED,shared component; caller routes need runtime reconciliation,src/components/site/MortgageCalculator.tsx:136,Input,,UNMAPPED,NOT_INFERRED_FROM_RENDER,Requires action-specific assertion and route/actor/flag reconciliation
ACT-S-0568,SOURCE_CONTROL_CANDIDATE,NOT_TESTED,shared component; caller routes need runtime reconciliation,src/components/site/MortgageCalculator.tsx:199,Slider,,UNMAPPED,NOT_INFERRED_FROM_RENDER,Requires action-specific assertion and route/actor/flag reconciliation
ACT-S-0569,SOURCE_CONTROL_CANDIDATE,NOT_TESTED,shared component; caller routes need runtime reconciliation,src/components/site/MortgageCalculator.tsx:207,DraftInput,,UNMAPPED,NOT_INFERRED_FROM_RENDER,Requires action-specific assertion and route/actor/flag reconciliation
ACT-S-0570,SOURCE_CONTROL_CANDIDATE,NOT_TESTED,shared component; caller routes need runtime reconciliation,src/components/site/MortgageCalculator.tsx:362,Field,,UNMAPPED,NOT_INFERRED_FROM_RENDER,Requires action-specific assertion and route/actor/flag reconciliation
ACT-S-0571,SOURCE_CONTROL_CANDIDATE,NOT_TESTED,shared component; caller routes need runtime reconciliation,src/components/site/MortgageCalculator.tsx:378,Field,,UNMAPPED,NOT_INFERRED_FROM_RENDER,Requires action-specific assertion and route/actor/flag reconciliation
ACT-S-0572,SOURCE_CONTROL_CANDIDATE,NOT_TESTED,shared component; caller routes need runtime reconciliation,src/components/site/MortgageCalculator.tsx:394,Field,,UNMAPPED,NOT_INFERRED_FROM_RENDER,Requires action-specific assertion and route/actor/flag reconciliation
ACT-S-0573,SOURCE_CONTROL_CANDIDATE,NOT_TESTED,shared component; caller routes need runtime reconciliation,src/components/site/MortgageCalculator.tsx:410,Field,,UNMAPPED,NOT_INFERRED_FROM_RENDER,Requires action-specific assertion and route/actor/flag reconciliation
ACT-S-0574,SOURCE_CONTROL_CANDIDATE,NOT_TESTED,shared component; caller routes need runtime reconciliation,src/components/site/MortgageCalculator.tsx:426,Field,,UNMAPPED,NOT_INFERRED_FROM_RENDER,Requires action-specific assertion and route/actor/flag reconciliation
ACT-S-0575,SOURCE_CONTROL_CANDIDATE,NOT_TESTED,shared component; caller routes need runtime reconciliation,src/components/site/MortgageCalculator.tsx:455,DraftInput,,UNMAPPED,NOT_INFERRED_FROM_RENDER,Requires action-specific assertion and route/actor/flag reconciliation
ACT-S-0576,SOURCE_CONTROL_CANDIDATE,NOT_TESTED,shared component; caller routes need runtime reconciliation,src/components/site/MortgageCalculator.tsx:469,DraftInput,,UNMAPPED,NOT_INFERRED_FROM_RENDER,Requires action-specific assertion and route/actor/flag reconciliation
ACT-S-0577,SOURCE_CONTROL_CANDIDATE,NOT_TESTED,shared component; caller routes need runtime reconciliation,src/components/site/MortgageCalculator.tsx:548,Button,,UNMAPPED,NOT_INFERRED_FROM_RENDER,Requires action-specific assertion and route/actor/flag reconciliation
ACT-S-0578,SOURCE_CONTROL_CANDIDATE,NOT_TESTED,shared component; caller routes need runtime reconciliation,src/components/site/MortgageCalculator.tsx:603,Button,,UNMAPPED,NOT_INFERRED_FROM_RENDER,Requires action-specific assertion and route/actor/flag reconciliation
ACT-S-0579,SOURCE_CONTROL_CANDIDATE,NOT_TESTED,shared component; caller routes need runtime reconciliation,src/components/site/MortgageCalculator.tsx:670,Collapsible,,UNMAPPED,NOT_INFERRED_FROM_RENDER,Requires action-specific assertion and route/actor/flag reconciliation
ACT-S-0580,SOURCE_CONTROL_CANDIDATE,NOT_TESTED,shared component; caller routes need runtime reconciliation,src/components/site/MortgageCalculator.tsx:672,Button,,UNMAPPED,NOT_INFERRED_FROM_RENDER,Requires action-specific assertion and route/actor/flag reconciliation
ACT-S-0581,SOURCE_CONTROL_CANDIDATE,NOT_TESTED,shared component; caller routes need runtime reconciliation,src/components/site/MortgageCalculator.tsx:758,a,,UNMAPPED,NOT_INFERRED_FROM_RENDER,Requires action-specific assertion and route/actor/flag reconciliation
ACT-S-0582,SOURCE_CONTROL_CANDIDATE,NOT_TESTED,shared component; caller routes need runtime reconciliation,src/components/site/OwnerValuationPanel.tsx:101,form,,UNMAPPED,NOT_INFERRED_FROM_RENDER,Requires action-specific assertion and route/actor/flag reconciliation
ACT-S-0583,SOURCE_CONTROL_CANDIDATE,NOT_TESTED,shared component; caller routes need runtime reconciliation,src/components/site/OwnerValuationPanel.tsx:105,Input,,UNMAPPED,NOT_INFERRED_FROM_RENDER,Requires action-specific assertion and route/actor/flag reconciliation
ACT-S-0584,SOURCE_CONTROL_CANDIDATE,NOT_TESTED,shared component; caller routes need runtime reconciliation,src/components/site/OwnerValuationPanel.tsx:116,Input,,UNMAPPED,NOT_INFERRED_FROM_RENDER,Requires action-specific assertion and route/actor/flag reconciliation
ACT-S-0585,SOURCE_CONTROL_CANDIDATE,NOT_TESTED,shared component; caller routes need runtime reconciliation,src/components/site/OwnerValuationPanel.tsx:128,Input,,UNMAPPED,NOT_INFERRED_FROM_RENDER,Requires action-specific assertion and route/actor/flag reconciliation
ACT-S-0586,SOURCE_CONTROL_CANDIDATE,NOT_TESTED,shared component; caller routes need runtime reconciliation,src/components/site/OwnerValuationPanel.tsx:139,Textarea,,UNMAPPED,NOT_INFERRED_FROM_RENDER,Requires action-specific assertion and route/actor/flag reconciliation
ACT-S-0587,SOURCE_CONTROL_CANDIDATE,NOT_TESTED,shared component; caller routes need runtime reconciliation,src/components/site/OwnerValuationPanel.tsx:149,Checkbox,,UNMAPPED,NOT_INFERRED_FROM_RENDER,Requires action-specific assertion and route/actor/flag reconciliation
ACT-S-0588,SOURCE_CONTROL_CANDIDATE,NOT_TESTED,shared component; caller routes need runtime reconciliation,src/components/site/OwnerValuationPanel.tsx:162,Button,,UNMAPPED,NOT_INFERRED_FROM_RENDER,Requires action-specific assertion and route/actor/flag reconciliation
ACT-S-0589,SOURCE_CONTROL_CANDIDATE,NOT_TESTED,shared component; caller routes need runtime reconciliation,src/components/site/OwnerValuationPanel.tsx:199,Button,,UNMAPPED,NOT_INFERRED_FROM_RENDER,Requires action-specific assertion and route/actor/flag reconciliation
ACT-S-0590,SOURCE_CONTROL_CANDIDATE,NOT_TESTED,shared component; caller routes need runtime reconciliation,src/components/site/OwnerValuationPanel.tsx:200,a,,UNMAPPED,NOT_INFERRED_FROM_RENDER,Requires action-specific assertion and route/actor/flag reconciliation
ACT-S-0591,SOURCE_CONTROL_CANDIDATE,NOT_TESTED,shared component; caller routes need runtime reconciliation,src/components/site/SearchFallbackCTA.tsx:27,Button,,UNMAPPED,NOT_INFERRED_FROM_RENDER,Requires action-specific assertion and route/actor/flag reconciliation
ACT-S-0592,SOURCE_CONTROL_CANDIDATE,NOT_TESTED,shared component; caller routes need runtime reconciliation,src/components/site/SearchFallbackCTA.tsx:28,a,,UNMAPPED,NOT_INFERRED_FROM_RENDER,Requires action-specific assertion and route/actor/flag reconciliation
ACT-S-0593,SOURCE_CONTROL_CANDIDATE,NOT_TESTED,shared component; caller routes need runtime reconciliation,src/components/site/SiteFooter.tsx:39,a,,UNMAPPED,NOT_INFERRED_FROM_RENDER,Requires action-specific assertion and route/actor/flag reconciliation
ACT-S-0594,SOURCE_CONTROL_CANDIDATE,NOT_TESTED,shared component; caller routes need runtime reconciliation,src/components/site/SiteFooter.tsx:50,Link,,UNMAPPED,NOT_INFERRED_FROM_RENDER,Requires action-specific assertion and route/actor/flag reconciliation
ACT-S-0595,SOURCE_CONTROL_CANDIDATE,NOT_TESTED,shared component; caller routes need runtime reconciliation,src/components/site/SiteFooter.tsx:68,Link,,UNMAPPED,NOT_INFERRED_FROM_RENDER,Requires action-specific assertion and route/actor/flag reconciliation
ACT-S-0596,SOURCE_CONTROL_CANDIDATE,NOT_TESTED,shared component; caller routes need runtime reconciliation,src/components/site/SiteFooter.tsx:106,Link,,UNMAPPED,NOT_INFERRED_FROM_RENDER,Requires action-specific assertion and route/actor/flag reconciliation
ACT-S-0597,SOURCE_CONTROL_CANDIDATE,NOT_TESTED,shared component; caller routes need runtime reconciliation,src/components/site/SiteFooter.tsx:124,Link,,UNMAPPED,NOT_INFERRED_FROM_RENDER,Requires action-specific assertion and route/actor/flag reconciliation
ACT-S-0598,SOURCE_CONTROL_CANDIDATE,NOT_TESTED,shared component; caller routes need runtime reconciliation,src/components/site/SiteFooter.tsx:129,Link,,UNMAPPED,NOT_INFERRED_FROM_RENDER,Requires action-specific assertion and route/actor/flag reconciliation
ACT-S-0599,SOURCE_CONTROL_CANDIDATE,NOT_TESTED,shared component; caller routes need runtime reconciliation,src/components/site/SiteFooter.tsx:134,Link,,UNMAPPED,NOT_INFERRED_FROM_RENDER,Requires action-specific assertion and route/actor/flag reconciliation
ACT-S-0600,SOURCE_CONTROL_CANDIDATE,NOT_TESTED,shared component; caller routes need runtime reconciliation,src/components/site/SiteFooter.tsx:139,Link,,UNMAPPED,NOT_INFERRED_FROM_RENDER,Requires action-specific assertion and route/actor/flag reconciliation
ACT-S-0601,SOURCE_CONTROL_CANDIDATE,NOT_TESTED,shared component; caller routes need runtime reconciliation,src/components/site/SiteFooter.tsx:144,Link,,UNMAPPED,NOT_INFERRED_FROM_RENDER,Requires action-specific assertion and route/actor/flag reconciliation
ACT-S-0602,SOURCE_CONTROL_CANDIDATE,NOT_TESTED,shared component; caller routes need runtime reconciliation,src/components/site/SiteFooter.tsx:149,Link,,UNMAPPED,NOT_INFERRED_FROM_RENDER,Requires action-specific assertion and route/actor/flag reconciliation
ACT-S-0603,SOURCE_CONTROL_CANDIDATE,NOT_TESTED,shared component; caller routes need runtime reconciliation,src/components/site/SiteFooter.tsx:154,Link,,UNMAPPED,NOT_INFERRED_FROM_RENDER,Requires action-specific assertion and route/actor/flag reconciliation
ACT-S-0604,SOURCE_CONTROL_CANDIDATE,NOT_TESTED,shared component; caller routes need runtime reconciliation,src/components/site/SiteFooter.tsx:159,Link,,UNMAPPED,NOT_INFERRED_FROM_RENDER,Requires action-specific assertion and route/actor/flag reconciliation
ACT-S-0605,SOURCE_CONTROL_CANDIDATE,NOT_TESTED,shared component; caller routes need runtime reconciliation,src/components/site/SiteFooter.tsx:164,Link,,UNMAPPED,NOT_INFERRED_FROM_RENDER,Requires action-specific assertion and route/actor/flag reconciliation
ACT-S-0606,SOURCE_CONTROL_CANDIDATE,NOT_TESTED,shared component; caller routes need runtime reconciliation,src/components/site/SiteFooter.tsx:175,Link,,UNMAPPED,NOT_INFERRED_FROM_RENDER,Requires action-specific assertion and route/actor/flag reconciliation
ACT-S-0607,SOURCE_CONTROL_CANDIDATE,NOT_TESTED,shared component; caller routes need runtime reconciliation,src/components/site/SiteFooter.tsx:180,Link,,UNMAPPED,NOT_INFERRED_FROM_RENDER,Requires action-specific assertion and route/actor/flag reconciliation
ACT-S-0608,SOURCE_CONTROL_CANDIDATE,NOT_TESTED,shared component; caller routes need runtime reconciliation,src/components/site/SiteFooter.tsx:185,Link,,UNMAPPED,NOT_INFERRED_FROM_RENDER,Requires action-specific assertion and route/actor/flag reconciliation
ACT-S-0609,SOURCE_CONTROL_CANDIDATE,NOT_TESTED,shared component; caller routes need runtime reconciliation,src/components/site/SiteFooter.tsx:208,a,,UNMAPPED,NOT_INFERRED_FROM_RENDER,Requires action-specific assertion and route/actor/flag reconciliation
ACT-S-0610,SOURCE_CONTROL_CANDIDATE,NOT_TESTED,shared component; caller routes need runtime reconciliation,src/components/site/SiteFooter.tsx:218,a,,UNMAPPED,NOT_INFERRED_FROM_RENDER,Requires action-specific assertion and route/actor/flag reconciliation
ACT-S-0611,SOURCE_CONTROL_CANDIDATE,NOT_TESTED,shared component; caller routes need runtime reconciliation,src/components/site/SiteFooter.tsx:234,a,,UNMAPPED,NOT_INFERRED_FROM_RENDER,Requires action-specific assertion and route/actor/flag reconciliation
ACT-S-0612,SOURCE_CONTROL_CANDIDATE,NOT_TESTED,shared component; caller routes need runtime reconciliation,src/components/site/SiteHeader.tsx:255,SiteLink,,UNMAPPED,NOT_INFERRED_FROM_RENDER,Requires action-specific assertion and route/actor/flag reconciliation
ACT-S-0613,SOURCE_CONTROL_CANDIDATE,NOT_TESTED,shared component; caller routes need runtime reconciliation,src/components/site/SiteHeader.tsx:300,SiteLink,,UNMAPPED,NOT_INFERRED_FROM_RENDER,Requires action-specific assertion and route/actor/flag reconciliation
ACT-S-0614,SOURCE_CONTROL_CANDIDATE,NOT_TESTED,shared component; caller routes need runtime reconciliation,src/components/site/SiteHeader.tsx:325,MegaMenuLink,,UNMAPPED,NOT_INFERRED_FROM_RENDER,Requires action-specific assertion and route/actor/flag reconciliation
ACT-S-0615,SOURCE_CONTROL_CANDIDATE,NOT_TESTED,shared component; caller routes need runtime reconciliation,src/components/site/SiteHeader.tsx:336,MegaMenuLink,,UNMAPPED,NOT_INFERRED_FROM_RENDER,Requires action-specific assertion and route/actor/flag reconciliation
ACT-S-0616,SOURCE_CONTROL_CANDIDATE,NOT_TESTED,shared component; caller routes need runtime reconciliation,src/components/site/SiteHeader.tsx:341,MegaMenuLink,,UNMAPPED,NOT_INFERRED_FROM_RENDER,Requires action-specific assertion and route/actor/flag reconciliation
ACT-S-0617,SOURCE_CONTROL_CANDIDATE,NOT_TESTED,shared component; caller routes need runtime reconciliation,src/components/site/SiteHeader.tsx:398,Link,,UNMAPPED,NOT_INFERRED_FROM_RENDER,Requires action-specific assertion and route/actor/flag reconciliation
ACT-S-0618,SOURCE_CONTROL_CANDIDATE,NOT_TESTED,shared component; caller routes need runtime reconciliation,src/components/site/SiteHeader.tsx:410,HeaderNavLink,,UNMAPPED,NOT_INFERRED_FROM_RENDER,Requires action-specific assertion and route/actor/flag reconciliation
ACT-S-0619,SOURCE_CONTROL_CANDIDATE,NOT_TESTED,shared component; caller routes need runtime reconciliation,src/components/site/SiteHeader.tsx:421,Button,,UNMAPPED,NOT_INFERRED_FROM_RENDER,Requires action-specific assertion and route/actor/flag reconciliation
ACT-S-0620,SOURCE_CONTROL_CANDIDATE,NOT_TESTED,shared component; caller routes need runtime reconciliation,src/components/site/SiteHeader.tsx:465,HeaderNavLink,,UNMAPPED,NOT_INFERRED_FROM_RENDER,Requires action-specific assertion and route/actor/flag reconciliation
ACT-S-0621,SOURCE_CONTROL_CANDIDATE,NOT_TESTED,shared component; caller routes need runtime reconciliation,src/components/site/SiteHeader.tsx:478,MegaMenuPanel,,UNMAPPED,NOT_INFERRED_FROM_RENDER,Requires action-specific assertion and route/actor/flag reconciliation
ACT-S-0622,SOURCE_CONTROL_CANDIDATE,NOT_TESTED,shared component; caller routes need runtime reconciliation,src/components/site/SiteHeader.tsx:489,Button,,UNMAPPED,NOT_INFERRED_FROM_RENDER,Requires action-specific assertion and route/actor/flag reconciliation
ACT-S-0623,SOURCE_CONTROL_CANDIDATE,NOT_TESTED,shared component; caller routes need runtime reconciliation,src/components/site/SiteHeader.tsx:490,a,,UNMAPPED,NOT_INFERRED_FROM_RENDER,Requires action-specific assertion and route/actor/flag reconciliation
ACT-S-0624,SOURCE_CONTROL_CANDIDATE,NOT_TESTED,shared component; caller routes need runtime reconciliation,src/components/site/SiteHeader.tsx:501,Sheet,,UNMAPPED,NOT_INFERRED_FROM_RENDER,Requires action-specific assertion and route/actor/flag reconciliation
ACT-S-0625,SOURCE_CONTROL_CANDIDATE,NOT_TESTED,shared component; caller routes need runtime reconciliation,src/components/site/SiteHeader.tsx:502,SheetTrigger,,UNMAPPED,NOT_INFERRED_FROM_RENDER,Requires action-specific assertion and route/actor/flag reconciliation
ACT-S-0626,SOURCE_CONTROL_CANDIDATE,NOT_TESTED,shared component; caller routes need runtime reconciliation,src/components/site/SiteHeader.tsx:503,Button,,UNMAPPED,NOT_INFERRED_FROM_RENDER,Requires action-specific assertion and route/actor/flag reconciliation
ACT-S-0627,SOURCE_CONTROL_CANDIDATE,NOT_TESTED,shared component; caller routes need runtime reconciliation,src/components/site/SiteHeader.tsx:518,HeaderNavLink,,UNMAPPED,NOT_INFERRED_FROM_RENDER,Requires action-specific assertion and route/actor/flag reconciliation
ACT-S-0628,SOURCE_CONTROL_CANDIDATE,NOT_TESTED,shared component; caller routes need runtime reconciliation,src/components/site/SiteHeader.tsx:535,EstateDirectory,,UNMAPPED,NOT_INFERRED_FROM_RENDER,Requires action-specific assertion and route/actor/flag reconciliation
ACT-S-0629,SOURCE_CONTROL_CANDIDATE,NOT_TESTED,shared component; caller routes need runtime reconciliation,src/components/site/SiteHeader.tsx:538,MegaMenuLink,,UNMAPPED,NOT_INFERRED_FROM_RENDER,Requires action-specific assertion and route/actor/flag reconciliation
ACT-S-0630,SOURCE_CONTROL_CANDIDATE,NOT_TESTED,shared component; caller routes need runtime reconciliation,src/components/site/SiteHeader.tsx:548,HeaderNavLink,,UNMAPPED,NOT_INFERRED_FROM_RENDER,Requires action-specific assertion and route/actor/flag reconciliation
ACT-S-0631,SOURCE_CONTROL_CANDIDATE,NOT_TESTED,shared component; caller routes need runtime reconciliation,src/components/site/SiteHeader.tsx:556,Button,,UNMAPPED,NOT_INFERRED_FROM_RENDER,Requires action-specific assertion and route/actor/flag reconciliation
ACT-S-0632,SOURCE_CONTROL_CANDIDATE,NOT_TESTED,shared component; caller routes need runtime reconciliation,src/components/site/SiteHeader.tsx:557,a,,UNMAPPED,NOT_INFERRED_FROM_RENDER,Requires action-specific assertion and route/actor/flag reconciliation
ACT-S-0633,SOURCE_CONTROL_CANDIDATE,NOT_TESTED,shared component; caller routes need runtime reconciliation,src/components/site/SiteHeader.tsx:577,EstateDirectory,,UNMAPPED,NOT_INFERRED_FROM_RENDER,Requires action-specific assertion and route/actor/flag reconciliation
ACT-S-0634,SOURCE_CONTROL_CANDIDATE,NOT_TESTED,shared component; caller routes need runtime reconciliation,src/components/site/SiteLink.tsx:33,a,,UNMAPPED,NOT_INFERRED_FROM_RENDER,Requires action-specific assertion and route/actor/flag reconciliation
ACT-S-0635,SOURCE_CONTROL_CANDIDATE,NOT_TESTED,shared component; caller routes need runtime reconciliation,src/components/site/SiteLink.tsx:65,Link,,UNMAPPED,NOT_INFERRED_FROM_RENDER,Requires action-specific assertion and route/actor/flag reconciliation
ACT-S-0636,SOURCE_CONTROL_CANDIDATE,NOT_TESTED,shared component; caller routes need runtime reconciliation,src/components/site/SiteLink.tsx:72,Link,,UNMAPPED,NOT_INFERRED_FROM_RENDER,Requires action-specific assertion and route/actor/flag reconciliation
ACT-S-0637,SOURCE_CONTROL_CANDIDATE,NOT_TESTED,shared component; caller routes need runtime reconciliation,src/components/site/SiteLink.tsx:81,Link,,UNMAPPED,NOT_INFERRED_FROM_RENDER,Requires action-specific assertion and route/actor/flag reconciliation
ACT-S-0638,SOURCE_CONTROL_CANDIDATE,NOT_TESTED,shared component; caller routes need runtime reconciliation,src/components/site/SiteLink.tsx:88,Link,,UNMAPPED,NOT_INFERRED_FROM_RENDER,Requires action-specific assertion and route/actor/flag reconciliation
ACT-S-0639,SOURCE_CONTROL_CANDIDATE,NOT_TESTED,shared component; caller routes need runtime reconciliation,src/components/site/SiteLink.tsx:96,Link,,UNMAPPED,NOT_INFERRED_FROM_RENDER,Requires action-specific assertion and route/actor/flag reconciliation
ACT-S-0640,SOURCE_CONTROL_CANDIDATE,NOT_TESTED,shared component; caller routes need runtime reconciliation,src/components/site/SiteLink.tsx:108,Link,,UNMAPPED,NOT_INFERRED_FROM_RENDER,Requires action-specific assertion and route/actor/flag reconciliation
ACT-S-0641,SOURCE_CONTROL_CANDIDATE,NOT_TESTED,shared component; caller routes need runtime reconciliation,src/components/site/SiteLink.tsx:117,Link,,UNMAPPED,NOT_INFERRED_FROM_RENDER,Requires action-specific assertion and route/actor/flag reconciliation
ACT-S-0642,SOURCE_CONTROL_CANDIDATE,NOT_TESTED,shared component; caller routes need runtime reconciliation,src/components/site/SiteLink.tsx:124,Link,,UNMAPPED,NOT_INFERRED_FROM_RENDER,Requires action-specific assertion and route/actor/flag reconciliation
ACT-S-0643,SOURCE_CONTROL_CANDIDATE,NOT_TESTED,shared component; caller routes need runtime reconciliation,src/components/site/SiteLink.tsx:131,Link,,UNMAPPED,NOT_INFERRED_FROM_RENDER,Requires action-specific assertion and route/actor/flag reconciliation
ACT-S-0644,SOURCE_CONTROL_CANDIDATE,NOT_TESTED,shared component; caller routes need runtime reconciliation,src/components/site/SiteLink.tsx:139,Link,,UNMAPPED,NOT_INFERRED_FROM_RENDER,Requires action-specific assertion and route/actor/flag reconciliation
ACT-S-0645,SOURCE_CONTROL_CANDIDATE,NOT_TESTED,shared component; caller routes need runtime reconciliation,src/components/site/SiteLink.tsx:146,Link,,UNMAPPED,NOT_INFERRED_FROM_RENDER,Requires action-specific assertion and route/actor/flag reconciliation
ACT-S-0646,SOURCE_CONTROL_CANDIDATE,NOT_TESTED,shared component; caller routes need runtime reconciliation,src/components/site/SiteLink.tsx:153,Link,,UNMAPPED,NOT_INFERRED_FROM_RENDER,Requires action-specific assertion and route/actor/flag reconciliation
ACT-S-0647,SOURCE_CONTROL_CANDIDATE,NOT_TESTED,shared component; caller routes need runtime reconciliation,src/components/site/SiteLink.tsx:161,Link,,UNMAPPED,NOT_INFERRED_FROM_RENDER,Requires action-specific assertion and route/actor/flag reconciliation
ACT-S-0648,SOURCE_CONTROL_CANDIDATE,NOT_TESTED,shared component; caller routes need runtime reconciliation,src/components/site/SiteLink.tsx:169,Link,,UNMAPPED,NOT_INFERRED_FROM_RENDER,Requires action-specific assertion and route/actor/flag reconciliation
ACT-S-0649,SOURCE_CONTROL_CANDIDATE,NOT_TESTED,shared component; caller routes need runtime reconciliation,src/components/site/SiteLink.tsx:182,Link,,UNMAPPED,NOT_INFERRED_FROM_RENDER,Requires action-specific assertion and route/actor/flag reconciliation
ACT-S-0650,SOURCE_CONTROL_CANDIDATE,NOT_TESTED,shared component; caller routes need runtime reconciliation,src/components/site/SiteLink.tsx:188,Link,,UNMAPPED,NOT_INFERRED_FROM_RENDER,Requires action-specific assertion and route/actor/flag reconciliation
ACT-S-0651,SOURCE_CONTROL_CANDIDATE,NOT_TESTED,shared component; caller routes need runtime reconciliation,src/components/site/SiteLink.tsx:194,Link,,UNMAPPED,NOT_INFERRED_FROM_RENDER,Requires action-specific assertion and route/actor/flag reconciliation
ACT-S-0652,SOURCE_CONTROL_CANDIDATE,NOT_TESTED,shared component; caller routes need runtime reconciliation,src/components/site/SiteLink.tsx:200,Link,,UNMAPPED,NOT_INFERRED_FROM_RENDER,Requires action-specific assertion and route/actor/flag reconciliation
ACT-S-0653,SOURCE_CONTROL_CANDIDATE,NOT_TESTED,shared component; caller routes need runtime reconciliation,src/components/site/SiteLink.tsx:206,Link,,UNMAPPED,NOT_INFERRED_FROM_RENDER,Requires action-specific assertion and route/actor/flag reconciliation
ACT-S-0654,SOURCE_CONTROL_CANDIDATE,NOT_TESTED,shared component; caller routes need runtime reconciliation,src/components/site/SiteLink.tsx:212,Link,,UNMAPPED,NOT_INFERRED_FROM_RENDER,Requires action-specific assertion and route/actor/flag reconciliation
ACT-S-0655,SOURCE_CONTROL_CANDIDATE,NOT_TESTED,shared component; caller routes need runtime reconciliation,src/components/site/SiteLink.tsx:218,Link,,UNMAPPED,NOT_INFERRED_FROM_RENDER,Requires action-specific assertion and route/actor/flag reconciliation
ACT-S-0656,SOURCE_CONTROL_CANDIDATE,NOT_TESTED,shared component; caller routes need runtime reconciliation,src/components/site/SiteLink.tsx:224,Link,,UNMAPPED,NOT_INFERRED_FROM_RENDER,Requires action-specific assertion and route/actor/flag reconciliation
ACT-S-0657,SOURCE_CONTROL_CANDIDATE,NOT_TESTED,shared component; caller routes need runtime reconciliation,src/components/site/SiteLink.tsx:230,Link,,UNMAPPED,NOT_INFERRED_FROM_RENDER,Requires action-specific assertion and route/actor/flag reconciliation
ACT-S-0658,SOURCE_CONTROL_CANDIDATE,NOT_TESTED,shared component; caller routes need runtime reconciliation,src/components/site/SiteLink.tsx:236,a,,UNMAPPED,NOT_INFERRED_FROM_RENDER,Requires action-specific assertion and route/actor/flag reconciliation
ACT-S-0659,SOURCE_CONTROL_CANDIDATE,NOT_TESTED,shared component; caller routes need runtime reconciliation,src/components/site/StickyWhatsAppBar.tsx:24,a,,UNMAPPED,NOT_INFERRED_FROM_RENDER,Requires action-specific assertion and route/actor/flag reconciliation
ACT-S-0660,SOURCE_CONTROL_CANDIDATE,NOT_TESTED,shared component; caller routes need runtime reconciliation,src/components/site/TrustProofPanel.tsx:35,Link,,UNMAPPED,NOT_INFERRED_FROM_RENDER,Requires action-specific assertion and route/actor/flag reconciliation
ACT-S-0661,SOURCE_CONTROL_CANDIDATE,NOT_TESTED,shared component; caller routes need runtime reconciliation,src/components/ui/calendar.tsx:153,Button,,UNMAPPED,NOT_INFERRED_FROM_RENDER,Requires action-specific assertion and route/actor/flag reconciliation
ACT-S-0662,SOURCE_CONTROL_CANDIDATE,NOT_TESTED,shared component; caller routes need runtime reconciliation,src/components/ui/carousel.tsx:120,div,,UNMAPPED,NOT_INFERRED_FROM_RENDER,Requires action-specific assertion and route/actor/flag reconciliation
ACT-S-0663,SOURCE_CONTROL_CANDIDATE,NOT_TESTED,shared component; caller routes need runtime reconciliation,src/components/ui/carousel.tsx:182,Button,,UNMAPPED,NOT_INFERRED_FROM_RENDER,Requires action-specific assertion and route/actor/flag reconciliation
ACT-S-0664,SOURCE_CONTROL_CANDIDATE,NOT_TESTED,shared component; caller routes need runtime reconciliation,src/components/ui/carousel.tsx:210,Button,,UNMAPPED,NOT_INFERRED_FROM_RENDER,Requires action-specific assertion and route/actor/flag reconciliation
ACT-S-0665,SOURCE_CONTROL_CANDIDATE,NOT_TESTED,shared component; caller routes need runtime reconciliation,src/components/ui/input.tsx:8,input,,UNMAPPED,NOT_INFERRED_FROM_RENDER,Requires action-specific assertion and route/actor/flag reconciliation
ACT-S-0666,SOURCE_CONTROL_CANDIDATE,NOT_TESTED,shared component; caller routes need runtime reconciliation,src/components/ui/pagination.tsx:35,a,,UNMAPPED,NOT_INFERRED_FROM_RENDER,Requires action-specific assertion and route/actor/flag reconciliation
ACT-S-0667,SOURCE_CONTROL_CANDIDATE,NOT_TESTED,shared component; caller routes need runtime reconciliation,src/components/ui/sidebar.tsx:191,Sheet,,UNMAPPED,NOT_INFERRED_FROM_RENDER,Requires action-specific assertion and route/actor/flag reconciliation
ACT-S-0668,SOURCE_CONTROL_CANDIDATE,NOT_TESTED,shared component; caller routes need runtime reconciliation,src/components/ui/sidebar.tsx:267,Button,,UNMAPPED,NOT_INFERRED_FROM_RENDER,Requires action-specific assertion and route/actor/flag reconciliation
ACT-S-0669,SOURCE_CONTROL_CANDIDATE,NOT_TESTED,shared component; caller routes need runtime reconciliation,src/components/ui/sidebar.tsx:291,button,,UNMAPPED,NOT_INFERRED_FROM_RENDER,Requires action-specific assertion and route/actor/flag reconciliation
ACT-S-0670,SOURCE_CONTROL_CANDIDATE,NOT_TESTED,shared component; caller routes need runtime reconciliation,src/components/ui/sidebar.tsx:336,Input,,UNMAPPED,NOT_INFERRED_FROM_RENDER,Requires action-specific assertion and route/actor/flag reconciliation
ACT-S-0671,SOURCE_CONTROL_CANDIDATE,NOT_TESTED,shared component; caller routes need runtime reconciliation,src/components/ui/textarea.tsx:8,textarea,,UNMAPPED,NOT_INFERRED_FROM_RENDER,Requires action-specific assertion and route/actor/flag reconciliation
ACT-S-0672,SOURCE_CONTROL_CANDIDATE,NOT_TESTED,shared component; caller routes need runtime reconciliation,src/hooks/use-unsaved-changes-guard.tsx:69,AdminConfirmDialog,,UNMAPPED,NOT_INFERRED_FROM_RENDER,Requires action-specific assertion and route/actor/flag reconciliation
ACT-S-0673,SOURCE_CONTROL_CANDIDATE,NOT_TESTED,shared component; caller routes need runtime reconciliation,src/routes/__root.tsx:54,Link,,UNMAPPED,NOT_INFERRED_FROM_RENDER,Requires action-specific assertion and route/actor/flag reconciliation
ACT-S-0674,SOURCE_CONTROL_CANDIDATE,NOT_TESTED,shared component; caller routes need runtime reconciliation,src/routes/__root.tsx:60,Link,,UNMAPPED,NOT_INFERRED_FROM_RENDER,Requires action-specific assertion and route/actor/flag reconciliation
ACT-S-0675,SOURCE_CONTROL_CANDIDATE,NOT_TESTED,/about,src/routes/about.tsx:172,Link,,UNMAPPED,NOT_INFERRED_FROM_RENDER,Requires action-specific assertion and route/actor/flag reconciliation
ACT-S-0676,SOURCE_CONTROL_CANDIDATE,NOT_TESTED,/about,src/routes/about.tsx:207,Link,,UNMAPPED,NOT_INFERRED_FROM_RENDER,Requires action-specific assertion and route/actor/flag reconciliation
ACT-S-0677,SOURCE_CONTROL_CANDIDATE,NOT_TESTED,/about,src/routes/about.tsx:249,Link,,UNMAPPED,NOT_INFERRED_FROM_RENDER,Requires action-specific assertion and route/actor/flag reconciliation
ACT-S-0678,SOURCE_CONTROL_CANDIDATE,NOT_TESTED,/account/$pathname,src/routes/account.$pathname.tsx:36,a,,UNMAPPED,NOT_INFERRED_FROM_RENDER,Requires action-specific assertion and route/actor/flag reconciliation
ACT-S-0679,SOURCE_CONTROL_CANDIDATE,NOT_TESTED,/account/$pathname,src/routes/account.$pathname.tsx:39,a,,UNMAPPED,NOT_INFERRED_FROM_RENDER,Requires action-specific assertion and route/actor/flag reconciliation
ACT-S-0680,SOURCE_CONTROL_CANDIDATE,BLOCKED,/admin/agents,src/routes/admin.agents.tsx:49,Button,,UNMAPPED,NOT_INFERRED_FROM_RENDER,Requires action-specific assertion and route/actor/flag reconciliation
ACT-S-0681,SOURCE_CONTROL_CANDIDATE,BLOCKED,/admin/agents,src/routes/admin.agents.tsx:50,Link,,UNMAPPED,NOT_INFERRED_FROM_RENDER,Requires action-specific assertion and route/actor/flag reconciliation
ACT-S-0682,SOURCE_CONTROL_CANDIDATE,BLOCKED,/admin/agents,src/routes/admin.agents.tsx:64,Button,,UNMAPPED,NOT_INFERRED_FROM_RENDER,Requires action-specific assertion and route/actor/flag reconciliation
ACT-S-0683,SOURCE_CONTROL_CANDIDATE,BLOCKED,/admin/agents,src/routes/admin.agents.tsx:65,Link,,UNMAPPED,NOT_INFERRED_FROM_RENDER,Requires action-specific assertion and route/actor/flag reconciliation
ACT-S-0684,SOURCE_CONTROL_CANDIDATE,BLOCKED,/admin/agents,src/routes/admin.agents.tsx:137,Button,,UNMAPPED,NOT_INFERRED_FROM_RENDER,Requires action-specific assertion and route/actor/flag reconciliation
ACT-S-0685,SOURCE_CONTROL_CANDIDATE,BLOCKED,/admin/agents,src/routes/admin.agents.tsx:138,Link,,UNMAPPED,NOT_INFERRED_FROM_RENDER,Requires action-specific assertion and route/actor/flag reconciliation
ACT-S-0686,SOURCE_CONTROL_CANDIDATE,BLOCKED,/admin/agents,src/routes/admin.agents.tsx:144,Button,,UNMAPPED,NOT_INFERRED_FROM_RENDER,Requires action-specific assertion and route/actor/flag reconciliation
ACT-S-0687,SOURCE_CONTROL_CANDIDATE,BLOCKED,/admin/agents,src/routes/admin.agents.tsx:145,Link,,UNMAPPED,NOT_INFERRED_FROM_RENDER,Requires action-specific assertion and route/actor/flag reconciliation
ACT-S-0688,SOURCE_CONTROL_CANDIDATE,BLOCKED,/admin/agents/$id,src/routes/admin.agents_.$id.tsx:76,Button,,UNMAPPED,NOT_INFERRED_FROM_RENDER,Requires action-specific assertion and route/actor/flag reconciliation
ACT-S-0689,SOURCE_CONTROL_CANDIDATE,BLOCKED,/admin/agents/$id,src/routes/admin.agents_.$id.tsx:77,Link,,UNMAPPED,NOT_INFERRED_FROM_RENDER,Requires action-specific assertion and route/actor/flag reconciliation
ACT-S-0690,SOURCE_CONTROL_CANDIDATE,BLOCKED,/admin/agents/$id,src/routes/admin.agents_.$id.tsx:86,Button,,UNMAPPED,NOT_INFERRED_FROM_RENDER,Requires action-specific assertion and route/actor/flag reconciliation
ACT-S-0691,SOURCE_CONTROL_CANDIDATE,BLOCKED,/admin/agents/$id,src/routes/admin.agents_.$id.tsx:87,Link,,UNMAPPED,NOT_INFERRED_FROM_RENDER,Requires action-specific assertion and route/actor/flag reconciliation
ACT-S-0692,SOURCE_CONTROL_CANDIDATE,BLOCKED,/admin/agents/$id,src/routes/admin.agents_.$id.tsx:92,AgentProfileForm,,UNMAPPED,NOT_INFERRED_FROM_RENDER,Requires action-specific assertion and route/actor/flag reconciliation
ACT-S-0693,SOURCE_CONTROL_CANDIDATE,BLOCKED,/admin/agents/new,src/routes/admin.agents_.new.tsx:43,Button,,UNMAPPED,NOT_INFERRED_FROM_RENDER,Requires action-specific assertion and route/actor/flag reconciliation
ACT-S-0694,SOURCE_CONTROL_CANDIDATE,BLOCKED,/admin/agents/new,src/routes/admin.agents_.new.tsx:44,Link,,UNMAPPED,NOT_INFERRED_FROM_RENDER,Requires action-specific assertion and route/actor/flag reconciliation
ACT-S-0695,SOURCE_CONTROL_CANDIDATE,BLOCKED,/admin/agents/new,src/routes/admin.agents_.new.tsx:55,AgentProfileForm,,UNMAPPED,NOT_INFERRED_FROM_RENDER,Requires action-specific assertion and route/actor/flag reconciliation
ACT-S-0696,SOURCE_CONTROL_CANDIDATE,BLOCKED,/admin/analytics,src/routes/admin.analytics.tsx:227,Button,,UNMAPPED,NOT_INFERRED_FROM_RENDER,Requires action-specific assertion and route/actor/flag reconciliation
ACT-S-0697,SOURCE_CONTROL_CANDIDATE,BLOCKED,/admin/analytics,src/routes/admin.analytics.tsx:228,Link,,UNMAPPED,NOT_INFERRED_FROM_RENDER,Requires action-specific assertion and route/actor/flag reconciliation
ACT-S-0698,SOURCE_CONTROL_CANDIDATE,BLOCKED,/admin/analytics,src/routes/admin.analytics.tsx:230,form,,UNMAPPED,NOT_INFERRED_FROM_RENDER,Requires action-specific assertion and route/actor/flag reconciliation
ACT-S-0699,SOURCE_CONTROL_CANDIDATE,BLOCKED,/admin/analytics,src/routes/admin.analytics.tsx:237,Input,,UNMAPPED,NOT_INFERRED_FROM_RENDER,Requires action-specific assertion and route/actor/flag reconciliation
ACT-S-0700,SOURCE_CONTROL_CANDIDATE,BLOCKED,/admin/analytics,src/routes/admin.analytics.tsx:247,Input,,UNMAPPED,NOT_INFERRED_FROM_RENDER,Requires action-specific assertion and route/actor/flag reconciliation
ACT-S-0701,SOURCE_CONTROL_CANDIDATE,BLOCKED,/admin/analytics,src/routes/admin.analytics.tsx:255,Button,,UNMAPPED,NOT_INFERRED_FROM_RENDER,Requires action-specific assertion and route/actor/flag reconciliation
ACT-S-0702,SOURCE_CONTROL_CANDIDATE,BLOCKED,/admin/analytics,src/routes/admin.analytics.tsx:341,Button,,ACTION_ASSERTION_LOCAL_PARTIAL,LOCAL_PARTIAL,"fa379ea actual performance48 four widths and ownedSQL4;ACT56 drilldown only,not quality-correction Button;15 overlapping controls,not extra business actions;see performance-readback-action-execution.csv. Full real Auth/roles/flags pending."
ACT-S-0703,SOURCE_CONTROL_CANDIDATE,BLOCKED,/admin/analytics,src/routes/admin.analytics.tsx:359,PerformanceDashboard,,UNMAPPED,NOT_INFERRED_FROM_RENDER,Requires action-specific assertion and route/actor/flag reconciliation
ACT-S-0704,SOURCE_CONTROL_CANDIDATE,BLOCKED,/admin/analytics,src/routes/admin.analytics.tsx:369,PerformanceTable,,UNMAPPED,NOT_INFERRED_FROM_RENDER,Requires action-specific assertion and route/actor/flag reconciliation
ACT-S-0705,SOURCE_CONTROL_CANDIDATE,BLOCKED,/admin/blasts,src/routes/admin.blasts.tsx:627,Button,,ACTION_ASSERTION_LOCAL_PARTIAL,LOCAL_PARTIAL,"d89b94d actual campaign32 four-width assertions + separate ownedSQL4;ACT49 cancellation SQL only,not cancel Button;true Auth/provider/template content/full roles pending. See campaign-recovery-action-execution.csv;overlapping controls not extra business actions."
ACT-S-0706,SOURCE_CONTROL_CANDIDATE,BLOCKED,/admin/blasts,src/routes/admin.blasts.tsx:642,Select,,UNMAPPED,NOT_INFERRED_FROM_RENDER,Requires action-specific assertion and route/actor/flag reconciliation
ACT-S-0707,SOURCE_CONTROL_CANDIDATE,BLOCKED,/admin/blasts,src/routes/admin.blasts.tsx:661,Link,,UNMAPPED,NOT_INFERRED_FROM_RENDER,Requires action-specific assertion and route/actor/flag reconciliation
ACT-S-0708,SOURCE_CONTROL_CANDIDATE,BLOCKED,/admin/blasts,src/routes/admin.blasts.tsx:668,Button,,ACTION_ASSERTION_LOCAL_PARTIAL,LOCAL_PARTIAL,"d89b94d actual campaign32 four-width assertions + separate ownedSQL4;ACT49 cancellation SQL only,not cancel Button;true Auth/provider/template content/full roles pending. See campaign-recovery-action-execution.csv;overlapping controls not extra business actions."
ACT-S-0709,SOURCE_CONTROL_CANDIDATE,BLOCKED,/admin/blasts,src/routes/admin.blasts.tsx:684,Button,,UNMAPPED,NOT_INFERRED_FROM_RENDER,Requires action-specific assertion and route/actor/flag reconciliation
ACT-S-0710,SOURCE_CONTROL_CANDIDATE,BLOCKED,/admin/blasts,src/routes/admin.blasts.tsx:696,Button,,UNMAPPED,NOT_INFERRED_FROM_RENDER,Requires action-specific assertion and route/actor/flag reconciliation
ACT-S-0711,SOURCE_CONTROL_CANDIDATE,BLOCKED,/admin/blasts,src/routes/admin.blasts.tsx:793,Button,,ACTION_ASSERTION_LOCAL_PARTIAL,LOCAL_PARTIAL,"d89b94d actual campaign32 four-width assertions + separate ownedSQL4;ACT49 cancellation SQL only,not cancel Button;true Auth/provider/template content/full roles pending. See campaign-recovery-action-execution.csv;overlapping controls not extra business actions."
ACT-S-0712,SOURCE_CONTROL_CANDIDATE,BLOCKED,/admin/blasts,src/routes/admin.blasts.tsx:804,Button,,ACTION_ASSERTION_LOCAL_PARTIAL,LOCAL_PARTIAL,"d89b94d actual campaign32 four-width assertions + separate ownedSQL4;ACT49 cancellation SQL only,not cancel Button;true Auth/provider/template content/full roles pending. See campaign-recovery-action-execution.csv;overlapping controls not extra business actions."
ACT-S-0713,SOURCE_CONTROL_CANDIDATE,BLOCKED,/admin/blasts,src/routes/admin.blasts.tsx:821,Button,,UNMAPPED,NOT_INFERRED_FROM_RENDER,Requires action-specific assertion and route/actor/flag reconciliation
ACT-S-0714,SOURCE_CONTROL_CANDIDATE,BLOCKED,/admin/blasts,src/routes/admin.blasts.tsx:849,Button,,UNMAPPED,NOT_INFERRED_FROM_RENDER,Requires action-specific assertion and route/actor/flag reconciliation
ACT-S-0715,SOURCE_CONTROL_CANDIDATE,BLOCKED,/admin/blasts,src/routes/admin.blasts.tsx:867,PreviewSummary,,UNMAPPED,NOT_INFERRED_FROM_RENDER,Requires action-specific assertion and route/actor/flag reconciliation
ACT-S-0716,SOURCE_CONTROL_CANDIDATE,BLOCKED,/admin/blasts,src/routes/admin.blasts.tsx:906,Button,,UNMAPPED,NOT_INFERRED_FROM_RENDER,Requires action-specific assertion and route/actor/flag reconciliation
ACT-S-0717,SOURCE_CONTROL_CANDIDATE,BLOCKED,/admin/blasts,src/routes/admin.blasts.tsx:915,Button,,UNMAPPED,NOT_INFERRED_FROM_RENDER,Requires action-specific assertion and route/actor/flag reconciliation
ACT-S-0718,SOURCE_CONTROL_CANDIDATE,BLOCKED,/admin/blasts,src/routes/admin.blasts.tsx:941,CampaignDialog,,UNMAPPED,NOT_INFERRED_FROM_RENDER,Requires action-specific assertion and route/actor/flag reconciliation
ACT-S-0719,SOURCE_CONTROL_CANDIDATE,BLOCKED,/admin/blasts,src/routes/admin.blasts.tsx:964,AudienceDialog,,UNMAPPED,NOT_INFERRED_FROM_RENDER,Requires action-specific assertion and route/actor/flag reconciliation
ACT-S-0720,SOURCE_CONTROL_CANDIDATE,BLOCKED,/admin/blasts,src/routes/admin.blasts.tsx:980,AdminConfirmDialog,,UNMAPPED,NOT_INFERRED_FROM_RENDER,Requires action-specific assertion and route/actor/flag reconciliation
ACT-S-0721,SOURCE_CONTROL_CANDIDATE,BLOCKED,/admin/blasts,src/routes/admin.blasts.tsx:1006,Checkbox,,ACTION_ASSERTION_LOCAL_PARTIAL,LOCAL_PARTIAL,"d89b94d actual campaign32 four-width assertions + separate ownedSQL4;ACT49 cancellation SQL only,not cancel Button;true Auth/provider/template content/full roles pending. See campaign-recovery-action-execution.csv;overlapping controls not extra business actions."
ACT-S-0722,SOURCE_CONTROL_CANDIDATE,BLOCKED,/admin/blasts,src/routes/admin.blasts.tsx:1015,Button,,UNMAPPED,NOT_INFERRED_FROM_RENDER,Requires action-specific assertion and route/actor/flag reconciliation
ACT-S-0723,SOURCE_CONTROL_CANDIDATE,BLOCKED,/admin/blasts,src/routes/admin.blasts.tsx:1028,AdminConfirmDialog,,UNMAPPED,NOT_INFERRED_FROM_RENDER,Requires action-specific assertion and route/actor/flag reconciliation
ACT-S-0724,SOURCE_CONTROL_CANDIDATE,BLOCKED,/admin/blasts,src/routes/admin.blasts.tsx:1054,AdminConfirmDialog,,UNMAPPED,NOT_INFERRED_FROM_RENDER,Requires action-specific assertion and route/actor/flag reconciliation
ACT-S-0725,SOURCE_CONTROL_CANDIDATE,BLOCKED,/admin/blasts,src/routes/admin.blasts.tsx:1122,Dialog,,UNMAPPED,NOT_INFERRED_FROM_RENDER,Requires action-specific assertion and route/actor/flag reconciliation
ACT-S-0726,SOURCE_CONTROL_CANDIDATE,BLOCKED,/admin/blasts,src/routes/admin.blasts.tsx:1129,form,,UNMAPPED,NOT_INFERRED_FROM_RENDER,Requires action-specific assertion and route/actor/flag reconciliation
ACT-S-0727,SOURCE_CONTROL_CANDIDATE,BLOCKED,/admin/blasts,src/routes/admin.blasts.tsx:1131,TextField,,UNMAPPED,NOT_INFERRED_FROM_RENDER,Requires action-specific assertion and route/actor/flag reconciliation
ACT-S-0728,SOURCE_CONTROL_CANDIDATE,BLOCKED,/admin/blasts,src/routes/admin.blasts.tsx:1138,Select,,UNMAPPED,NOT_INFERRED_FROM_RENDER,Requires action-specific assertion and route/actor/flag reconciliation
ACT-S-0729,SOURCE_CONTROL_CANDIDATE,BLOCKED,/admin/blasts,src/routes/admin.blasts.tsx:1159,Select,,UNMAPPED,NOT_INFERRED_FROM_RENDER,Requires action-specific assertion and route/actor/flag reconciliation
ACT-S-0730,SOURCE_CONTROL_CANDIDATE,BLOCKED,/admin/blasts,src/routes/admin.blasts.tsx:1180,Select,,UNMAPPED,NOT_INFERRED_FROM_RENDER,Requires action-specific assertion and route/actor/flag reconciliation
ACT-S-0731,SOURCE_CONTROL_CANDIDATE,BLOCKED,/admin/blasts,src/routes/admin.blasts.tsx:1203,TextField,,UNMAPPED,NOT_INFERRED_FROM_RENDER,Requires action-specific assertion and route/actor/flag reconciliation
ACT-S-0732,SOURCE_CONTROL_CANDIDATE,BLOCKED,/admin/blasts,src/routes/admin.blasts.tsx:1229,PreviewSummary,,UNMAPPED,NOT_INFERRED_FROM_RENDER,Requires action-specific assertion and route/actor/flag reconciliation
ACT-S-0733,SOURCE_CONTROL_CANDIDATE,BLOCKED,/admin/blasts,src/routes/admin.blasts.tsx:1243,Button,,UNMAPPED,NOT_INFERRED_FROM_RENDER,Requires action-specific assertion and route/actor/flag reconciliation
ACT-S-0734,SOURCE_CONTROL_CANDIDATE,BLOCKED,/admin/blasts,src/routes/admin.blasts.tsx:1257,Button,,UNMAPPED,NOT_INFERRED_FROM_RENDER,Requires action-specific assertion and route/actor/flag reconciliation
ACT-S-0735,SOURCE_CONTROL_CANDIDATE,BLOCKED,/admin/blasts,src/routes/admin.blasts.tsx:1260,Button,,UNMAPPED,NOT_INFERRED_FROM_RENDER,Requires action-specific assertion and route/actor/flag reconciliation
ACT-S-0736,SOURCE_CONTROL_CANDIDATE,BLOCKED,/admin/blasts,src/routes/admin.blasts.tsx:1264,Button,,UNMAPPED,NOT_INFERRED_FROM_RENDER,Requires action-specific assertion and route/actor/flag reconciliation
ACT-S-0737,SOURCE_CONTROL_CANDIDATE,BLOCKED,/admin/blasts,src/routes/admin.blasts.tsx:1300,Dialog,,UNMAPPED,NOT_INFERRED_FROM_RENDER,Requires action-specific assertion and route/actor/flag reconciliation
ACT-S-0738,SOURCE_CONTROL_CANDIDATE,BLOCKED,/admin/blasts,src/routes/admin.blasts.tsx:1307,form,,UNMAPPED,NOT_INFERRED_FROM_RENDER,Requires action-specific assertion and route/actor/flag reconciliation
ACT-S-0739,SOURCE_CONTROL_CANDIDATE,BLOCKED,/admin/blasts,src/routes/admin.blasts.tsx:1309,TextField,,UNMAPPED,NOT_INFERRED_FROM_RENDER,Requires action-specific assertion and route/actor/flag reconciliation
ACT-S-0740,SOURCE_CONTROL_CANDIDATE,BLOCKED,/admin/blasts,src/routes/admin.blasts.tsx:1315,TextField,,UNMAPPED,NOT_INFERRED_FROM_RENDER,Requires action-specific assertion and route/actor/flag reconciliation
ACT-S-0741,SOURCE_CONTROL_CANDIDATE,BLOCKED,/admin/blasts,src/routes/admin.blasts.tsx:1321,Select,,UNMAPPED,NOT_INFERRED_FROM_RENDER,Requires action-specific assertion and route/actor/flag reconciliation
ACT-S-0742,SOURCE_CONTROL_CANDIDATE,BLOCKED,/admin/blasts,src/routes/admin.blasts.tsx:1345,TextField,,UNMAPPED,NOT_INFERRED_FROM_RENDER,Requires action-specific assertion and route/actor/flag reconciliation
ACT-S-0743,SOURCE_CONTROL_CANDIDATE,BLOCKED,/admin/blasts,src/routes/admin.blasts.tsx:1363,Checkbox,,UNMAPPED,NOT_INFERRED_FROM_RENDER,Requires action-specific assertion and route/actor/flag reconciliation
ACT-S-0744,SOURCE_CONTROL_CANDIDATE,BLOCKED,/admin/blasts,src/routes/admin.blasts.tsx:1387,Select,,UNMAPPED,NOT_INFERRED_FROM_RENDER,Requires action-specific assertion and route/actor/flag reconciliation
ACT-S-0745,SOURCE_CONTROL_CANDIDATE,BLOCKED,/admin/blasts,src/routes/admin.blasts.tsx:1413,Select,,UNMAPPED,NOT_INFERRED_FROM_RENDER,Requires action-specific assertion and route/actor/flag reconciliation
ACT-S-0746,SOURCE_CONTROL_CANDIDATE,BLOCKED,/admin/blasts,src/routes/admin.blasts.tsx:1439,TextField,,UNMAPPED,NOT_INFERRED_FROM_RENDER,Requires action-specific assertion and route/actor/flag reconciliation
ACT-S-0747,SOURCE_CONTROL_CANDIDATE,BLOCKED,/admin/blasts,src/routes/admin.blasts.tsx:1450,TextField,,UNMAPPED,NOT_INFERRED_FROM_RENDER,Requires action-specific assertion and route/actor/flag reconciliation
ACT-S-0748,SOURCE_CONTROL_CANDIDATE,BLOCKED,/admin/blasts,src/routes/admin.blasts.tsx:1461,TextField,,UNMAPPED,NOT_INFERRED_FROM_RENDER,Requires action-specific assertion and route/actor/flag reconciliation
ACT-S-0749,SOURCE_CONTROL_CANDIDATE,BLOCKED,/admin/blasts,src/routes/admin.blasts.tsx:1477,Checkbox,,UNMAPPED,NOT_INFERRED_FROM_RENDER,Requires action-specific assertion and route/actor/flag reconciliation
ACT-S-0750,SOURCE_CONTROL_CANDIDATE,BLOCKED,/admin/blasts,src/routes/admin.blasts.tsx:1501,PreviewSummary,,UNMAPPED,NOT_INFERRED_FROM_RENDER,Requires action-specific assertion and route/actor/flag reconciliation
ACT-S-0751,SOURCE_CONTROL_CANDIDATE,BLOCKED,/admin/blasts,src/routes/admin.blasts.tsx:1510,Button,,UNMAPPED,NOT_INFERRED_FROM_RENDER,Requires action-specific assertion and route/actor/flag reconciliation
ACT-S-0752,SOURCE_CONTROL_CANDIDATE,BLOCKED,/admin/blasts,src/routes/admin.blasts.tsx:1513,Button,,UNMAPPED,NOT_INFERRED_FROM_RENDER,Requires action-specific assertion and route/actor/flag reconciliation
ACT-S-0753,SOURCE_CONTROL_CANDIDATE,BLOCKED,/admin/blasts,src/routes/admin.blasts.tsx:1554,Button,,UNMAPPED,NOT_INFERRED_FROM_RENDER,Requires action-specific assertion and route/actor/flag reconciliation
ACT-S-0754,SOURCE_CONTROL_CANDIDATE,BLOCKED,/admin/blasts,src/routes/admin.blasts.tsx:1751,Input,,UNMAPPED,NOT_INFERRED_FROM_RENDER,Requires action-specific assertion and route/actor/flag reconciliation
ACT-S-0755,SOURCE_CONTROL_CANDIDATE,BLOCKED,/admin/cms,src/routes/admin.cms.tsx:928,Button,,UNMAPPED,NOT_INFERRED_FROM_RENDER,Requires action-specific assertion and route/actor/flag reconciliation
ACT-S-0756,SOURCE_CONTROL_CANDIDATE,BLOCKED,/admin/cms,src/routes/admin.cms.tsx:941,Button,,UNMAPPED,NOT_INFERRED_FROM_RENDER,Requires action-specific assertion and route/actor/flag reconciliation
ACT-S-0757,SOURCE_CONTROL_CANDIDATE,BLOCKED,/admin/cms,src/routes/admin.cms.tsx:957,Button,,UNMAPPED,NOT_INFERRED_FROM_RENDER,Requires action-specific assertion and route/actor/flag reconciliation
ACT-S-0758,SOURCE_CONTROL_CANDIDATE,BLOCKED,/admin/cms,src/routes/admin.cms.tsx:964,Button,,UNMAPPED,NOT_INFERRED_FROM_RENDER,Requires action-specific assertion and route/actor/flag reconciliation
ACT-S-0759,SOURCE_CONTROL_CANDIDATE,BLOCKED,/admin/cms,src/routes/admin.cms.tsx:974,Tabs,,UNMAPPED,NOT_INFERRED_FROM_RENDER,Requires action-specific assertion and route/actor/flag reconciliation
ACT-S-0760,SOURCE_CONTROL_CANDIDATE,BLOCKED,/admin/cms,src/routes/admin.cms.tsx:987,TabsTrigger,,UNMAPPED,NOT_INFERRED_FROM_RENDER,Requires action-specific assertion and route/actor/flag reconciliation
ACT-S-0761,SOURCE_CONTROL_CANDIDATE,BLOCKED,/admin/cms,src/routes/admin.cms.tsx:988,TabsTrigger,,UNMAPPED,NOT_INFERRED_FROM_RENDER,Requires action-specific assertion and route/actor/flag reconciliation
ACT-S-0762,SOURCE_CONTROL_CANDIDATE,BLOCKED,/admin/cms,src/routes/admin.cms.tsx:989,TabsTrigger,,UNMAPPED,NOT_INFERRED_FROM_RENDER,Requires action-specific assertion and route/actor/flag reconciliation
ACT-S-0763,SOURCE_CONTROL_CANDIDATE,BLOCKED,/admin/cms,src/routes/admin.cms.tsx:990,TabsTrigger,,UNMAPPED,NOT_INFERRED_FROM_RENDER,Requires action-specific assertion and route/actor/flag reconciliation
ACT-S-0764,SOURCE_CONTROL_CANDIDATE,BLOCKED,/admin/cms,src/routes/admin.cms.tsx:991,TabsTrigger,,UNMAPPED,NOT_INFERRED_FROM_RENDER,Requires action-specific assertion and route/actor/flag reconciliation
ACT-S-0765,SOURCE_CONTROL_CANDIDATE,BLOCKED,/admin/cms,src/routes/admin.cms.tsx:1004,TableSearch,,UNMAPPED,NOT_INFERRED_FROM_RENDER,Requires action-specific assertion and route/actor/flag reconciliation
ACT-S-0766,SOURCE_CONTROL_CANDIDATE,BLOCKED,/admin/cms,src/routes/admin.cms.tsx:1011,Button,,UNMAPPED,NOT_INFERRED_FROM_RENDER,Requires action-specific assertion and route/actor/flag reconciliation
ACT-S-0767,SOURCE_CONTROL_CANDIDATE,BLOCKED,/admin/cms,src/routes/admin.cms.tsx:1062,Button,,UNMAPPED,NOT_INFERRED_FROM_RENDER,Requires action-specific assertion and route/actor/flag reconciliation
ACT-S-0768,SOURCE_CONTROL_CANDIDATE,BLOCKED,/admin/cms,src/routes/admin.cms.tsx:1072,Button,,UNMAPPED,NOT_INFERRED_FROM_RENDER,Requires action-specific assertion and route/actor/flag reconciliation
ACT-S-0769,SOURCE_CONTROL_CANDIDATE,BLOCKED,/admin/cms,src/routes/admin.cms.tsx:1088,NoSearchMatch,,UNMAPPED,NOT_INFERRED_FROM_RENDER,Requires action-specific assertion and route/actor/flag reconciliation
ACT-S-0770,SOURCE_CONTROL_CANDIDATE,BLOCKED,/admin/cms,src/routes/admin.cms.tsx:1098,Button,,UNMAPPED,NOT_INFERRED_FROM_RENDER,Requires action-specific assertion and route/actor/flag reconciliation
ACT-S-0771,SOURCE_CONTROL_CANDIDATE,BLOCKED,/admin/cms,src/routes/admin.cms.tsx:1130,TableSearch,,UNMAPPED,NOT_INFERRED_FROM_RENDER,Requires action-specific assertion and route/actor/flag reconciliation
ACT-S-0772,SOURCE_CONTROL_CANDIDATE,BLOCKED,/admin/cms,src/routes/admin.cms.tsx:1137,Button,,UNMAPPED,NOT_INFERRED_FROM_RENDER,Requires action-specific assertion and route/actor/flag reconciliation
ACT-S-0773,SOURCE_CONTROL_CANDIDATE,BLOCKED,/admin/cms,src/routes/admin.cms.tsx:1186,Button,,UNMAPPED,NOT_INFERRED_FROM_RENDER,Requires action-specific assertion and route/actor/flag reconciliation
ACT-S-0774,SOURCE_CONTROL_CANDIDATE,BLOCKED,/admin/cms,src/routes/admin.cms.tsx:1196,Button,,UNMAPPED,NOT_INFERRED_FROM_RENDER,Requires action-specific assertion and route/actor/flag reconciliation
ACT-S-0775,SOURCE_CONTROL_CANDIDATE,BLOCKED,/admin/cms,src/routes/admin.cms.tsx:1212,NoSearchMatch,,UNMAPPED,NOT_INFERRED_FROM_RENDER,Requires action-specific assertion and route/actor/flag reconciliation
ACT-S-0776,SOURCE_CONTROL_CANDIDATE,BLOCKED,/admin/cms,src/routes/admin.cms.tsx:1224,Button,,UNMAPPED,NOT_INFERRED_FROM_RENDER,Requires action-specific assertion and route/actor/flag reconciliation
ACT-S-0777,SOURCE_CONTROL_CANDIDATE,BLOCKED,/admin/cms,src/routes/admin.cms.tsx:1255,TableSearch,,UNMAPPED,NOT_INFERRED_FROM_RENDER,Requires action-specific assertion and route/actor/flag reconciliation
ACT-S-0778,SOURCE_CONTROL_CANDIDATE,BLOCKED,/admin/cms,src/routes/admin.cms.tsx:1262,Button,,UNMAPPED,NOT_INFERRED_FROM_RENDER,Requires action-specific assertion and route/actor/flag reconciliation
ACT-S-0779,SOURCE_CONTROL_CANDIDATE,BLOCKED,/admin/cms,src/routes/admin.cms.tsx:1284,a,,UNMAPPED,NOT_INFERRED_FROM_RENDER,Requires action-specific assertion and route/actor/flag reconciliation
ACT-S-0780,SOURCE_CONTROL_CANDIDATE,BLOCKED,/admin/cms,src/routes/admin.cms.tsx:1300,Button,,UNMAPPED,NOT_INFERRED_FROM_RENDER,Requires action-specific assertion and route/actor/flag reconciliation
ACT-S-0781,SOURCE_CONTROL_CANDIDATE,BLOCKED,/admin/cms,src/routes/admin.cms.tsx:1316,NoSearchMatch,,UNMAPPED,NOT_INFERRED_FROM_RENDER,Requires action-specific assertion and route/actor/flag reconciliation
ACT-S-0782,SOURCE_CONTROL_CANDIDATE,BLOCKED,/admin/cms,src/routes/admin.cms.tsx:1326,Button,,UNMAPPED,NOT_INFERRED_FROM_RENDER,Requires action-specific assertion and route/actor/flag reconciliation
ACT-S-0783,SOURCE_CONTROL_CANDIDATE,BLOCKED,/admin/cms,src/routes/admin.cms.tsx:1351,Input,,UNMAPPED,NOT_INFERRED_FROM_RENDER,Requires action-specific assertion and route/actor/flag reconciliation
ACT-S-0784,SOURCE_CONTROL_CANDIDATE,BLOCKED,/admin/cms,src/routes/admin.cms.tsx:1364,TableSearch,,UNMAPPED,NOT_INFERRED_FROM_RENDER,Requires action-specific assertion and route/actor/flag reconciliation
ACT-S-0785,SOURCE_CONTROL_CANDIDATE,BLOCKED,/admin/cms,src/routes/admin.cms.tsx:1375,Button,,UNMAPPED,NOT_INFERRED_FROM_RENDER,Requires action-specific assertion and route/actor/flag reconciliation
ACT-S-0786,SOURCE_CONTROL_CANDIDATE,BLOCKED,/admin/cms,src/routes/admin.cms.tsx:1383,input,,UNMAPPED,NOT_INFERRED_FROM_RENDER,Requires action-specific assertion and route/actor/flag reconciliation
ACT-S-0787,SOURCE_CONTROL_CANDIDATE,BLOCKED,/admin/cms,src/routes/admin.cms.tsx:1392,Button,,UNMAPPED,NOT_INFERRED_FROM_RENDER,Requires action-specific assertion and route/actor/flag reconciliation
ACT-S-0788,SOURCE_CONTROL_CANDIDATE,BLOCKED,/admin/cms,src/routes/admin.cms.tsx:1396,Button,,UNMAPPED,NOT_INFERRED_FROM_RENDER,Requires action-specific assertion and route/actor/flag reconciliation
ACT-S-0789,SOURCE_CONTROL_CANDIDATE,BLOCKED,/admin/cms,src/routes/admin.cms.tsx:1449,Button,,UNMAPPED,NOT_INFERRED_FROM_RENDER,Requires action-specific assertion and route/actor/flag reconciliation
ACT-S-0790,SOURCE_CONTROL_CANDIDATE,BLOCKED,/admin/cms,src/routes/admin.cms.tsx:1457,Button,,UNMAPPED,NOT_INFERRED_FROM_RENDER,Requires action-specific assertion and route/actor/flag reconciliation
ACT-S-0791,SOURCE_CONTROL_CANDIDATE,BLOCKED,/admin/cms,src/routes/admin.cms.tsx:1476,NoSearchMatch,,UNMAPPED,NOT_INFERRED_FROM_RENDER,Requires action-specific assertion and route/actor/flag reconciliation
ACT-S-0792,SOURCE_CONTROL_CANDIDATE,BLOCKED,/admin/cms,src/routes/admin.cms.tsx:1486,Button,,UNMAPPED,NOT_INFERRED_FROM_RENDER,Requires action-specific assertion and route/actor/flag reconciliation
ACT-S-0793,SOURCE_CONTROL_CANDIDATE,BLOCKED,/admin/cms,src/routes/admin.cms.tsx:1510,TableSearch,,UNMAPPED,NOT_INFERRED_FROM_RENDER,Requires action-specific assertion and route/actor/flag reconciliation
ACT-S-0794,SOURCE_CONTROL_CANDIDATE,BLOCKED,/admin/cms,src/routes/admin.cms.tsx:1518,Button,,UNMAPPED,NOT_INFERRED_FROM_RENDER,Requires action-specific assertion and route/actor/flag reconciliation
ACT-S-0795,SOURCE_CONTROL_CANDIDATE,BLOCKED,/admin/cms,src/routes/admin.cms.tsx:1526,input,,UNMAPPED,NOT_INFERRED_FROM_RENDER,Requires action-specific assertion and route/actor/flag reconciliation
ACT-S-0796,SOURCE_CONTROL_CANDIDATE,BLOCKED,/admin/cms,src/routes/admin.cms.tsx:1555,a,,UNMAPPED,NOT_INFERRED_FROM_RENDER,Requires action-specific assertion and route/actor/flag reconciliation
ACT-S-0797,SOURCE_CONTROL_CANDIDATE,BLOCKED,/admin/cms,src/routes/admin.cms.tsx:1578,Button,,UNMAPPED,NOT_INFERRED_FROM_RENDER,Requires action-specific assertion and route/actor/flag reconciliation
ACT-S-0798,SOURCE_CONTROL_CANDIDATE,BLOCKED,/admin/cms,src/routes/admin.cms.tsx:1595,NoSearchMatch,,UNMAPPED,NOT_INFERRED_FROM_RENDER,Requires action-specific assertion and route/actor/flag reconciliation
ACT-S-0799,SOURCE_CONTROL_CANDIDATE,BLOCKED,/admin/cms,src/routes/admin.cms.tsx:1605,Button,,UNMAPPED,NOT_INFERRED_FROM_RENDER,Requires action-specific assertion and route/actor/flag reconciliation
ACT-S-0800,SOURCE_CONTROL_CANDIDATE,BLOCKED,/admin/cms,src/routes/admin.cms.tsx:1641,Button,,UNMAPPED,NOT_INFERRED_FROM_RENDER,Requires action-specific assertion and route/actor/flag reconciliation
ACT-S-0801,SOURCE_CONTROL_CANDIDATE,BLOCKED,/admin/cms,src/routes/admin.cms.tsx:1700,Button,,UNMAPPED,NOT_INFERRED_FROM_RENDER,Requires action-specific assertion and route/actor/flag reconciliation
ACT-S-0802,SOURCE_CONTROL_CANDIDATE,BLOCKED,/admin/cms,src/routes/admin.cms.tsx:1717,Button,,UNMAPPED,NOT_INFERRED_FROM_RENDER,Requires action-specific assertion and route/actor/flag reconciliation
ACT-S-0803,SOURCE_CONTROL_CANDIDATE,BLOCKED,/admin/cms,src/routes/admin.cms.tsx:1731,EstateDialog,,UNMAPPED,NOT_INFERRED_FROM_RENDER,Requires action-specific assertion and route/actor/flag reconciliation
ACT-S-0804,SOURCE_CONTROL_CANDIDATE,BLOCKED,/admin/cms,src/routes/admin.cms.tsx:1754,ArticleDialog,,UNMAPPED,NOT_INFERRED_FROM_RENDER,Requires action-specific assertion and route/actor/flag reconciliation
ACT-S-0805,SOURCE_CONTROL_CANDIDATE,BLOCKED,/admin/cms,src/routes/admin.cms.tsx:1777,CmsVideoDialog,,UNMAPPED,NOT_INFERRED_FROM_RENDER,Requires action-specific assertion and route/actor/flag reconciliation
ACT-S-0806,SOURCE_CONTROL_CANDIDATE,BLOCKED,/admin/cms,src/routes/admin.cms.tsx:1788,FaqDialog,,UNMAPPED,NOT_INFERRED_FROM_RENDER,Requires action-specific assertion and route/actor/flag reconciliation
ACT-S-0807,SOURCE_CONTROL_CANDIDATE,BLOCKED,/admin/cms,src/routes/admin.cms.tsx:1799,AdminConfirmDialog,,UNMAPPED,NOT_INFERRED_FROM_RENDER,Requires action-specific assertion and route/actor/flag reconciliation
ACT-S-0808,SOURCE_CONTROL_CANDIDATE,BLOCKED,/admin/cms,src/routes/admin.cms.tsx:1819,AdminConfirmDialog,,UNMAPPED,NOT_INFERRED_FROM_RENDER,Requires action-specific assertion and route/actor/flag reconciliation
ACT-S-0809,SOURCE_CONTROL_CANDIDATE,BLOCKED,/admin/cms,src/routes/admin.cms.tsx:1839,FaqImportDialog,,UNMAPPED,NOT_INFERRED_FROM_RENDER,Requires action-specific assertion and route/actor/flag reconciliation
ACT-S-0810,SOURCE_CONTROL_CANDIDATE,BLOCKED,/admin/cms,src/routes/admin.cms.tsx:1850,AdminConfirmDialog,,UNMAPPED,NOT_INFERRED_FROM_RENDER,Requires action-specific assertion and route/actor/flag reconciliation
ACT-S-0811,SOURCE_CONTROL_CANDIDATE,BLOCKED,/admin/cms,src/routes/admin.cms.tsx:1898,MediaDialog,,UNMAPPED,NOT_INFERRED_FROM_RENDER,Requires action-specific assertion and route/actor/flag reconciliation
ACT-S-0812,SOURCE_CONTROL_CANDIDATE,BLOCKED,/admin/cms,src/routes/admin.cms.tsx:1933,Dialog,,UNMAPPED,NOT_INFERRED_FROM_RENDER,Requires action-specific assertion and route/actor/flag reconciliation
ACT-S-0813,SOURCE_CONTROL_CANDIDATE,BLOCKED,/admin/cms,src/routes/admin.cms.tsx:1941,form,,UNMAPPED,NOT_INFERRED_FROM_RENDER,Requires action-specific assertion and route/actor/flag reconciliation
ACT-S-0814,SOURCE_CONTROL_CANDIDATE,BLOCKED,/admin/cms,src/routes/admin.cms.tsx:1942,TextField,,UNMAPPED,NOT_INFERRED_FROM_RENDER,Requires action-specific assertion and route/actor/flag reconciliation
ACT-S-0815,SOURCE_CONTROL_CANDIDATE,BLOCKED,/admin/cms,src/routes/admin.cms.tsx:1948,TextField,,UNMAPPED,NOT_INFERRED_FROM_RENDER,Requires action-specific assertion and route/actor/flag reconciliation
ACT-S-0816,SOURCE_CONTROL_CANDIDATE,BLOCKED,/admin/cms,src/routes/admin.cms.tsx:1954,TextAreaField,,UNMAPPED,NOT_INFERRED_FROM_RENDER,Requires action-specific assertion and route/actor/flag reconciliation
ACT-S-0817,SOURCE_CONTROL_CANDIDATE,BLOCKED,/admin/cms,src/routes/admin.cms.tsx:1960,NumberField,,UNMAPPED,NOT_INFERRED_FROM_RENDER,Requires action-specific assertion and route/actor/flag reconciliation
ACT-S-0818,SOURCE_CONTROL_CANDIDATE,BLOCKED,/admin/cms,src/routes/admin.cms.tsx:1966,Select,,UNMAPPED,NOT_INFERRED_FROM_RENDER,Requires action-specific assertion and route/actor/flag reconciliation
ACT-S-0819,SOURCE_CONTROL_CANDIDATE,BLOCKED,/admin/cms,src/routes/admin.cms.tsx:1987,Switch,,UNMAPPED,NOT_INFERRED_FROM_RENDER,Requires action-specific assertion and route/actor/flag reconciliation
ACT-S-0820,SOURCE_CONTROL_CANDIDATE,BLOCKED,/admin/cms,src/routes/admin.cms.tsx:1997,EditorFooter,,UNMAPPED,NOT_INFERRED_FROM_RENDER,Requires action-specific assertion and route/actor/flag reconciliation
ACT-S-0821,SOURCE_CONTROL_CANDIDATE,BLOCKED,/admin/cms,src/routes/admin.cms.tsx:1999,AdminContentCopilot,,UNMAPPED,NOT_INFERRED_FROM_RENDER,Requires action-specific assertion and route/actor/flag reconciliation
ACT-S-0822,SOURCE_CONTROL_CANDIDATE,BLOCKED,/admin/cms,src/routes/admin.cms.tsx:2062,Dialog,,UNMAPPED,NOT_INFERRED_FROM_RENDER,Requires action-specific assertion and route/actor/flag reconciliation
ACT-S-0823,SOURCE_CONTROL_CANDIDATE,BLOCKED,/admin/cms,src/routes/admin.cms.tsx:2070,form,,UNMAPPED,NOT_INFERRED_FROM_RENDER,Requires action-specific assertion and route/actor/flag reconciliation
ACT-S-0824,SOURCE_CONTROL_CANDIDATE,BLOCKED,/admin/cms,src/routes/admin.cms.tsx:2092,TextField,,UNMAPPED,NOT_INFERRED_FROM_RENDER,Requires action-specific assertion and route/actor/flag reconciliation
ACT-S-0825,SOURCE_CONTROL_CANDIDATE,BLOCKED,/admin/cms,src/routes/admin.cms.tsx:2098,TextField,,UNMAPPED,NOT_INFERRED_FROM_RENDER,Requires action-specific assertion and route/actor/flag reconciliation
ACT-S-0826,SOURCE_CONTROL_CANDIDATE,BLOCKED,/admin/cms,src/routes/admin.cms.tsx:2104,TextField,,UNMAPPED,NOT_INFERRED_FROM_RENDER,Requires action-specific assertion and route/actor/flag reconciliation
ACT-S-0827,SOURCE_CONTROL_CANDIDATE,BLOCKED,/admin/cms,src/routes/admin.cms.tsx:2109,CmsDistrictField,,UNMAPPED,NOT_INFERRED_FROM_RENDER,Requires action-specific assertion and route/actor/flag reconciliation
ACT-S-0828,SOURCE_CONTROL_CANDIDATE,BLOCKED,/admin/cms,src/routes/admin.cms.tsx:2113,TextField,,UNMAPPED,NOT_INFERRED_FROM_RENDER,Requires action-specific assertion and route/actor/flag reconciliation
ACT-S-0829,SOURCE_CONTROL_CANDIDATE,BLOCKED,/admin/cms,src/routes/admin.cms.tsx:2119,NumberField,,UNMAPPED,NOT_INFERRED_FROM_RENDER,Requires action-specific assertion and route/actor/flag reconciliation
ACT-S-0830,SOURCE_CONTROL_CANDIDATE,BLOCKED,/admin/cms,src/routes/admin.cms.tsx:2124,NumberField,,UNMAPPED,NOT_INFERRED_FROM_RENDER,Requires action-specific assertion and route/actor/flag reconciliation
ACT-S-0831,SOURCE_CONTROL_CANDIDATE,BLOCKED,/admin/cms,src/routes/admin.cms.tsx:2129,NumberField,,UNMAPPED,NOT_INFERRED_FROM_RENDER,Requires action-specific assertion and route/actor/flag reconciliation
ACT-S-0832,SOURCE_CONTROL_CANDIDATE,BLOCKED,/admin/cms,src/routes/admin.cms.tsx:2134,NumberField,,UNMAPPED,NOT_INFERRED_FROM_RENDER,Requires action-specific assertion and route/actor/flag reconciliation
ACT-S-0833,SOURCE_CONTROL_CANDIDATE,BLOCKED,/admin/cms,src/routes/admin.cms.tsx:2139,NumberField,,UNMAPPED,NOT_INFERRED_FROM_RENDER,Requires action-specific assertion and route/actor/flag reconciliation
ACT-S-0834,SOURCE_CONTROL_CANDIDATE,BLOCKED,/admin/cms,src/routes/admin.cms.tsx:2147,TextAreaField,,UNMAPPED,NOT_INFERRED_FROM_RENDER,Requires action-specific assertion and route/actor/flag reconciliation
ACT-S-0835,SOURCE_CONTROL_CANDIDATE,BLOCKED,/admin/cms,src/routes/admin.cms.tsx:2153,TextAreaField,,UNMAPPED,NOT_INFERRED_FROM_RENDER,Requires action-specific assertion and route/actor/flag reconciliation
ACT-S-0836,SOURCE_CONTROL_CANDIDATE,BLOCKED,/admin/cms,src/routes/admin.cms.tsx:2162,CmsImageField,,UNMAPPED,NOT_INFERRED_FROM_RENDER,Requires action-specific assertion and route/actor/flag reconciliation
ACT-S-0837,SOURCE_CONTROL_CANDIDATE,BLOCKED,/admin/cms,src/routes/admin.cms.tsx:2172,TextField,,UNMAPPED,NOT_INFERRED_FROM_RENDER,Requires action-specific assertion and route/actor/flag reconciliation
ACT-S-0838,SOURCE_CONTROL_CANDIDATE,BLOCKED,/admin/cms,src/routes/admin.cms.tsx:2177,TextAreaField,,UNMAPPED,NOT_INFERRED_FROM_RENDER,Requires action-specific assertion and route/actor/flag reconciliation
ACT-S-0839,SOURCE_CONTROL_CANDIDATE,BLOCKED,/admin/cms,src/routes/admin.cms.tsx:2189,AdminContentCopilot,,UNMAPPED,NOT_INFERRED_FROM_RENDER,Requires action-specific assertion and route/actor/flag reconciliation
ACT-S-0840,SOURCE_CONTROL_CANDIDATE,BLOCKED,/admin/cms,src/routes/admin.cms.tsx:2203,CmsRevisionHistory,,UNMAPPED,NOT_INFERRED_FROM_RENDER,Requires action-specific assertion and route/actor/flag reconciliation
ACT-S-0841,SOURCE_CONTROL_CANDIDATE,BLOCKED,/admin/cms,src/routes/admin.cms.tsx:2217,CmsPublishFooter,,UNMAPPED,NOT_INFERRED_FROM_RENDER,Requires action-specific assertion and route/actor/flag reconciliation
ACT-S-0842,SOURCE_CONTROL_CANDIDATE,BLOCKED,/admin/cms,src/routes/admin.cms.tsx:2228,AdminConfirmDialog,,UNMAPPED,NOT_INFERRED_FROM_RENDER,Requires action-specific assertion and route/actor/flag reconciliation
ACT-S-0843,SOURCE_CONTROL_CANDIDATE,BLOCKED,/admin/cms,src/routes/admin.cms.tsx:2295,Dialog,,UNMAPPED,NOT_INFERRED_FROM_RENDER,Requires action-specific assertion and route/actor/flag reconciliation
ACT-S-0844,SOURCE_CONTROL_CANDIDATE,BLOCKED,/admin/cms,src/routes/admin.cms.tsx:2305,form,,UNMAPPED,NOT_INFERRED_FROM_RENDER,Requires action-specific assertion and route/actor/flag reconciliation
ACT-S-0845,SOURCE_CONTROL_CANDIDATE,BLOCKED,/admin/cms,src/routes/admin.cms.tsx:2327,TextField,,UNMAPPED,NOT_INFERRED_FROM_RENDER,Requires action-specific assertion and route/actor/flag reconciliation
ACT-S-0846,SOURCE_CONTROL_CANDIDATE,BLOCKED,/admin/cms,src/routes/admin.cms.tsx:2333,TextField,,UNMAPPED,NOT_INFERRED_FROM_RENDER,Requires action-specific assertion and route/actor/flag reconciliation
ACT-S-0847,SOURCE_CONTROL_CANDIDATE,BLOCKED,/admin/cms,src/routes/admin.cms.tsx:2339,TextField,,UNMAPPED,NOT_INFERRED_FROM_RENDER,Requires action-specific assertion and route/actor/flag reconciliation
ACT-S-0848,SOURCE_CONTROL_CANDIDATE,BLOCKED,/admin/cms,src/routes/admin.cms.tsx:2344,NumberField,,UNMAPPED,NOT_INFERRED_FROM_RENDER,Requires action-specific assertion and route/actor/flag reconciliation
ACT-S-0849,SOURCE_CONTROL_CANDIDATE,BLOCKED,/admin/cms,src/routes/admin.cms.tsx:2352,TextAreaField,,UNMAPPED,NOT_INFERRED_FROM_RENDER,Requires action-specific assertion and route/actor/flag reconciliation
ACT-S-0850,SOURCE_CONTROL_CANDIDATE,BLOCKED,/admin/cms,src/routes/admin.cms.tsx:2358,TextAreaField,,UNMAPPED,NOT_INFERRED_FROM_RENDER,Requires action-specific assertion and route/actor/flag reconciliation
ACT-S-0851,SOURCE_CONTROL_CANDIDATE,BLOCKED,/admin/cms,src/routes/admin.cms.tsx:2367,CmsImageField,,UNMAPPED,NOT_INFERRED_FROM_RENDER,Requires action-specific assertion and route/actor/flag reconciliation
ACT-S-0852,SOURCE_CONTROL_CANDIDATE,BLOCKED,/admin/cms,src/routes/admin.cms.tsx:2377,TextField,,UNMAPPED,NOT_INFERRED_FROM_RENDER,Requires action-specific assertion and route/actor/flag reconciliation
ACT-S-0853,SOURCE_CONTROL_CANDIDATE,BLOCKED,/admin/cms,src/routes/admin.cms.tsx:2382,TextAreaField,,UNMAPPED,NOT_INFERRED_FROM_RENDER,Requires action-specific assertion and route/actor/flag reconciliation
ACT-S-0854,SOURCE_CONTROL_CANDIDATE,BLOCKED,/admin/cms,src/routes/admin.cms.tsx:2394,AdminContentCopilot,,UNMAPPED,NOT_INFERRED_FROM_RENDER,Requires action-specific assertion and route/actor/flag reconciliation
ACT-S-0855,SOURCE_CONTROL_CANDIDATE,BLOCKED,/admin/cms,src/routes/admin.cms.tsx:2408,CmsRevisionHistory,,UNMAPPED,NOT_INFERRED_FROM_RENDER,Requires action-specific assertion and route/actor/flag reconciliation
ACT-S-0856,SOURCE_CONTROL_CANDIDATE,BLOCKED,/admin/cms,src/routes/admin.cms.tsx:2422,CmsPublishFooter,,UNMAPPED,NOT_INFERRED_FROM_RENDER,Requires action-specific assertion and route/actor/flag reconciliation
ACT-S-0857,SOURCE_CONTROL_CANDIDATE,BLOCKED,/admin/cms,src/routes/admin.cms.tsx:2433,AdminConfirmDialog,,UNMAPPED,NOT_INFERRED_FROM_RENDER,Requires action-specific assertion and route/actor/flag reconciliation
ACT-S-0858,SOURCE_CONTROL_CANDIDATE,BLOCKED,/admin/cms,src/routes/admin.cms.tsx:2475,Dialog,,UNMAPPED,NOT_INFERRED_FROM_RENDER,Requires action-specific assertion and route/actor/flag reconciliation
ACT-S-0859,SOURCE_CONTROL_CANDIDATE,BLOCKED,/admin/cms,src/routes/admin.cms.tsx:2483,form,,UNMAPPED,NOT_INFERRED_FROM_RENDER,Requires action-specific assertion and route/actor/flag reconciliation
ACT-S-0860,SOURCE_CONTROL_CANDIDATE,BLOCKED,/admin/cms,src/routes/admin.cms.tsx:2485,TextField,,UNMAPPED,NOT_INFERRED_FROM_RENDER,Requires action-specific assertion and route/actor/flag reconciliation
ACT-S-0861,SOURCE_CONTROL_CANDIDATE,BLOCKED,/admin/cms,src/routes/admin.cms.tsx:2491,NumberField,,UNMAPPED,NOT_INFERRED_FROM_RENDER,Requires action-specific assertion and route/actor/flag reconciliation
ACT-S-0862,SOURCE_CONTROL_CANDIDATE,BLOCKED,/admin/cms,src/routes/admin.cms.tsx:2497,TextField,,UNMAPPED,NOT_INFERRED_FROM_RENDER,Requires action-specific assertion and route/actor/flag reconciliation
ACT-S-0863,SOURCE_CONTROL_CANDIDATE,BLOCKED,/admin/cms,src/routes/admin.cms.tsx:2503,TextAreaField,,UNMAPPED,NOT_INFERRED_FROM_RENDER,Requires action-specific assertion and route/actor/flag reconciliation
ACT-S-0864,SOURCE_CONTROL_CANDIDATE,BLOCKED,/admin/cms,src/routes/admin.cms.tsx:2510,EditorFooter,,UNMAPPED,NOT_INFERRED_FROM_RENDER,Requires action-specific assertion and route/actor/flag reconciliation
ACT-S-0865,SOURCE_CONTROL_CANDIDATE,BLOCKED,/admin/cms,src/routes/admin.cms.tsx:2512,AdminContentCopilot,,UNMAPPED,NOT_INFERRED_FROM_RENDER,Requires action-specific assertion and route/actor/flag reconciliation
ACT-S-0866,SOURCE_CONTROL_CANDIDATE,BLOCKED,/admin/cms,src/routes/admin.cms.tsx:2550,Dialog,,UNMAPPED,NOT_INFERRED_FROM_RENDER,Requires action-specific assertion and route/actor/flag reconciliation
ACT-S-0867,SOURCE_CONTROL_CANDIDATE,BLOCKED,/admin/cms,src/routes/admin.cms.tsx:2558,form,,UNMAPPED,NOT_INFERRED_FROM_RENDER,Requires action-specific assertion and route/actor/flag reconciliation
ACT-S-0868,SOURCE_CONTROL_CANDIDATE,BLOCKED,/admin/cms,src/routes/admin.cms.tsx:2559,TextField,,UNMAPPED,NOT_INFERRED_FROM_RENDER,Requires action-specific assertion and route/actor/flag reconciliation
ACT-S-0869,SOURCE_CONTROL_CANDIDATE,BLOCKED,/admin/cms,src/routes/admin.cms.tsx:2560,TextAreaField,,UNMAPPED,NOT_INFERRED_FROM_RENDER,Requires action-specific assertion and route/actor/flag reconciliation
ACT-S-0870,SOURCE_CONTROL_CANDIDATE,BLOCKED,/admin/cms,src/routes/admin.cms.tsx:2572,Button,,UNMAPPED,NOT_INFERRED_FROM_RENDER,Requires action-specific assertion and route/actor/flag reconciliation
ACT-S-0871,SOURCE_CONTROL_CANDIDATE,BLOCKED,/admin/cms,src/routes/admin.cms.tsx:2575,Button,,UNMAPPED,NOT_INFERRED_FROM_RENDER,Requires action-specific assertion and route/actor/flag reconciliation
ACT-S-0872,SOURCE_CONTROL_CANDIDATE,BLOCKED,/admin/cms,src/routes/admin.cms.tsx:2606,Dialog,,UNMAPPED,NOT_INFERRED_FROM_RENDER,Requires action-specific assertion and route/actor/flag reconciliation
ACT-S-0873,SOURCE_CONTROL_CANDIDATE,BLOCKED,/admin/cms,src/routes/admin.cms.tsx:2613,form,,UNMAPPED,NOT_INFERRED_FROM_RENDER,Requires action-specific assertion and route/actor/flag reconciliation
ACT-S-0874,SOURCE_CONTROL_CANDIDATE,BLOCKED,/admin/cms,src/routes/admin.cms.tsx:2615,a,,UNMAPPED,NOT_INFERRED_FROM_RENDER,Requires action-specific assertion and route/actor/flag reconciliation
ACT-S-0875,SOURCE_CONTROL_CANDIDATE,BLOCKED,/admin/cms,src/routes/admin.cms.tsx:2628,TextAreaField,,UNMAPPED,NOT_INFERRED_FROM_RENDER,Requires action-specific assertion and route/actor/flag reconciliation
ACT-S-0876,SOURCE_CONTROL_CANDIDATE,BLOCKED,/admin/cms,src/routes/admin.cms.tsx:2634,EditorFooter,,UNMAPPED,NOT_INFERRED_FROM_RENDER,Requires action-specific assertion and route/actor/flag reconciliation
ACT-S-0877,SOURCE_CONTROL_CANDIDATE,BLOCKED,/admin/cms,src/routes/admin.cms.tsx:2647,Button,,UNMAPPED,NOT_INFERRED_FROM_RENDER,Requires action-specific assertion and route/actor/flag reconciliation
ACT-S-0878,SOURCE_CONTROL_CANDIDATE,BLOCKED,/admin/cms,src/routes/admin.cms.tsx:2650,Button,,UNMAPPED,NOT_INFERRED_FROM_RENDER,Requires action-specific assertion and route/actor/flag reconciliation
ACT-S-0879,SOURCE_CONTROL_CANDIDATE,BLOCKED,/admin/cms,src/routes/admin.cms.tsx:2702,Button,,UNMAPPED,NOT_INFERRED_FROM_RENDER,Requires action-specific assertion and route/actor/flag reconciliation
ACT-S-0880,SOURCE_CONTROL_CANDIDATE,BLOCKED,/admin/cms,src/routes/admin.cms.tsx:2705,Button,,UNMAPPED,NOT_INFERRED_FROM_RENDER,Requires action-specific assertion and route/actor/flag reconciliation
ACT-S-0881,SOURCE_CONTROL_CANDIDATE,BLOCKED,/admin/cms,src/routes/admin.cms.tsx:2709,Button,,UNMAPPED,NOT_INFERRED_FROM_RENDER,Requires action-specific assertion and route/actor/flag reconciliation
ACT-S-0882,SOURCE_CONTROL_CANDIDATE,BLOCKED,/admin/cms,src/routes/admin.cms.tsx:2750,Button,,UNMAPPED,NOT_INFERRED_FROM_RENDER,Requires action-specific assertion and route/actor/flag reconciliation
ACT-S-0883,SOURCE_CONTROL_CANDIDATE,BLOCKED,/admin/cms,src/routes/admin.cms.tsx:2799,Input,,UNMAPPED,NOT_INFERRED_FROM_RENDER,Requires action-specific assertion and route/actor/flag reconciliation
ACT-S-0884,SOURCE_CONTROL_CANDIDATE,BLOCKED,/admin/cms,src/routes/admin.cms.tsx:2808,button,,UNMAPPED,NOT_INFERRED_FROM_RENDER,Requires action-specific assertion and route/actor/flag reconciliation
ACT-S-0885,SOURCE_CONTROL_CANDIDATE,BLOCKED,/admin/cms,src/routes/admin.cms.tsx:2863,Button,,UNMAPPED,NOT_INFERRED_FROM_RENDER,Requires action-specific assertion and route/actor/flag reconciliation
ACT-S-0886,SOURCE_CONTROL_CANDIDATE,BLOCKED,/admin/cms,src/routes/admin.cms.tsx:2895,Input,,UNMAPPED,NOT_INFERRED_FROM_RENDER,Requires action-specific assertion and route/actor/flag reconciliation
ACT-S-0887,SOURCE_CONTROL_CANDIDATE,BLOCKED,/admin/cms,src/routes/admin.cms.tsx:2916,Input,,UNMAPPED,NOT_INFERRED_FROM_RENDER,Requires action-specific assertion and route/actor/flag reconciliation
ACT-S-0888,SOURCE_CONTROL_CANDIDATE,BLOCKED,/admin/cms,src/routes/admin.cms.tsx:2940,Textarea,,UNMAPPED,NOT_INFERRED_FROM_RENDER,Requires action-specific assertion and route/actor/flag reconciliation
ACT-S-0889,SOURCE_CONTROL_CANDIDATE,BLOCKED,/admin/estates,src/routes/admin.estates.tsx:74,Input,,UNMAPPED,NOT_INFERRED_FROM_RENDER,Requires action-specific assertion and route/actor/flag reconciliation
ACT-S-0890,SOURCE_CONTROL_CANDIDATE,BLOCKED,/admin/estates,src/routes/admin.estates.tsx:84,Button,,UNMAPPED,NOT_INFERRED_FROM_RENDER,Requires action-specific assertion and route/actor/flag reconciliation
ACT-S-0891,SOURCE_CONTROL_CANDIDATE,BLOCKED,/admin/estates,src/routes/admin.estates.tsx:85,Link,,UNMAPPED,NOT_INFERRED_FROM_RENDER,Requires action-specific assertion and route/actor/flag reconciliation
ACT-S-0892,SOURCE_CONTROL_CANDIDATE,BLOCKED,/admin/estates,src/routes/admin.estates.tsx:99,Button,,UNMAPPED,NOT_INFERRED_FROM_RENDER,Requires action-specific assertion and route/actor/flag reconciliation
ACT-S-0893,SOURCE_CONTROL_CANDIDATE,BLOCKED,/admin/estates,src/routes/admin.estates.tsx:100,Link,,UNMAPPED,NOT_INFERRED_FROM_RENDER,Requires action-specific assertion and route/actor/flag reconciliation
ACT-S-0894,SOURCE_CONTROL_CANDIDATE,BLOCKED,/admin/estates,src/routes/admin.estates.tsx:125,Button,,UNMAPPED,NOT_INFERRED_FROM_RENDER,Requires action-specific assertion and route/actor/flag reconciliation
ACT-S-0895,SOURCE_CONTROL_CANDIDATE,BLOCKED,/admin/estates,src/routes/admin.estates.tsx:154,Button,,UNMAPPED,NOT_INFERRED_FROM_RENDER,Requires action-specific assertion and route/actor/flag reconciliation
ACT-S-0896,SOURCE_CONTROL_CANDIDATE,BLOCKED,/admin/estates,src/routes/admin.estates.tsx:155,Link,,UNMAPPED,NOT_INFERRED_FROM_RENDER,Requires action-specific assertion and route/actor/flag reconciliation
ACT-S-0897,SOURCE_CONTROL_CANDIDATE,BLOCKED,/admin/estates/$id,src/routes/admin.estates_.$id.tsx:56,Button,,UNMAPPED,NOT_INFERRED_FROM_RENDER,Requires action-specific assertion and route/actor/flag reconciliation
ACT-S-0898,SOURCE_CONTROL_CANDIDATE,BLOCKED,/admin/estates/$id,src/routes/admin.estates_.$id.tsx:57,Link,,UNMAPPED,NOT_INFERRED_FROM_RENDER,Requires action-specific assertion and route/actor/flag reconciliation
ACT-S-0899,SOURCE_CONTROL_CANDIDATE,BLOCKED,/admin/estates/$id,src/routes/admin.estates_.$id.tsx:66,Button,,UNMAPPED,NOT_INFERRED_FROM_RENDER,Requires action-specific assertion and route/actor/flag reconciliation
ACT-S-0900,SOURCE_CONTROL_CANDIDATE,BLOCKED,/admin/estates/$id,src/routes/admin.estates_.$id.tsx:67,Link,,UNMAPPED,NOT_INFERRED_FROM_RENDER,Requires action-specific assertion and route/actor/flag reconciliation
ACT-S-0901,SOURCE_CONTROL_CANDIDATE,BLOCKED,/admin/estates/$id,src/routes/admin.estates_.$id.tsx:72,AdminEstateEditorForm,,UNMAPPED,NOT_INFERRED_FROM_RENDER,Requires action-specific assertion and route/actor/flag reconciliation
ACT-S-0902,SOURCE_CONTROL_CANDIDATE,BLOCKED,/admin/estates/new,src/routes/admin.estates_.new.tsx:21,Button,,UNMAPPED,NOT_INFERRED_FROM_RENDER,Requires action-specific assertion and route/actor/flag reconciliation
ACT-S-0903,SOURCE_CONTROL_CANDIDATE,BLOCKED,/admin/estates/new,src/routes/admin.estates_.new.tsx:22,Link,,UNMAPPED,NOT_INFERRED_FROM_RENDER,Requires action-specific assertion and route/actor/flag reconciliation
ACT-S-0904,SOURCE_CONTROL_CANDIDATE,BLOCKED,/admin/estates/new,src/routes/admin.estates_.new.tsx:27,AdminEstateEditorForm,,UNMAPPED,NOT_INFERRED_FROM_RENDER,Requires action-specific assertion and route/actor/flag reconciliation
ACT-S-0905,SOURCE_CONTROL_CANDIDATE,BLOCKED,/admin/,src/routes/admin.index.tsx:104,Button,,ACTION_ASSERTION_LOCAL_PARTIAL,LOCAL_PARTIAL,266f8c7 actual daily overview explicit assertions at4 widths;only open-leads metric Link variant. True Auth/deep-link/expiry/full roles/other metric routes/flags pending. See daily-work-action-execution.csv;overlapping controls not extra business actions.
ACT-S-0906,SOURCE_CONTROL_CANDIDATE,BLOCKED,/admin/,src/routes/admin.index.tsx:269,Link,,ACTION_ASSERTION_LOCAL_PARTIAL,LOCAL_PARTIAL,266f8c7 actual daily overview explicit assertions at4 widths;only open-leads metric Link variant. True Auth/deep-link/expiry/full roles/other metric routes/flags pending. See daily-work-action-execution.csv;overlapping controls not extra business actions.
ACT-S-0907,SOURCE_CONTROL_CANDIDATE,BLOCKED,/admin/leads,src/routes/admin.leads.tsx:776,Input,,UNMAPPED,NOT_INFERRED_FROM_RENDER,Requires action-specific assertion and route/actor/flag reconciliation
ACT-S-0908,SOURCE_CONTROL_CANDIDATE,BLOCKED,/admin/leads,src/routes/admin.leads.tsx:785,Select,,UNMAPPED,NOT_INFERRED_FROM_RENDER,Requires action-specific assertion and route/actor/flag reconciliation
ACT-S-0909,SOURCE_CONTROL_CANDIDATE,BLOCKED,/admin/leads,src/routes/admin.leads.tsx:799,Select,,UNMAPPED,NOT_INFERRED_FROM_RENDER,Requires action-specific assertion and route/actor/flag reconciliation
ACT-S-0910,SOURCE_CONTROL_CANDIDATE,BLOCKED,/admin/leads,src/routes/admin.leads.tsx:817,Button,,UNMAPPED,NOT_INFERRED_FROM_RENDER,Requires action-specific assertion and route/actor/flag reconciliation
ACT-S-0911,SOURCE_CONTROL_CANDIDATE,BLOCKED,/admin/leads,src/routes/admin.leads.tsx:831,Button,,UNMAPPED,NOT_INFERRED_FROM_RENDER,Requires action-specific assertion and route/actor/flag reconciliation
ACT-S-0912,SOURCE_CONTROL_CANDIDATE,BLOCKED,/admin/leads,src/routes/admin.leads.tsx:834,Button,,UNMAPPED,NOT_INFERRED_FROM_RENDER,Requires action-specific assertion and route/actor/flag reconciliation
ACT-S-0913,SOURCE_CONTROL_CANDIDATE,BLOCKED,/admin/leads,src/routes/admin.leads.tsx:835,Link,,UNMAPPED,NOT_INFERRED_FROM_RENDER,Requires action-specific assertion and route/actor/flag reconciliation
ACT-S-0914,SOURCE_CONTROL_CANDIDATE,BLOCKED,/admin/leads,src/routes/admin.leads.tsx:850,Button,,UNMAPPED,NOT_INFERRED_FROM_RENDER,Requires action-specific assertion and route/actor/flag reconciliation
ACT-S-0915,SOURCE_CONTROL_CANDIDATE,BLOCKED,/admin/leads,src/routes/admin.leads.tsx:857,Button,,UNMAPPED,NOT_INFERRED_FROM_RENDER,Requires action-specific assertion and route/actor/flag reconciliation
ACT-S-0916,SOURCE_CONTROL_CANDIDATE,BLOCKED,/admin/leads,src/routes/admin.leads.tsx:873,AdminStatusSelect,,UNMAPPED,NOT_INFERRED_FROM_RENDER,Requires action-specific assertion and route/actor/flag reconciliation
ACT-S-0917,SOURCE_CONTROL_CANDIDATE,BLOCKED,/admin/leads,src/routes/admin.leads.tsx:879,AdminStatusSelect,,UNMAPPED,NOT_INFERRED_FROM_RENDER,Requires action-specific assertion and route/actor/flag reconciliation
ACT-S-0918,SOURCE_CONTROL_CANDIDATE,BLOCKED,/admin/leads,src/routes/admin.leads.tsx:885,Select,,UNMAPPED,NOT_INFERRED_FROM_RENDER,Requires action-specific assertion and route/actor/flag reconciliation
ACT-S-0919,SOURCE_CONTROL_CANDIDATE,BLOCKED,/admin/leads,src/routes/admin.leads.tsx:901,Button,,UNMAPPED,NOT_INFERRED_FROM_RENDER,Requires action-specific assertion and route/actor/flag reconciliation
ACT-S-0920,SOURCE_CONTROL_CANDIDATE,BLOCKED,/admin/leads,src/routes/admin.leads.tsx:908,Button,,UNMAPPED,NOT_INFERRED_FROM_RENDER,Requires action-specific assertion and route/actor/flag reconciliation
ACT-S-0921,SOURCE_CONTROL_CANDIDATE,BLOCKED,/admin/leads,src/routes/admin.leads.tsx:923,Button,,UNMAPPED,NOT_INFERRED_FROM_RENDER,Requires action-specific assertion and route/actor/flag reconciliation
ACT-S-0922,SOURCE_CONTROL_CANDIDATE,BLOCKED,/admin/leads,src/routes/admin.leads.tsx:935,AdminStatusSelect,,UNMAPPED,NOT_INFERRED_FROM_RENDER,Requires action-specific assertion and route/actor/flag reconciliation
ACT-S-0923,SOURCE_CONTROL_CANDIDATE,BLOCKED,/admin/leads,src/routes/admin.leads.tsx:942,Select,,UNMAPPED,NOT_INFERRED_FROM_RENDER,Requires action-specific assertion and route/actor/flag reconciliation
ACT-S-0924,SOURCE_CONTROL_CANDIDATE,BLOCKED,/admin/leads,src/routes/admin.leads.tsx:955,Button,,UNMAPPED,NOT_INFERRED_FROM_RENDER,Requires action-specific assertion and route/actor/flag reconciliation
ACT-S-0925,SOURCE_CONTROL_CANDIDATE,BLOCKED,/admin/leads,src/routes/admin.leads.tsx:964,Button,,UNMAPPED,NOT_INFERRED_FROM_RENDER,Requires action-specific assertion and route/actor/flag reconciliation
ACT-S-0926,SOURCE_CONTROL_CANDIDATE,BLOCKED,/admin/leads,src/routes/admin.leads.tsx:984,Checkbox,,UNMAPPED,NOT_INFERRED_FROM_RENDER,Requires action-specific assertion and route/actor/flag reconciliation
ACT-S-0927,SOURCE_CONTROL_CANDIDATE,BLOCKED,/admin/leads,src/routes/admin.leads.tsx:1005,LeadRow,,UNMAPPED,NOT_INFERRED_FROM_RENDER,Requires action-specific assertion and route/actor/flag reconciliation
ACT-S-0928,SOURCE_CONTROL_CANDIDATE,BLOCKED,/admin/leads,src/routes/admin.leads.tsx:1021,AdminDetailPanel,,UNMAPPED,NOT_INFERRED_FROM_RENDER,Requires action-specific assertion and route/actor/flag reconciliation
ACT-S-0929,SOURCE_CONTROL_CANDIDATE,BLOCKED,/admin/leads,src/routes/admin.leads.tsx:1029,Button,,UNMAPPED,NOT_INFERRED_FROM_RENDER,Requires action-specific assertion and route/actor/flag reconciliation
ACT-S-0930,SOURCE_CONTROL_CANDIDATE,BLOCKED,/admin/leads,src/routes/admin.leads.tsx:1038,Button,,UNMAPPED,NOT_INFERRED_FROM_RENDER,Requires action-specific assertion and route/actor/flag reconciliation
ACT-S-0931,SOURCE_CONTROL_CANDIDATE,BLOCKED,/admin/leads,src/routes/admin.leads.tsx:1054,Button,,UNMAPPED,NOT_INFERRED_FROM_RENDER,Requires action-specific assertion and route/actor/flag reconciliation
ACT-S-0932,SOURCE_CONTROL_CANDIDATE,BLOCKED,/admin/leads,src/routes/admin.leads.tsx:1065,LeadDetailEditor,,UNMAPPED,NOT_INFERRED_FROM_RENDER,Requires action-specific assertion and route/actor/flag reconciliation
ACT-S-0933,SOURCE_CONTROL_CANDIDATE,BLOCKED,/admin/leads,src/routes/admin.leads.tsx:1092,Dialog,,UNMAPPED,NOT_INFERRED_FROM_RENDER,Requires action-specific assertion and route/actor/flag reconciliation
ACT-S-0934,SOURCE_CONTROL_CANDIDATE,BLOCKED,/admin/leads,src/routes/admin.leads.tsx:1104,ForwardedEnquiryForm,,UNMAPPED,NOT_INFERRED_FROM_RENDER,Requires action-specific assertion and route/actor/flag reconciliation
ACT-S-0935,SOURCE_CONTROL_CANDIDATE,BLOCKED,/admin/leads,src/routes/admin.leads.tsx:1121,AdminConfirmDialog,,UNMAPPED,NOT_INFERRED_FROM_RENDER,Requires action-specific assertion and route/actor/flag reconciliation
ACT-S-0936,SOURCE_CONTROL_CANDIDATE,BLOCKED,/admin/leads,src/routes/admin.leads.tsx:1153,AdminConfirmDialog,,UNMAPPED,NOT_INFERRED_FROM_RENDER,Requires action-specific assertion and route/actor/flag reconciliation
ACT-S-0937,SOURCE_CONTROL_CANDIDATE,BLOCKED,/admin/leads,src/routes/admin.leads.tsx:1191,Checkbox,,UNMAPPED,NOT_INFERRED_FROM_RENDER,Requires action-specific assertion and route/actor/flag reconciliation
ACT-S-0938,SOURCE_CONTROL_CANDIDATE,BLOCKED,/admin/leads,src/routes/admin.leads.tsx:1198,button,,UNMAPPED,NOT_INFERRED_FROM_RENDER,Requires action-specific assertion and route/actor/flag reconciliation
ACT-S-0939,SOURCE_CONTROL_CANDIDATE,BLOCKED,/admin/leads,src/routes/admin.leads.tsx:1309,LeadContactEditor,,UNMAPPED,NOT_INFERRED_FROM_RENDER,Requires action-specific assertion and route/actor/flag reconciliation
ACT-S-0940,SOURCE_CONTROL_CANDIDATE,BLOCKED,/admin/leads,src/routes/admin.leads.tsx:1333,AdminStatusSelect,,UNMAPPED,NOT_INFERRED_FROM_RENDER,Requires action-specific assertion and route/actor/flag reconciliation
ACT-S-0941,SOURCE_CONTROL_CANDIDATE,BLOCKED,/admin/leads,src/routes/admin.leads.tsx:1343,Select,,UNMAPPED,NOT_INFERRED_FROM_RENDER,Requires action-specific assertion and route/actor/flag reconciliation
ACT-S-0942,SOURCE_CONTROL_CANDIDATE,BLOCKED,/admin/leads,src/routes/admin.leads.tsx:1372,AdminStatusSelect,,UNMAPPED,NOT_INFERRED_FROM_RENDER,Requires action-specific assertion and route/actor/flag reconciliation
ACT-S-0943,SOURCE_CONTROL_CANDIDATE,BLOCKED,/admin/leads,src/routes/admin.leads.tsx:1391,Input,,UNMAPPED,NOT_INFERRED_FROM_RENDER,Requires action-specific assertion and route/actor/flag reconciliation
ACT-S-0944,SOURCE_CONTROL_CANDIDATE,BLOCKED,/admin/leads,src/routes/admin.leads.tsx:1404,Input,,UNMAPPED,NOT_INFERRED_FROM_RENDER,Requires action-specific assertion and route/actor/flag reconciliation
ACT-S-0945,SOURCE_CONTROL_CANDIDATE,BLOCKED,/admin/leads,src/routes/admin.leads.tsx:1425,Textarea,,UNMAPPED,NOT_INFERRED_FROM_RENDER,Requires action-specific assertion and route/actor/flag reconciliation
ACT-S-0946,SOURCE_CONTROL_CANDIDATE,BLOCKED,/admin/leads,src/routes/admin.leads.tsx:1435,Textarea,,UNMAPPED,NOT_INFERRED_FROM_RENDER,Requires action-specific assertion and route/actor/flag reconciliation
ACT-S-0947,SOURCE_CONTROL_CANDIDATE,BLOCKED,/admin/leads,src/routes/admin.leads.tsx:1456,Textarea,,UNMAPPED,NOT_INFERRED_FROM_RENDER,Requires action-specific assertion and route/actor/flag reconciliation
ACT-S-0948,SOURCE_CONTROL_CANDIDATE,BLOCKED,/admin/leads,src/routes/admin.leads.tsx:1472,Button,,UNMAPPED,NOT_INFERRED_FROM_RENDER,Requires action-specific assertion and route/actor/flag reconciliation
ACT-S-0949,SOURCE_CONTROL_CANDIDATE,BLOCKED,/admin/leads,src/routes/admin.leads.tsx:1523,Button,,UNMAPPED,NOT_INFERRED_FROM_RENDER,Requires action-specific assertion and route/actor/flag reconciliation
ACT-S-0950,SOURCE_CONTROL_CANDIDATE,BLOCKED,/admin/leads,src/routes/admin.leads.tsx:1598,Button,,UNMAPPED,NOT_INFERRED_FROM_RENDER,Requires action-specific assertion and route/actor/flag reconciliation
ACT-S-0951,SOURCE_CONTROL_CANDIDATE,BLOCKED,/admin/leads,src/routes/admin.leads.tsx:1608,Button,,UNMAPPED,NOT_INFERRED_FROM_RENDER,Requires action-specific assertion and route/actor/flag reconciliation
ACT-S-0952,SOURCE_CONTROL_CANDIDATE,BLOCKED,/admin/leads/command-center,src/routes/admin.leads_.command-center.tsx:215,Button,,UNMAPPED,NOT_INFERRED_FROM_RENDER,Requires action-specific assertion and route/actor/flag reconciliation
ACT-S-0953,SOURCE_CONTROL_CANDIDATE,BLOCKED,/admin/leads/command-center,src/routes/admin.leads_.command-center.tsx:237,Button,,UNMAPPED,NOT_INFERRED_FROM_RENDER,Requires action-specific assertion and route/actor/flag reconciliation
ACT-S-0954,SOURCE_CONTROL_CANDIDATE,BLOCKED,/admin/leads/command-center,src/routes/admin.leads_.command-center.tsx:248,Button,,UNMAPPED,NOT_INFERRED_FROM_RENDER,Requires action-specific assertion and route/actor/flag reconciliation
ACT-S-0955,SOURCE_CONTROL_CANDIDATE,BLOCKED,/admin/leads/command-center,src/routes/admin.leads_.command-center.tsx:249,Link,,UNMAPPED,NOT_INFERRED_FROM_RENDER,Requires action-specific assertion and route/actor/flag reconciliation
ACT-S-0956,SOURCE_CONTROL_CANDIDATE,BLOCKED,/admin/leads/command-center,src/routes/admin.leads_.command-center.tsx:293,button,,UNMAPPED,NOT_INFERRED_FROM_RENDER,Requires action-specific assertion and route/actor/flag reconciliation
ACT-S-0957,SOURCE_CONTROL_CANDIDATE,BLOCKED,/admin/leads/command-center,src/routes/admin.leads_.command-center.tsx:334,AdminDetailPanel,,UNMAPPED,NOT_INFERRED_FROM_RENDER,Requires action-specific assertion and route/actor/flag reconciliation
ACT-S-0958,SOURCE_CONTROL_CANDIDATE,BLOCKED,/admin/leads/command-center,src/routes/admin.leads_.command-center.tsx:351,Button,,UNMAPPED,NOT_INFERRED_FROM_RENDER,Requires action-specific assertion and route/actor/flag reconciliation
ACT-S-0959,SOURCE_CONTROL_CANDIDATE,BLOCKED,/admin/leads/command-center,src/routes/admin.leads_.command-center.tsx:352,Link,,UNMAPPED,NOT_INFERRED_FROM_RENDER,Requires action-specific assertion and route/actor/flag reconciliation
ACT-S-0960,SOURCE_CONTROL_CANDIDATE,BLOCKED,/admin/leads/command-center,src/routes/admin.leads_.command-center.tsx:357,Button,,UNMAPPED,NOT_INFERRED_FROM_RENDER,Requires action-specific assertion and route/actor/flag reconciliation
ACT-S-0961,SOURCE_CONTROL_CANDIDATE,BLOCKED,/admin/leads/command-center,src/routes/admin.leads_.command-center.tsx:358,Link,,UNMAPPED,NOT_INFERRED_FROM_RENDER,Requires action-specific assertion and route/actor/flag reconciliation
ACT-S-0962,SOURCE_CONTROL_CANDIDATE,BLOCKED,/admin/leads/command-center,src/routes/admin.leads_.command-center.tsx:366,Button,,UNMAPPED,NOT_INFERRED_FROM_RENDER,Requires action-specific assertion and route/actor/flag reconciliation
ACT-S-0963,SOURCE_CONTROL_CANDIDATE,BLOCKED,/admin/listings,src/routes/admin.listings.tsx:179,Link,,UNMAPPED,NOT_INFERRED_FROM_RENDER,Requires action-specific assertion and route/actor/flag reconciliation
ACT-S-0964,SOURCE_CONTROL_CANDIDATE,BLOCKED,/admin/listings,src/routes/admin.listings.tsx:184,Input,,UNMAPPED,NOT_INFERRED_FROM_RENDER,Requires action-specific assertion and route/actor/flag reconciliation
ACT-S-0965,SOURCE_CONTROL_CANDIDATE,BLOCKED,/admin/listings,src/routes/admin.listings.tsx:191,select,,UNMAPPED,NOT_INFERRED_FROM_RENDER,Requires action-specific assertion and route/actor/flag reconciliation
ACT-S-0966,SOURCE_CONTROL_CANDIDATE,BLOCKED,/admin/listings,src/routes/admin.listings.tsx:205,select,,UNMAPPED,NOT_INFERRED_FROM_RENDER,Requires action-specific assertion and route/actor/flag reconciliation
ACT-S-0967,SOURCE_CONTROL_CANDIDATE,BLOCKED,/admin/listings,src/routes/admin.listings.tsx:216,select,,UNMAPPED,NOT_INFERRED_FROM_RENDER,Requires action-specific assertion and route/actor/flag reconciliation
ACT-S-0968,SOURCE_CONTROL_CANDIDATE,BLOCKED,/admin/listings,src/routes/admin.listings.tsx:226,select,,UNMAPPED,NOT_INFERRED_FROM_RENDER,Requires action-specific assertion and route/actor/flag reconciliation
ACT-S-0969,SOURCE_CONTROL_CANDIDATE,BLOCKED,/admin/listings,src/routes/admin.listings.tsx:239,select,,UNMAPPED,NOT_INFERRED_FROM_RENDER,Requires action-specific assertion and route/actor/flag reconciliation
ACT-S-0970,SOURCE_CONTROL_CANDIDATE,BLOCKED,/admin/listings,src/routes/admin.listings.tsx:252,select,,UNMAPPED,NOT_INFERRED_FROM_RENDER,Requires action-specific assertion and route/actor/flag reconciliation
ACT-S-0971,SOURCE_CONTROL_CANDIDATE,BLOCKED,/admin/listings,src/routes/admin.listings.tsx:265,select,,UNMAPPED,NOT_INFERRED_FROM_RENDER,Requires action-specific assertion and route/actor/flag reconciliation
ACT-S-0972,SOURCE_CONTROL_CANDIDATE,BLOCKED,/admin/listings,src/routes/admin.listings.tsx:274,select,,UNMAPPED,NOT_INFERRED_FROM_RENDER,Requires action-specific assertion and route/actor/flag reconciliation
ACT-S-0973,SOURCE_CONTROL_CANDIDATE,BLOCKED,/admin/listings,src/routes/admin.listings.tsx:286,Button,,UNMAPPED,NOT_INFERRED_FROM_RENDER,Requires action-specific assertion and route/actor/flag reconciliation
ACT-S-0974,SOURCE_CONTROL_CANDIDATE,BLOCKED,/admin/listings,src/routes/admin.listings.tsx:289,Button,,UNMAPPED,NOT_INFERRED_FROM_RENDER,Requires action-specific assertion and route/actor/flag reconciliation
ACT-S-0975,SOURCE_CONTROL_CANDIDATE,BLOCKED,/admin/listings,src/routes/admin.listings.tsx:290,Link,,UNMAPPED,NOT_INFERRED_FROM_RENDER,Requires action-specific assertion and route/actor/flag reconciliation
ACT-S-0976,SOURCE_CONTROL_CANDIDATE,BLOCKED,/admin/listings,src/routes/admin.listings.tsx:296,Button,,UNMAPPED,NOT_INFERRED_FROM_RENDER,Requires action-specific assertion and route/actor/flag reconciliation
ACT-S-0977,SOURCE_CONTROL_CANDIDATE,BLOCKED,/admin/listings,src/routes/admin.listings.tsx:315,Button,,UNMAPPED,NOT_INFERRED_FROM_RENDER,Requires action-specific assertion and route/actor/flag reconciliation
ACT-S-0978,SOURCE_CONTROL_CANDIDATE,BLOCKED,/admin/listings,src/routes/admin.listings.tsx:339,AdminPropertyBulkActions,,UNMAPPED,NOT_INFERRED_FROM_RENDER,Requires action-specific assertion and route/actor/flag reconciliation
ACT-S-0979,SOURCE_CONTROL_CANDIDATE,BLOCKED,/admin/listings,src/routes/admin.listings.tsx:360,AdminPropertyTable,,UNMAPPED,NOT_INFERRED_FROM_RENDER,Requires action-specific assertion and route/actor/flag reconciliation
ACT-S-0980,SOURCE_CONTROL_CANDIDATE,BLOCKED,/admin/listings,src/routes/admin.listings.tsx:383,Button,,UNMAPPED,NOT_INFERRED_FROM_RENDER,Requires action-specific assertion and route/actor/flag reconciliation
ACT-S-0981,SOURCE_CONTROL_CANDIDATE,BLOCKED,/admin/listings,src/routes/admin.listings.tsx:393,Button,,UNMAPPED,NOT_INFERRED_FROM_RENDER,Requires action-specific assertion and route/actor/flag reconciliation
ACT-S-0982,SOURCE_CONTROL_CANDIDATE,BLOCKED,/admin/listings/$id,src/routes/admin.listings_.$id.tsx:53,Link,,UNMAPPED,NOT_INFERRED_FROM_RENDER,Requires action-specific assertion and route/actor/flag reconciliation
ACT-S-0983,SOURCE_CONTROL_CANDIDATE,BLOCKED,/admin/listings/$id,src/routes/admin.listings_.$id.tsx:58,Button,,UNMAPPED,NOT_INFERRED_FROM_RENDER,Requires action-specific assertion and route/actor/flag reconciliation
ACT-S-0984,SOURCE_CONTROL_CANDIDATE,BLOCKED,/admin/listings/$id,src/routes/admin.listings_.$id.tsx:59,Link,,UNMAPPED,NOT_INFERRED_FROM_RENDER,Requires action-specific assertion and route/actor/flag reconciliation
ACT-S-0985,SOURCE_CONTROL_CANDIDATE,BLOCKED,/admin/listings/$id,src/routes/admin.listings_.$id.tsx:65,Button,,UNMAPPED,NOT_INFERRED_FROM_RENDER,Requires action-specific assertion and route/actor/flag reconciliation
ACT-S-0986,SOURCE_CONTROL_CANDIDATE,BLOCKED,/admin/listings/new,src/routes/admin.listings_.new.tsx:24,Link,,UNMAPPED,NOT_INFERRED_FROM_RENDER,Requires action-specific assertion and route/actor/flag reconciliation
ACT-S-0987,SOURCE_CONTROL_CANDIDATE,BLOCKED,/admin/listings/new,src/routes/admin.listings_.new.tsx:28,Link,,UNMAPPED,NOT_INFERRED_FROM_RENDER,Requires action-specific assertion and route/actor/flag reconciliation
ACT-S-0988,SOURCE_CONTROL_CANDIDATE,BLOCKED,/admin/listings/new,src/routes/admin.listings_.new.tsx:36,Button,,UNMAPPED,NOT_INFERRED_FROM_RENDER,Requires action-specific assertion and route/actor/flag reconciliation
ACT-S-0989,SOURCE_CONTROL_CANDIDATE,BLOCKED,/admin/listings/new,src/routes/admin.listings_.new.tsx:37,Link,,UNMAPPED,NOT_INFERRED_FROM_RENDER,Requires action-specific assertion and route/actor/flag reconciliation
ACT-S-0990,SOURCE_CONTROL_CANDIDATE,BLOCKED,/admin/listings/new,src/routes/admin.listings_.new.tsx:42,PropertyForm,,UNMAPPED,NOT_INFERRED_FROM_RENDER,Requires action-specific assertion and route/actor/flag reconciliation
ACT-S-0991,SOURCE_CONTROL_CANDIDATE,BLOCKED,/admin/operations,src/routes/admin.operations.tsx:211,Button,,UNMAPPED,NOT_INFERRED_FROM_RENDER,Requires action-specific assertion and route/actor/flag reconciliation
ACT-S-0992,SOURCE_CONTROL_CANDIDATE,BLOCKED,/admin/operations,src/routes/admin.operations.tsx:233,Tabs.Root,,UNMAPPED,NOT_INFERRED_FROM_RENDER,Requires action-specific assertion and route/actor/flag reconciliation
ACT-S-0993,SOURCE_CONTROL_CANDIDATE,BLOCKED,/admin/operations,src/routes/admin.operations.tsx:260,AdminOperationsOverview,,UNMAPPED,NOT_INFERRED_FROM_RENDER,Requires action-specific assertion and route/actor/flag reconciliation
ACT-S-0994,SOURCE_CONTROL_CANDIDATE,BLOCKED,/admin/operations,src/routes/admin.operations.tsx:270,AdminOperationsJobs,,UNMAPPED,NOT_INFERRED_FROM_RENDER,Requires action-specific assertion and route/actor/flag reconciliation
ACT-S-0995,SOURCE_CONTROL_CANDIDATE,BLOCKED,/admin/operations,src/routes/admin.operations.tsx:281,AdminOperationsMigrations,,UNMAPPED,NOT_INFERRED_FROM_RENDER,Requires action-specific assertion and route/actor/flag reconciliation
ACT-S-0996,SOURCE_CONTROL_CANDIDATE,BLOCKED,/admin/segments,src/routes/admin.segments.tsx:354,Select,,UNMAPPED,NOT_INFERRED_FROM_RENDER,Requires action-specific assertion and route/actor/flag reconciliation
ACT-S-0997,SOURCE_CONTROL_CANDIDATE,BLOCKED,/admin/segments,src/routes/admin.segments.tsx:367,Button,,UNMAPPED,NOT_INFERRED_FROM_RENDER,Requires action-specific assertion and route/actor/flag reconciliation
ACT-S-0998,SOURCE_CONTROL_CANDIDATE,BLOCKED,/admin/segments,src/routes/admin.segments.tsx:381,Button,,UNMAPPED,NOT_INFERRED_FROM_RENDER,Requires action-specific assertion and route/actor/flag reconciliation
ACT-S-0999,SOURCE_CONTROL_CANDIDATE,BLOCKED,/admin/segments,src/routes/admin.segments.tsx:385,Button,,UNMAPPED,NOT_INFERRED_FROM_RENDER,Requires action-specific assertion and route/actor/flag reconciliation
ACT-S-1000,SOURCE_CONTROL_CANDIDATE,BLOCKED,/admin/segments,src/routes/admin.segments.tsx:389,Button,,UNMAPPED,NOT_INFERRED_FROM_RENDER,Requires action-specific assertion and route/actor/flag reconciliation
ACT-S-1001,SOURCE_CONTROL_CANDIDATE,BLOCKED,/admin/segments,src/routes/admin.segments.tsx:416,Input,,UNMAPPED,NOT_INFERRED_FROM_RENDER,Requires action-specific assertion and route/actor/flag reconciliation
ACT-S-1002,SOURCE_CONTROL_CANDIDATE,BLOCKED,/admin/segments,src/routes/admin.segments.tsx:425,Select,,UNMAPPED,NOT_INFERRED_FROM_RENDER,Requires action-specific assertion and route/actor/flag reconciliation
ACT-S-1003,SOURCE_CONTROL_CANDIDATE,BLOCKED,/admin/segments,src/routes/admin.segments.tsx:443,Textarea,,UNMAPPED,NOT_INFERRED_FROM_RENDER,Requires action-specific assertion and route/actor/flag reconciliation
ACT-S-1004,SOURCE_CONTROL_CANDIDATE,BLOCKED,/admin/segments,src/routes/admin.segments.tsx:510,Button,,UNMAPPED,NOT_INFERRED_FROM_RENDER,Requires action-specific assertion and route/actor/flag reconciliation
ACT-S-1005,SOURCE_CONTROL_CANDIDATE,BLOCKED,/admin/segments,src/routes/admin.segments.tsx:540,button,,UNMAPPED,NOT_INFERRED_FROM_RENDER,Requires action-specific assertion and route/actor/flag reconciliation
ACT-S-1006,SOURCE_CONTROL_CANDIDATE,BLOCKED,/admin/segments,src/routes/admin.segments.tsx:558,Button,,UNMAPPED,NOT_INFERRED_FROM_RENDER,Requires action-specific assertion and route/actor/flag reconciliation
ACT-S-1007,SOURCE_CONTROL_CANDIDATE,BLOCKED,/admin/segments,src/routes/admin.segments.tsx:591,AdminConfirmDialog,,UNMAPPED,NOT_INFERRED_FROM_RENDER,Requires action-specific assertion and route/actor/flag reconciliation
ACT-S-1008,SOURCE_CONTROL_CANDIDATE,BLOCKED,/admin/segments,src/routes/admin.segments.tsx:625,AdminConfirmDialog,,UNMAPPED,NOT_INFERRED_FROM_RENDER,Requires action-specific assertion and route/actor/flag reconciliation
ACT-S-1009,SOURCE_CONTROL_CANDIDATE,BLOCKED,/admin/team,src/routes/admin.team.tsx:459,Dialog,,UNMAPPED,NOT_INFERRED_FROM_RENDER,Requires action-specific assertion and route/actor/flag reconciliation
ACT-S-1010,SOURCE_CONTROL_CANDIDATE,BLOCKED,/admin/team,src/routes/admin.team.tsx:466,DialogTrigger,,UNMAPPED,NOT_INFERRED_FROM_RENDER,Requires action-specific assertion and route/actor/flag reconciliation
ACT-S-1011,SOURCE_CONTROL_CANDIDATE,BLOCKED,/admin/team,src/routes/admin.team.tsx:467,Button,,UNMAPPED,NOT_INFERRED_FROM_RENDER,Requires action-specific assertion and route/actor/flag reconciliation
ACT-S-1012,SOURCE_CONTROL_CANDIDATE,BLOCKED,/admin/team,src/routes/admin.team.tsx:482,Input,,UNMAPPED,NOT_INFERRED_FROM_RENDER,Requires action-specific assertion and route/actor/flag reconciliation
ACT-S-1013,SOURCE_CONTROL_CANDIDATE,BLOCKED,/admin/team,src/routes/admin.team.tsx:490,Input,,UNMAPPED,NOT_INFERRED_FROM_RENDER,Requires action-specific assertion and route/actor/flag reconciliation
ACT-S-1014,SOURCE_CONTROL_CANDIDATE,BLOCKED,/admin/team,src/routes/admin.team.tsx:502,Checkbox,,UNMAPPED,NOT_INFERRED_FROM_RENDER,Requires action-specific assertion and route/actor/flag reconciliation
ACT-S-1015,SOURCE_CONTROL_CANDIDATE,BLOCKED,/admin/team,src/routes/admin.team.tsx:518,Button,,UNMAPPED,NOT_INFERRED_FROM_RENDER,Requires action-specific assertion and route/actor/flag reconciliation
ACT-S-1016,SOURCE_CONTROL_CANDIDATE,BLOCKED,/admin/team,src/routes/admin.team.tsx:521,Button,,UNMAPPED,NOT_INFERRED_FROM_RENDER,Requires action-specific assertion and route/actor/flag reconciliation
ACT-S-1017,SOURCE_CONTROL_CANDIDATE,BLOCKED,/admin/team,src/routes/admin.team.tsx:534,Button,,UNMAPPED,NOT_INFERRED_FROM_RENDER,Requires action-specific assertion and route/actor/flag reconciliation
ACT-S-1018,SOURCE_CONTROL_CANDIDATE,BLOCKED,/admin/team,src/routes/admin.team.tsx:545,Input,,UNMAPPED,NOT_INFERRED_FROM_RENDER,Requires action-specific assertion and route/actor/flag reconciliation
ACT-S-1019,SOURCE_CONTROL_CANDIDATE,BLOCKED,/admin/team,src/routes/admin.team.tsx:550,AdminTeamFilters,,UNMAPPED,NOT_INFERRED_FROM_RENDER,Requires action-specific assertion and route/actor/flag reconciliation
ACT-S-1020,SOURCE_CONTROL_CANDIDATE,BLOCKED,/admin/team,src/routes/admin.team.tsx:581,Button,,UNMAPPED,NOT_INFERRED_FROM_RENDER,Requires action-specific assertion and route/actor/flag reconciliation
ACT-S-1021,SOURCE_CONTROL_CANDIDATE,BLOCKED,/admin/team,src/routes/admin.team.tsx:594,AdminTeamTable,,UNMAPPED,NOT_INFERRED_FROM_RENDER,Requires action-specific assertion and route/actor/flag reconciliation
ACT-S-1022,SOURCE_CONTROL_CANDIDATE,BLOCKED,/admin/team,src/routes/admin.team.tsx:601,AdminTeamMemberCard,,UNMAPPED,NOT_INFERRED_FROM_RENDER,Requires action-specific assertion and route/actor/flag reconciliation
ACT-S-1023,SOURCE_CONTROL_CANDIDATE,BLOCKED,/admin/team,src/routes/admin.team.tsx:612,Button,,UNMAPPED,NOT_INFERRED_FROM_RENDER,Requires action-specific assertion and route/actor/flag reconciliation
ACT-S-1024,SOURCE_CONTROL_CANDIDATE,BLOCKED,/admin/team,src/routes/admin.team.tsx:632,AdminDetailPanel,,UNMAPPED,NOT_INFERRED_FROM_RENDER,Requires action-specific assertion and route/actor/flag reconciliation
ACT-S-1025,SOURCE_CONTROL_CANDIDATE,BLOCKED,/admin/team,src/routes/admin.team.tsx:643,AdminTeamDetailPanel,,UNMAPPED,NOT_INFERRED_FROM_RENDER,Requires action-specific assertion and route/actor/flag reconciliation
ACT-S-1026,SOURCE_CONTROL_CANDIDATE,BLOCKED,/admin/team,src/routes/admin.team.tsx:657,AdminTeamDialogs,,UNMAPPED,NOT_INFERRED_FROM_RENDER,Requires action-specific assertion and route/actor/flag reconciliation
ACT-S-1027,SOURCE_CONTROL_CANDIDATE,BLOCKED,/admin/transactions,src/routes/admin.transactions.tsx:121,Input,,UNMAPPED,NOT_INFERRED_FROM_RENDER,Requires action-specific assertion and route/actor/flag reconciliation
ACT-S-1028,SOURCE_CONTROL_CANDIDATE,BLOCKED,/admin/transactions,src/routes/admin.transactions.tsx:128,Select,,UNMAPPED,NOT_INFERRED_FROM_RENDER,Requires action-specific assertion and route/actor/flag reconciliation
ACT-S-1029,SOURCE_CONTROL_CANDIDATE,BLOCKED,/admin/transactions,src/routes/admin.transactions.tsx:143,Select,,UNMAPPED,NOT_INFERRED_FROM_RENDER,Requires action-specific assertion and route/actor/flag reconciliation
ACT-S-1030,SOURCE_CONTROL_CANDIDATE,BLOCKED,/admin/transactions,src/routes/admin.transactions.tsx:159,Select,,UNMAPPED,NOT_INFERRED_FROM_RENDER,Requires action-specific assertion and route/actor/flag reconciliation
ACT-S-1031,SOURCE_CONTROL_CANDIDATE,BLOCKED,/admin/transactions,src/routes/admin.transactions.tsx:179,Select,,UNMAPPED,NOT_INFERRED_FROM_RENDER,Requires action-specific assertion and route/actor/flag reconciliation
ACT-S-1032,SOURCE_CONTROL_CANDIDATE,BLOCKED,/admin/transactions,src/routes/admin.transactions.tsx:204,Button,,UNMAPPED,NOT_INFERRED_FROM_RENDER,Requires action-specific assertion and route/actor/flag reconciliation
ACT-S-1033,SOURCE_CONTROL_CANDIDATE,BLOCKED,/admin/transactions,src/routes/admin.transactions.tsx:205,Link,,UNMAPPED,NOT_INFERRED_FROM_RENDER,Requires action-specific assertion and route/actor/flag reconciliation
ACT-S-1034,SOURCE_CONTROL_CANDIDATE,BLOCKED,/admin/transactions,src/routes/admin.transactions.tsx:220,Button,,UNMAPPED,NOT_INFERRED_FROM_RENDER,Requires action-specific assertion and route/actor/flag reconciliation
ACT-S-1035,SOURCE_CONTROL_CANDIDATE,BLOCKED,/admin/transactions,src/routes/admin.transactions.tsx:221,Link,,UNMAPPED,NOT_INFERRED_FROM_RENDER,Requires action-specific assertion and route/actor/flag reconciliation
ACT-S-1036,SOURCE_CONTROL_CANDIDATE,BLOCKED,/admin/transactions,src/routes/admin.transactions.tsx:296,Button,,UNMAPPED,NOT_INFERRED_FROM_RENDER,Requires action-specific assertion and route/actor/flag reconciliation
ACT-S-1037,SOURCE_CONTROL_CANDIDATE,BLOCKED,/admin/transactions,src/routes/admin.transactions.tsx:297,Link,,UNMAPPED,NOT_INFERRED_FROM_RENDER,Requires action-specific assertion and route/actor/flag reconciliation
ACT-S-1038,SOURCE_CONTROL_CANDIDATE,BLOCKED,/admin/transactions/$id,src/routes/admin.transactions_.$id.tsx:75,Link,,UNMAPPED,NOT_INFERRED_FROM_RENDER,Requires action-specific assertion and route/actor/flag reconciliation
ACT-S-1039,SOURCE_CONTROL_CANDIDATE,BLOCKED,/admin/transactions/$id,src/routes/admin.transactions_.$id.tsx:79,Link,,UNMAPPED,NOT_INFERRED_FROM_RENDER,Requires action-specific assertion and route/actor/flag reconciliation
ACT-S-1040,SOURCE_CONTROL_CANDIDATE,BLOCKED,/admin/transactions/$id,src/routes/admin.transactions_.$id.tsx:87,Button,,UNMAPPED,NOT_INFERRED_FROM_RENDER,Requires action-specific assertion and route/actor/flag reconciliation
ACT-S-1041,SOURCE_CONTROL_CANDIDATE,BLOCKED,/admin/transactions/$id,src/routes/admin.transactions_.$id.tsx:88,Link,,UNMAPPED,NOT_INFERRED_FROM_RENDER,Requires action-specific assertion and route/actor/flag reconciliation
ACT-S-1042,SOURCE_CONTROL_CANDIDATE,BLOCKED,/admin/transactions/$id,src/routes/admin.transactions_.$id.tsx:97,Button,,UNMAPPED,NOT_INFERRED_FROM_RENDER,Requires action-specific assertion and route/actor/flag reconciliation
ACT-S-1043,SOURCE_CONTROL_CANDIDATE,BLOCKED,/admin/transactions/$id,src/routes/admin.transactions_.$id.tsx:98,Link,,UNMAPPED,NOT_INFERRED_FROM_RENDER,Requires action-specific assertion and route/actor/flag reconciliation
ACT-S-1044,SOURCE_CONTROL_CANDIDATE,BLOCKED,/admin/transactions/$id,src/routes/admin.transactions_.$id.tsx:104,TransactionForm,,UNMAPPED,NOT_INFERRED_FROM_RENDER,Requires action-specific assertion and route/actor/flag reconciliation
ACT-S-1045,SOURCE_CONTROL_CANDIDATE,BLOCKED,/admin/transactions/new,src/routes/admin.transactions_.new.tsx:26,Link,,UNMAPPED,NOT_INFERRED_FROM_RENDER,Requires action-specific assertion and route/actor/flag reconciliation
ACT-S-1046,SOURCE_CONTROL_CANDIDATE,BLOCKED,/admin/transactions/new,src/routes/admin.transactions_.new.tsx:30,Link,,UNMAPPED,NOT_INFERRED_FROM_RENDER,Requires action-specific assertion and route/actor/flag reconciliation
ACT-S-1047,SOURCE_CONTROL_CANDIDATE,BLOCKED,/admin/transactions/new,src/routes/admin.transactions_.new.tsx:38,Button,,UNMAPPED,NOT_INFERRED_FROM_RENDER,Requires action-specific assertion and route/actor/flag reconciliation
ACT-S-1048,SOURCE_CONTROL_CANDIDATE,BLOCKED,/admin/transactions/new,src/routes/admin.transactions_.new.tsx:39,Link,,UNMAPPED,NOT_INFERRED_FROM_RENDER,Requires action-specific assertion and route/actor/flag reconciliation
ACT-S-1049,SOURCE_CONTROL_CANDIDATE,BLOCKED,/admin/transactions/new,src/routes/admin.transactions_.new.tsx:44,TransactionForm,,UNMAPPED,NOT_INFERRED_FROM_RENDER,Requires action-specific assertion and route/actor/flag reconciliation
ACT-S-1050,SOURCE_CONTROL_CANDIDATE,BLOCKED,/admin/whatsapp-links,src/routes/admin.whatsapp-links.tsx:62,a,,UNMAPPED,NOT_INFERRED_FROM_RENDER,Requires action-specific assertion and route/actor/flag reconciliation
ACT-S-1051,SOURCE_CONTROL_CANDIDATE,BLOCKED,/admin/whatsapp-links,src/routes/admin.whatsapp-links.tsx:63,a,,UNMAPPED,NOT_INFERRED_FROM_RENDER,Requires action-specific assertion and route/actor/flag reconciliation
ACT-S-1052,SOURCE_CONTROL_CANDIDATE,BLOCKED,/admin/whatsapp-links,src/routes/admin.whatsapp-links.tsx:64,a,,UNMAPPED,NOT_INFERRED_FROM_RENDER,Requires action-specific assertion and route/actor/flag reconciliation
ACT-S-1053,SOURCE_CONTROL_CANDIDATE,BLOCKED,/admin/whatsapp-links,src/routes/admin.whatsapp-links.tsx:77,WhatsappLinkWizard,,UNMAPPED,NOT_INFERRED_FROM_RENDER,Requires action-specific assertion and route/actor/flag reconciliation
ACT-S-1054,SOURCE_CONTROL_CANDIDATE,BLOCKED,/admin/whatsapp-settings,src/routes/admin.whatsapp-settings.tsx:52,a,,UNMAPPED,NOT_INFERRED_FROM_RENDER,Requires action-specific assertion and route/actor/flag reconciliation
ACT-S-1055,SOURCE_CONTROL_CANDIDATE,BLOCKED,/admin/whatsapp,src/routes/admin.whatsapp.tsx:988,StaffNotificationPanel,,UNMAPPED,NOT_INFERRED_FROM_RENDER,Requires action-specific assertion and route/actor/flag reconciliation
ACT-S-1056,SOURCE_CONTROL_CANDIDATE,BLOCKED,/admin/whatsapp,src/routes/admin.whatsapp.tsx:1008,Input,,UNMAPPED,NOT_INFERRED_FROM_RENDER,Requires action-specific assertion and route/actor/flag reconciliation
ACT-S-1057,SOURCE_CONTROL_CANDIDATE,BLOCKED,/admin/whatsapp,src/routes/admin.whatsapp.tsx:1015,AdminStatusSelect,,UNMAPPED,NOT_INFERRED_FROM_RENDER,Requires action-specific assertion and route/actor/flag reconciliation
ACT-S-1058,SOURCE_CONTROL_CANDIDATE,BLOCKED,/admin/whatsapp,src/routes/admin.whatsapp.tsx:1057,Button,,UNMAPPED,NOT_INFERRED_FROM_RENDER,Requires action-specific assertion and route/actor/flag reconciliation
ACT-S-1059,SOURCE_CONTROL_CANDIDATE,BLOCKED,/admin/whatsapp,src/routes/admin.whatsapp.tsx:1070,Button,,UNMAPPED,NOT_INFERRED_FROM_RENDER,Requires action-specific assertion and route/actor/flag reconciliation
ACT-S-1060,SOURCE_CONTROL_CANDIDATE,BLOCKED,/admin/whatsapp,src/routes/admin.whatsapp.tsx:1098,Button,,UNMAPPED,NOT_INFERRED_FROM_RENDER,Requires action-specific assertion and route/actor/flag reconciliation
ACT-S-1061,SOURCE_CONTROL_CANDIDATE,BLOCKED,/admin/whatsapp,src/routes/admin.whatsapp.tsx:1105,Button,,UNMAPPED,NOT_INFERRED_FROM_RENDER,Requires action-specific assertion and route/actor/flag reconciliation
ACT-S-1062,SOURCE_CONTROL_CANDIDATE,BLOCKED,/admin/whatsapp,src/routes/admin.whatsapp.tsx:1118,ConversationList,,UNMAPPED,NOT_INFERRED_FROM_RENDER,Requires action-specific assertion and route/actor/flag reconciliation
ACT-S-1063,SOURCE_CONTROL_CANDIDATE,BLOCKED,/admin/whatsapp,src/routes/admin.whatsapp.tsx:1138,ConversationWorkspace,,UNMAPPED,NOT_INFERRED_FROM_RENDER,Requires action-specific assertion and route/actor/flag reconciliation
ACT-S-1064,SOURCE_CONTROL_CANDIDATE,BLOCKED,/admin/whatsapp,src/routes/admin.whatsapp.tsx:1194,AdminDetailPanel,,UNMAPPED,NOT_INFERRED_FROM_RENDER,Requires action-specific assertion and route/actor/flag reconciliation
ACT-S-1065,SOURCE_CONTROL_CANDIDATE,BLOCKED,/admin/whatsapp,src/routes/admin.whatsapp.tsx:1200,ConversationWorkspace,,UNMAPPED,NOT_INFERRED_FROM_RENDER,Requires action-specific assertion and route/actor/flag reconciliation
ACT-S-1066,SOURCE_CONTROL_CANDIDATE,BLOCKED,/admin/whatsapp,src/routes/admin.whatsapp.tsx:1292,Button,,UNMAPPED,NOT_INFERRED_FROM_RENDER,Requires action-specific assertion and route/actor/flag reconciliation
ACT-S-1067,SOURCE_CONTROL_CANDIDATE,BLOCKED,/admin/whatsapp,src/routes/admin.whatsapp.tsx:1310,button,,UNMAPPED,NOT_INFERRED_FROM_RENDER,Requires action-specific assertion and route/actor/flag reconciliation
ACT-S-1068,SOURCE_CONTROL_CANDIDATE,BLOCKED,/admin/whatsapp,src/routes/admin.whatsapp.tsx:1334,button,,UNMAPPED,NOT_INFERRED_FROM_RENDER,Requires action-specific assertion and route/actor/flag reconciliation
ACT-S-1069,SOURCE_CONTROL_CANDIDATE,BLOCKED,/admin/whatsapp,src/routes/admin.whatsapp.tsx:1539,WhatsappConsentDialog,,UNMAPPED,NOT_INFERRED_FROM_RENDER,Requires action-specific assertion and route/actor/flag reconciliation
ACT-S-1070,SOURCE_CONTROL_CANDIDATE,BLOCKED,/admin/whatsapp,src/routes/admin.whatsapp.tsx:1557,AdminStatusSelect,,UNMAPPED,NOT_INFERRED_FROM_RENDER,Requires action-specific assertion and route/actor/flag reconciliation
ACT-S-1071,SOURCE_CONTROL_CANDIDATE,BLOCKED,/admin/whatsapp,src/routes/admin.whatsapp.tsx:1566,Select,,UNMAPPED,NOT_INFERRED_FROM_RENDER,Requires action-specific assertion and route/actor/flag reconciliation
ACT-S-1072,SOURCE_CONTROL_CANDIDATE,BLOCKED,/admin/whatsapp,src/routes/admin.whatsapp.tsx:1592,WhatsappEnquiryContext,,UNMAPPED,NOT_INFERRED_FROM_RENDER,Requires action-specific assertion and route/actor/flag reconciliation
ACT-S-1073,SOURCE_CONTROL_CANDIDATE,BLOCKED,/admin/whatsapp,src/routes/admin.whatsapp.tsx:1605,MessageTimeline,,UNMAPPED,NOT_INFERRED_FROM_RENDER,Requires action-specific assertion and route/actor/flag reconciliation
ACT-S-1074,SOURCE_CONTROL_CANDIDATE,BLOCKED,/admin/whatsapp,src/routes/admin.whatsapp.tsx:1622,TemplateSendPanel,,UNMAPPED,NOT_INFERRED_FROM_RENDER,Requires action-specific assertion and route/actor/flag reconciliation
ACT-S-1075,SOURCE_CONTROL_CANDIDATE,BLOCKED,/admin/whatsapp,src/routes/admin.whatsapp.tsx:1640,Button,,UNMAPPED,NOT_INFERRED_FROM_RENDER,Requires action-specific assertion and route/actor/flag reconciliation
ACT-S-1076,SOURCE_CONTROL_CANDIDATE,BLOCKED,/admin/whatsapp,src/routes/admin.whatsapp.tsx:1665,Textarea,,UNMAPPED,NOT_INFERRED_FROM_RENDER,Requires action-specific assertion and route/actor/flag reconciliation
ACT-S-1077,SOURCE_CONTROL_CANDIDATE,BLOCKED,/admin/whatsapp,src/routes/admin.whatsapp.tsx:1689,Button,,UNMAPPED,NOT_INFERRED_FROM_RENDER,Requires action-specific assertion and route/actor/flag reconciliation
ACT-S-1078,SOURCE_CONTROL_CANDIDATE,BLOCKED,/admin/whatsapp,src/routes/admin.whatsapp.tsx:1697,AiAssistPanel,,UNMAPPED,NOT_INFERRED_FROM_RENDER,Requires action-specific assertion and route/actor/flag reconciliation
ACT-S-1079,SOURCE_CONTROL_CANDIDATE,BLOCKED,/admin/whatsapp,src/routes/admin.whatsapp.tsx:1723,WhatsappAiSuggestions,,CALLER_RECONCILED_NOT_BUTTON_PASS,NOT_INFERRED_FROM_RENDER,a13e918 actual AiAssistPanel -> WhatsappAiSuggestions caller reconciled. This component occurrence is not a separate tested button;roles/flags and whole coverage pending.
ACT-S-1080,SOURCE_CONTROL_CANDIDATE,BLOCKED,/admin/whatsapp,src/routes/admin.whatsapp.tsx:1779,Button,,UNMAPPED,NOT_INFERRED_FROM_RENDER,Requires action-specific assertion and route/actor/flag reconciliation
ACT-S-1081,SOURCE_CONTROL_CANDIDATE,BLOCKED,/admin/whatsapp,src/routes/admin.whatsapp.tsx:1798,Select,,UNMAPPED,NOT_INFERRED_FROM_RENDER,Requires action-specific assertion and route/actor/flag reconciliation
ACT-S-1082,SOURCE_CONTROL_CANDIDATE,BLOCKED,/admin/whatsapp,src/routes/admin.whatsapp.tsx:1822,Button,,UNMAPPED,NOT_INFERRED_FROM_RENDER,Requires action-specific assertion and route/actor/flag reconciliation
ACT-S-1083,SOURCE_CONTROL_CANDIDATE,BLOCKED,/admin/whatsapp,src/routes/admin.whatsapp.tsx:1832,AdminConfirmDialog,,UNMAPPED,NOT_INFERRED_FROM_RENDER,Requires action-specific assertion and route/actor/flag reconciliation
ACT-S-1084,SOURCE_CONTROL_CANDIDATE,BLOCKED,/admin/whatsapp,src/routes/admin.whatsapp.tsx:1900,div,,UNMAPPED,NOT_INFERRED_FROM_RENDER,Requires action-specific assertion and route/actor/flag reconciliation
ACT-S-1085,SOURCE_CONTROL_CANDIDATE,BLOCKED,/admin/whatsapp,src/routes/admin.whatsapp.tsx:1910,Button,,UNMAPPED,NOT_INFERRED_FROM_RENDER,Requires action-specific assertion and route/actor/flag reconciliation
ACT-S-1086,SOURCE_CONTROL_CANDIDATE,NOT_TESTED,/agents,src/routes/agents.tsx:269,Button,,UNMAPPED,NOT_INFERRED_FROM_RENDER,Requires action-specific assertion and route/actor/flag reconciliation
ACT-S-1087,SOURCE_CONTROL_CANDIDATE,NOT_TESTED,/agents,src/routes/agents.tsx:333,Input,,UNMAPPED,NOT_INFERRED_FROM_RENDER,Requires action-specific assertion and route/actor/flag reconciliation
ACT-S-1088,SOURCE_CONTROL_CANDIDATE,NOT_TESTED,/agents,src/routes/agents.tsx:349,Select,,UNMAPPED,NOT_INFERRED_FROM_RENDER,Requires action-specific assertion and route/actor/flag reconciliation
ACT-S-1089,SOURCE_CONTROL_CANDIDATE,NOT_TESTED,/agents,src/routes/agents.tsx:373,Select,,UNMAPPED,NOT_INFERRED_FROM_RENDER,Requires action-specific assertion and route/actor/flag reconciliation
ACT-S-1090,SOURCE_CONTROL_CANDIDATE,NOT_TESTED,/agents,src/routes/agents.tsx:397,Select,,UNMAPPED,NOT_INFERRED_FROM_RENDER,Requires action-specific assertion and route/actor/flag reconciliation
ACT-S-1091,SOURCE_CONTROL_CANDIDATE,NOT_TESTED,/agents,src/routes/agents.tsx:421,Select,,UNMAPPED,NOT_INFERRED_FROM_RENDER,Requires action-specific assertion and route/actor/flag reconciliation
ACT-S-1092,SOURCE_CONTROL_CANDIDATE,NOT_TESTED,/agents,src/routes/agents.tsx:442,Button,,UNMAPPED,NOT_INFERRED_FROM_RENDER,Requires action-specific assertion and route/actor/flag reconciliation
ACT-S-1093,SOURCE_CONTROL_CANDIDATE,NOT_TESTED,/agents,src/routes/agents.tsx:525,Button,,UNMAPPED,NOT_INFERRED_FROM_RENDER,Requires action-specific assertion and route/actor/flag reconciliation
ACT-S-1094,SOURCE_CONTROL_CANDIDATE,NOT_TESTED,/agents,src/routes/agents.tsx:526,Link,,UNMAPPED,NOT_INFERRED_FROM_RENDER,Requires action-specific assertion and route/actor/flag reconciliation
ACT-S-1095,SOURCE_CONTROL_CANDIDATE,NOT_TESTED,/agents,src/routes/agents.tsx:533,Button,,UNMAPPED,NOT_INFERRED_FROM_RENDER,Requires action-specific assertion and route/actor/flag reconciliation
ACT-S-1096,SOURCE_CONTROL_CANDIDATE,NOT_TESTED,/agents,src/routes/agents.tsx:534,a,,UNMAPPED,NOT_INFERRED_FROM_RENDER,Requires action-specific assertion and route/actor/flag reconciliation
ACT-S-1097,SOURCE_CONTROL_CANDIDATE,NOT_TESTED,/agents,src/routes/agents.tsx:541,Button,,UNMAPPED,NOT_INFERRED_FROM_RENDER,Requires action-specific assertion and route/actor/flag reconciliation
ACT-S-1098,SOURCE_CONTROL_CANDIDATE,NOT_TESTED,/agents,src/routes/agents.tsx:542,a,,UNMAPPED,NOT_INFERRED_FROM_RENDER,Requires action-specific assertion and route/actor/flag reconciliation
ACT-S-1099,SOURCE_CONTROL_CANDIDATE,NOT_TESTED,/agents,src/routes/agents.tsx:549,Button,,UNMAPPED,NOT_INFERRED_FROM_RENDER,Requires action-specific assertion and route/actor/flag reconciliation
ACT-S-1100,SOURCE_CONTROL_CANDIDATE,NOT_TESTED,/agents,src/routes/agents.tsx:550,Link,,UNMAPPED,NOT_INFERRED_FROM_RENDER,Requires action-specific assertion and route/actor/flag reconciliation
ACT-S-1101,SOURCE_CONTROL_CANDIDATE,NOT_TESTED,/agents,src/routes/agents.tsx:587,Button,,UNMAPPED,NOT_INFERRED_FROM_RENDER,Requires action-specific assertion and route/actor/flag reconciliation
ACT-S-1102,SOURCE_CONTROL_CANDIDATE,NOT_TESTED,/agents,src/routes/agents.tsx:588,Link,,UNMAPPED,NOT_INFERRED_FROM_RENDER,Requires action-specific assertion and route/actor/flag reconciliation
ACT-S-1103,SOURCE_CONTROL_CANDIDATE,NOT_TESTED,/agents,src/routes/agents.tsx:602,Button,,UNMAPPED,NOT_INFERRED_FROM_RENDER,Requires action-specific assertion and route/actor/flag reconciliation
ACT-S-1104,SOURCE_CONTROL_CANDIDATE,NOT_TESTED,/agents,src/routes/agents.tsx:603,Link,,UNMAPPED,NOT_INFERRED_FROM_RENDER,Requires action-specific assertion and route/actor/flag reconciliation
ACT-S-1105,SOURCE_CONTROL_CANDIDATE,NOT_TESTED,/agents/$slug,src/routes/agents_.$slug.tsx:183,Link,,UNMAPPED,NOT_INFERRED_FROM_RENDER,Requires action-specific assertion and route/actor/flag reconciliation
ACT-S-1106,SOURCE_CONTROL_CANDIDATE,NOT_TESTED,/agents/$slug,src/routes/agents_.$slug.tsx:203,Button,,UNMAPPED,NOT_INFERRED_FROM_RENDER,Requires action-specific assertion and route/actor/flag reconciliation
ACT-S-1107,SOURCE_CONTROL_CANDIDATE,NOT_TESTED,/agents/$slug,src/routes/agents_.$slug.tsx:204,a,,UNMAPPED,NOT_INFERRED_FROM_RENDER,Requires action-specific assertion and route/actor/flag reconciliation
ACT-S-1108,SOURCE_CONTROL_CANDIDATE,NOT_TESTED,/agents/$slug,src/routes/agents_.$slug.tsx:211,Button,,UNMAPPED,NOT_INFERRED_FROM_RENDER,Requires action-specific assertion and route/actor/flag reconciliation
ACT-S-1109,SOURCE_CONTROL_CANDIDATE,NOT_TESTED,/agents/$slug,src/routes/agents_.$slug.tsx:212,a,,UNMAPPED,NOT_INFERRED_FROM_RENDER,Requires action-specific assertion and route/actor/flag reconciliation
ACT-S-1110,SOURCE_CONTROL_CANDIDATE,NOT_TESTED,/agents/$slug,src/routes/agents_.$slug.tsx:224,Button,,UNMAPPED,NOT_INFERRED_FROM_RENDER,Requires action-specific assertion and route/actor/flag reconciliation
ACT-S-1111,SOURCE_CONTROL_CANDIDATE,NOT_TESTED,/agents/$slug,src/routes/agents_.$slug.tsx:225,Link,,UNMAPPED,NOT_INFERRED_FROM_RENDER,Requires action-specific assertion and route/actor/flag reconciliation
ACT-S-1112,SOURCE_CONTROL_CANDIDATE,NOT_TESTED,/agents/$slug,src/routes/agents_.$slug.tsx:232,AgentContactMedia,,UNMAPPED,NOT_INFERRED_FROM_RENDER,Requires action-specific assertion and route/actor/flag reconciliation
ACT-S-1113,SOURCE_CONTROL_CANDIDATE,NOT_TESTED,/agents/$slug,src/routes/agents_.$slug.tsx:253,Button,,UNMAPPED,NOT_INFERRED_FROM_RENDER,Requires action-specific assertion and route/actor/flag reconciliation
ACT-S-1114,SOURCE_CONTROL_CANDIDATE,NOT_TESTED,/agents/$slug,src/routes/agents_.$slug.tsx:259,Link,,UNMAPPED,NOT_INFERRED_FROM_RENDER,Requires action-specific assertion and route/actor/flag reconciliation
ACT-S-1115,SOURCE_CONTROL_CANDIDATE,NOT_TESTED,/agents/$slug,src/routes/agents_.$slug.tsx:275,Link,,UNMAPPED,NOT_INFERRED_FROM_RENDER,Requires action-specific assertion and route/actor/flag reconciliation
ACT-S-1116,SOURCE_CONTROL_CANDIDATE,NOT_TESTED,/agents/$slug,src/routes/agents_.$slug.tsx:316,Button,,UNMAPPED,NOT_INFERRED_FROM_RENDER,Requires action-specific assertion and route/actor/flag reconciliation
ACT-S-1117,SOURCE_CONTROL_CANDIDATE,NOT_TESTED,/agents/$slug,src/routes/agents_.$slug.tsx:317,Link,,UNMAPPED,NOT_INFERRED_FROM_RENDER,Requires action-specific assertion and route/actor/flag reconciliation
ACT-S-1118,SOURCE_CONTROL_CANDIDATE,NOT_TESTED,/agents/$slug,src/routes/agents_.$slug.tsx:319,Button,,UNMAPPED,NOT_INFERRED_FROM_RENDER,Requires action-specific assertion and route/actor/flag reconciliation
ACT-S-1119,SOURCE_CONTROL_CANDIDATE,NOT_TESTED,/agents/$slug,src/routes/agents_.$slug.tsx:320,Link,,UNMAPPED,NOT_INFERRED_FROM_RENDER,Requires action-specific assertion and route/actor/flag reconciliation
ACT-S-1120,SOURCE_CONTROL_CANDIDATE,NOT_TESTED,/agents/$slug,src/routes/agents_.$slug.tsx:333,Button,,UNMAPPED,NOT_INFERRED_FROM_RENDER,Requires action-specific assertion and route/actor/flag reconciliation
ACT-S-1121,SOURCE_CONTROL_CANDIDATE,NOT_TESTED,/agents/$slug,src/routes/agents_.$slug.tsx:334,Link,,UNMAPPED,NOT_INFERRED_FROM_RENDER,Requires action-specific assertion and route/actor/flag reconciliation
ACT-S-1122,SOURCE_CONTROL_CANDIDATE,NOT_TESTED,/auth/$pathname,src/routes/auth.$pathname.tsx:74,a,,UNMAPPED,NOT_INFERRED_FROM_RENDER,Requires action-specific assertion and route/actor/flag reconciliation
ACT-S-1123,SOURCE_CONTROL_CANDIDATE,NOT_TESTED,/auth/$pathname,src/routes/auth.$pathname.tsx:82,button,,UNMAPPED,NOT_INFERRED_FROM_RENDER,Requires action-specific assertion and route/actor/flag reconciliation
ACT-S-1124,SOURCE_CONTROL_CANDIDATE,NOT_TESTED,/blog,src/routes/blog.tsx:163,Link,,UNMAPPED,NOT_INFERRED_FROM_RENDER,Requires action-specific assertion and route/actor/flag reconciliation
ACT-S-1125,SOURCE_CONTROL_CANDIDATE,NOT_TESTED,/blog,src/routes/blog.tsx:177,Link,,UNMAPPED,NOT_INFERRED_FROM_RENDER,Requires action-specific assertion and route/actor/flag reconciliation
ACT-S-1126,SOURCE_CONTROL_CANDIDATE,NOT_TESTED,/blog,src/routes/blog.tsx:192,Input,,UNMAPPED,NOT_INFERRED_FROM_RENDER,Requires action-specific assertion and route/actor/flag reconciliation
ACT-S-1127,SOURCE_CONTROL_CANDIDATE,NOT_TESTED,/blog,src/routes/blog.tsx:209,Link,,UNMAPPED,NOT_INFERRED_FROM_RENDER,Requires action-specific assertion and route/actor/flag reconciliation
ACT-S-1128,SOURCE_CONTROL_CANDIDATE,NOT_TESTED,/blog,src/routes/blog.tsx:255,Link,,UNMAPPED,NOT_INFERRED_FROM_RENDER,Requires action-specific assertion and route/actor/flag reconciliation
ACT-S-1129,SOURCE_CONTROL_CANDIDATE,NOT_TESTED,/blog/$slug,src/routes/blog_.$slug.tsx:247,Link,,UNMAPPED,NOT_INFERRED_FROM_RENDER,Requires action-specific assertion and route/actor/flag reconciliation
ACT-S-1130,SOURCE_CONTROL_CANDIDATE,NOT_TESTED,/blog/$slug,src/routes/blog_.$slug.tsx:322,Link,,UNMAPPED,NOT_INFERRED_FROM_RENDER,Requires action-specific assertion and route/actor/flag reconciliation
ACT-S-1131,SOURCE_CONTROL_CANDIDATE,NOT_TESTED,/blog/$slug,src/routes/blog_.$slug.tsx:339,a,,UNMAPPED,NOT_INFERRED_FROM_RENDER,Requires action-specific assertion and route/actor/flag reconciliation
ACT-S-1132,SOURCE_CONTROL_CANDIDATE,NOT_TESTED,/blog/editorial-standards,src/routes/blog_.editorial-standards.tsx:72,Link,,UNMAPPED,NOT_INFERRED_FROM_RENDER,Requires action-specific assertion and route/actor/flag reconciliation
ACT-S-1133,SOURCE_CONTROL_CANDIDATE,NOT_TESTED,/castle-peak-road/$segment,src/routes/castle-peak-road.$segment.tsx:118,Button,,UNMAPPED,NOT_INFERRED_FROM_RENDER,Requires action-specific assertion and route/actor/flag reconciliation
ACT-S-1134,SOURCE_CONTROL_CANDIDATE,NOT_TESTED,/castle-peak-road/$segment,src/routes/castle-peak-road.$segment.tsx:119,Button,,UNMAPPED,NOT_INFERRED_FROM_RENDER,Requires action-specific assertion and route/actor/flag reconciliation
ACT-S-1135,SOURCE_CONTROL_CANDIDATE,NOT_TESTED,/castle-peak-road/$segment,src/routes/castle-peak-road.$segment.tsx:120,Link,,UNMAPPED,NOT_INFERRED_FROM_RENDER,Requires action-specific assertion and route/actor/flag reconciliation
ACT-S-1136,SOURCE_CONTROL_CANDIDATE,NOT_TESTED,/castle-peak-road/$segment,src/routes/castle-peak-road.$segment.tsx:217,Button,,UNMAPPED,NOT_INFERRED_FROM_RENDER,Requires action-specific assertion and route/actor/flag reconciliation
ACT-S-1137,SOURCE_CONTROL_CANDIDATE,NOT_TESTED,/castle-peak-road/$segment,src/routes/castle-peak-road.$segment.tsx:218,a,,UNMAPPED,NOT_INFERRED_FROM_RENDER,Requires action-specific assertion and route/actor/flag reconciliation
ACT-S-1138,SOURCE_CONTROL_CANDIDATE,NOT_TESTED,/castle-peak-road/$segment,src/routes/castle-peak-road.$segment.tsx:226,Button,,UNMAPPED,NOT_INFERRED_FROM_RENDER,Requires action-specific assertion and route/actor/flag reconciliation
ACT-S-1139,SOURCE_CONTROL_CANDIDATE,NOT_TESTED,/castle-peak-road/$segment,src/routes/castle-peak-road.$segment.tsx:227,Link,,UNMAPPED,NOT_INFERRED_FROM_RENDER,Requires action-specific assertion and route/actor/flag reconciliation
ACT-S-1140,SOURCE_CONTROL_CANDIDATE,NOT_TESTED,/castle-peak-road/,src/routes/castle-peak-road.index.tsx:139,Link,,UNMAPPED,NOT_INFERRED_FROM_RENDER,Requires action-specific assertion and route/actor/flag reconciliation
ACT-S-1141,SOURCE_CONTROL_CANDIDATE,NOT_TESTED,/castle-peak-road/,src/routes/castle-peak-road.index.tsx:180,Button,,UNMAPPED,NOT_INFERRED_FROM_RENDER,Requires action-specific assertion and route/actor/flag reconciliation
ACT-S-1142,SOURCE_CONTROL_CANDIDATE,NOT_TESTED,/castle-peak-road/,src/routes/castle-peak-road.index.tsx:181,Button,,UNMAPPED,NOT_INFERRED_FROM_RENDER,Requires action-specific assertion and route/actor/flag reconciliation
ACT-S-1143,SOURCE_CONTROL_CANDIDATE,NOT_TESTED,/castle-peak-road/,src/routes/castle-peak-road.index.tsx:182,Link,,UNMAPPED,NOT_INFERRED_FROM_RENDER,Requires action-specific assertion and route/actor/flag reconciliation
ACT-S-1144,SOURCE_CONTROL_CANDIDATE,NOT_TESTED,/castle-peak-road/,src/routes/castle-peak-road.index.tsx:304,Link,,UNMAPPED,NOT_INFERRED_FROM_RENDER,Requires action-specific assertion and route/actor/flag reconciliation
ACT-S-1145,SOURCE_CONTROL_CANDIDATE,NOT_TESTED,/castle-peak-road/,src/routes/castle-peak-road.index.tsx:443,Link,,UNMAPPED,NOT_INFERRED_FROM_RENDER,Requires action-specific assertion and route/actor/flag reconciliation
ACT-S-1146,SOURCE_CONTROL_CANDIDATE,NOT_TESTED,/contact,src/routes/contact.tsx:159,a,,UNMAPPED,NOT_INFERRED_FROM_RENDER,Requires action-specific assertion and route/actor/flag reconciliation
ACT-S-1147,SOURCE_CONTROL_CANDIDATE,NOT_TESTED,/contact,src/routes/contact.tsx:164,Button,,UNMAPPED,NOT_INFERRED_FROM_RENDER,Requires action-specific assertion and route/actor/flag reconciliation
ACT-S-1148,SOURCE_CONTROL_CANDIDATE,NOT_TESTED,/contact,src/routes/contact.tsx:205,a,,UNMAPPED,NOT_INFERRED_FROM_RENDER,Requires action-specific assertion and route/actor/flag reconciliation
ACT-S-1149,SOURCE_CONTROL_CANDIDATE,NOT_TESTED,/contact,src/routes/contact.tsx:219,a,,UNMAPPED,NOT_INFERRED_FROM_RENDER,Requires action-specific assertion and route/actor/flag reconciliation
ACT-S-1150,SOURCE_CONTROL_CANDIDATE,NOT_TESTED,/contact,src/routes/contact.tsx:274,a,,UNMAPPED,NOT_INFERRED_FROM_RENDER,Requires action-specific assertion and route/actor/flag reconciliation
ACT-S-1151,SOURCE_CONTROL_CANDIDATE,NOT_TESTED,/contact,src/routes/contact.tsx:279,form,,UNMAPPED,NOT_INFERRED_FROM_RENDER,Requires action-specific assertion and route/actor/flag reconciliation
ACT-S-1152,SOURCE_CONTROL_CANDIDATE,NOT_TESTED,/contact,src/routes/contact.tsx:282,Input,,UNMAPPED,NOT_INFERRED_FROM_RENDER,Requires action-specific assertion and route/actor/flag reconciliation
ACT-S-1153,SOURCE_CONTROL_CANDIDATE,NOT_TESTED,/contact,src/routes/contact.tsx:286,Input,,UNMAPPED,NOT_INFERRED_FROM_RENDER,Requires action-specific assertion and route/actor/flag reconciliation
ACT-S-1154,SOURCE_CONTROL_CANDIDATE,NOT_TESTED,/contact,src/routes/contact.tsx:297,Input,,UNMAPPED,NOT_INFERRED_FROM_RENDER,Requires action-specific assertion and route/actor/flag reconciliation
ACT-S-1155,SOURCE_CONTROL_CANDIDATE,NOT_TESTED,/contact,src/routes/contact.tsx:301,Select,,UNMAPPED,NOT_INFERRED_FROM_RENDER,Requires action-specific assertion and route/actor/flag reconciliation
ACT-S-1156,SOURCE_CONTROL_CANDIDATE,NOT_TESTED,/contact,src/routes/contact.tsx:321,Select,,UNMAPPED,NOT_INFERRED_FROM_RENDER,Requires action-specific assertion and route/actor/flag reconciliation
ACT-S-1157,SOURCE_CONTROL_CANDIDATE,NOT_TESTED,/contact,src/routes/contact.tsx:341,Textarea,,UNMAPPED,NOT_INFERRED_FROM_RENDER,Requires action-specific assertion and route/actor/flag reconciliation
ACT-S-1158,SOURCE_CONTROL_CANDIDATE,NOT_TESTED,/contact,src/routes/contact.tsx:358,Checkbox,,UNMAPPED,NOT_INFERRED_FROM_RENDER,Requires action-specific assertion and route/actor/flag reconciliation
ACT-S-1159,SOURCE_CONTROL_CANDIDATE,NOT_TESTED,/contact,src/routes/contact.tsx:371,Button,,UNMAPPED,NOT_INFERRED_FROM_RENDER,Requires action-specific assertion and route/actor/flag reconciliation
ACT-S-1160,SOURCE_CONTROL_CANDIDATE,NOT_TESTED,/contact,src/routes/contact.tsx:402,a,,UNMAPPED,NOT_INFERRED_FROM_RENDER,Requires action-specific assertion and route/actor/flag reconciliation
ACT-S-1161,SOURCE_CONTROL_CANDIDATE,NOT_TESTED,/district/sham-tseng,src/routes/district.sham-tseng.tsx:76,Link,,UNMAPPED,NOT_INFERRED_FROM_RENDER,Requires action-specific assertion and route/actor/flag reconciliation
ACT-S-1162,SOURCE_CONTROL_CANDIDATE,NOT_TESTED,/district/sham-tseng,src/routes/district.sham-tseng.tsx:92,button,,UNMAPPED,NOT_INFERRED_FROM_RENDER,Requires action-specific assertion and route/actor/flag reconciliation
ACT-S-1163,SOURCE_CONTROL_CANDIDATE,NOT_TESTED,/district/sham-tseng,src/routes/district.sham-tseng.tsx:228,Button,,UNMAPPED,NOT_INFERRED_FROM_RENDER,Requires action-specific assertion and route/actor/flag reconciliation
ACT-S-1164,SOURCE_CONTROL_CANDIDATE,NOT_TESTED,/district/sham-tseng,src/routes/district.sham-tseng.tsx:229,a,,UNMAPPED,NOT_INFERRED_FROM_RENDER,Requires action-specific assertion and route/actor/flag reconciliation
ACT-S-1165,SOURCE_CONTROL_CANDIDATE,NOT_TESTED,/district/sham-tseng,src/routes/district.sham-tseng.tsx:351,Link,,UNMAPPED,NOT_INFERRED_FROM_RENDER,Requires action-specific assertion and route/actor/flag reconciliation
ACT-S-1166,SOURCE_CONTROL_CANDIDATE,NOT_TESTED,/district/sham-tseng,src/routes/district.sham-tseng.tsx:374,Link,,UNMAPPED,NOT_INFERRED_FROM_RENDER,Requires action-specific assertion and route/actor/flag reconciliation
ACT-S-1167,SOURCE_CONTROL_CANDIDATE,NOT_TESTED,/district/sham-tseng,src/routes/district.sham-tseng.tsx:380,Link,,UNMAPPED,NOT_INFERRED_FROM_RENDER,Requires action-specific assertion and route/actor/flag reconciliation
ACT-S-1168,SOURCE_CONTROL_CANDIDATE,NOT_TESTED,/district/sham-tseng,src/routes/district.sham-tseng.tsx:387,Link,,UNMAPPED,NOT_INFERRED_FROM_RENDER,Requires action-specific assertion and route/actor/flag reconciliation
ACT-S-1169,SOURCE_CONTROL_CANDIDATE,NOT_TESTED,/district/sham-tseng,src/routes/district.sham-tseng.tsx:415,AccordionTrigger,,UNMAPPED,NOT_INFERRED_FROM_RENDER,Requires action-specific assertion and route/actor/flag reconciliation
ACT-S-1170,SOURCE_CONTROL_CANDIDATE,NOT_TESTED,/district/tsuen-wan,src/routes/district.tsuen-wan.tsx:99,Link,,UNMAPPED,NOT_INFERRED_FROM_RENDER,Requires action-specific assertion and route/actor/flag reconciliation
ACT-S-1171,SOURCE_CONTROL_CANDIDATE,NOT_TESTED,/district/tsuen-wan,src/routes/district.tsuen-wan.tsx:105,Link,,UNMAPPED,NOT_INFERRED_FROM_RENDER,Requires action-specific assertion and route/actor/flag reconciliation
ACT-S-1172,SOURCE_CONTROL_CANDIDATE,NOT_TESTED,/district/tsuen-wan,src/routes/district.tsuen-wan.tsx:112,Link,,UNMAPPED,NOT_INFERRED_FROM_RENDER,Requires action-specific assertion and route/actor/flag reconciliation
ACT-S-1173,SOURCE_CONTROL_CANDIDATE,NOT_TESTED,/district/tsuen-wan,src/routes/district.tsuen-wan.tsx:118,Link,,UNMAPPED,NOT_INFERRED_FROM_RENDER,Requires action-specific assertion and route/actor/flag reconciliation
ACT-S-1174,SOURCE_CONTROL_CANDIDATE,NOT_TESTED,/estate-reviews,src/routes/estate-reviews.tsx:146,Button,,UNMAPPED,NOT_INFERRED_FROM_RENDER,Requires action-specific assertion and route/actor/flag reconciliation
ACT-S-1175,SOURCE_CONTROL_CANDIDATE,NOT_TESTED,/estate-reviews,src/routes/estate-reviews.tsx:147,a,,UNMAPPED,NOT_INFERRED_FROM_RENDER,Requires action-specific assertion and route/actor/flag reconciliation
ACT-S-1176,SOURCE_CONTROL_CANDIDATE,NOT_TESTED,/estate-reviews,src/routes/estate-reviews.tsx:177,button,,UNMAPPED,NOT_INFERRED_FROM_RENDER,Requires action-specific assertion and route/actor/flag reconciliation
ACT-S-1177,SOURCE_CONTROL_CANDIDATE,NOT_TESTED,/estate-reviews,src/routes/estate-reviews.tsx:196,Link,,UNMAPPED,NOT_INFERRED_FROM_RENDER,Requires action-specific assertion and route/actor/flag reconciliation
ACT-S-1178,SOURCE_CONTROL_CANDIDATE,NOT_TESTED,/estate-reviews,src/routes/estate-reviews.tsx:226,Link,,UNMAPPED,NOT_INFERRED_FROM_RENDER,Requires action-specific assertion and route/actor/flag reconciliation
ACT-S-1179,SOURCE_CONTROL_CANDIDATE,NOT_TESTED,/estate/$slug,src/routes/estate.$slug.tsx:201,Link,,UNMAPPED,NOT_INFERRED_FROM_RENDER,Requires action-specific assertion and route/actor/flag reconciliation
ACT-S-1180,SOURCE_CONTROL_CANDIDATE,NOT_TESTED,/estate/$slug,src/routes/estate.$slug.tsx:209,Link,,UNMAPPED,NOT_INFERRED_FROM_RENDER,Requires action-specific assertion and route/actor/flag reconciliation
ACT-S-1181,SOURCE_CONTROL_CANDIDATE,NOT_TESTED,/estate/$slug,src/routes/estate.$slug.tsx:524,Link,,UNMAPPED,NOT_INFERRED_FROM_RENDER,Requires action-specific assertion and route/actor/flag reconciliation
ACT-S-1182,SOURCE_CONTROL_CANDIDATE,NOT_TESTED,/estate/$slug,src/routes/estate.$slug.tsx:591,Link,,UNMAPPED,NOT_INFERRED_FROM_RENDER,Requires action-specific assertion and route/actor/flag reconciliation
ACT-S-1183,SOURCE_CONTROL_CANDIDATE,NOT_TESTED,/estate/$slug,src/routes/estate.$slug.tsx:609,Link,,UNMAPPED,NOT_INFERRED_FROM_RENDER,Requires action-specific assertion and route/actor/flag reconciliation
ACT-S-1184,SOURCE_CONTROL_CANDIDATE,NOT_TESTED,/estate/$slug,src/routes/estate.$slug.tsx:627,Link,,UNMAPPED,NOT_INFERRED_FROM_RENDER,Requires action-specific assertion and route/actor/flag reconciliation
ACT-S-1185,SOURCE_CONTROL_CANDIDATE,NOT_TESTED,/estate/$slug,src/routes/estate.$slug.tsx:651,Link,,UNMAPPED,NOT_INFERRED_FROM_RENDER,Requires action-specific assertion and route/actor/flag reconciliation
ACT-S-1186,SOURCE_CONTROL_CANDIDATE,NOT_TESTED,/estate/$slug,src/routes/estate.$slug.tsx:695,a,,UNMAPPED,NOT_INFERRED_FROM_RENDER,Requires action-specific assertion and route/actor/flag reconciliation
ACT-S-1187,SOURCE_CONTROL_CANDIDATE,NOT_TESTED,/estate/$slug,src/routes/estate.$slug.tsx:704,a,,UNMAPPED,NOT_INFERRED_FROM_RENDER,Requires action-specific assertion and route/actor/flag reconciliation
ACT-S-1188,SOURCE_CONTROL_CANDIDATE,NOT_TESTED,/estate/$slug,src/routes/estate.$slug.tsx:713,a,,UNMAPPED,NOT_INFERRED_FROM_RENDER,Requires action-specific assertion and route/actor/flag reconciliation
ACT-S-1189,SOURCE_CONTROL_CANDIDATE,NOT_TESTED,/estate/$slug,src/routes/estate.$slug.tsx:737,AccordionTrigger,,UNMAPPED,NOT_INFERRED_FROM_RENDER,Requires action-specific assertion and route/actor/flag reconciliation
ACT-S-1190,SOURCE_CONTROL_CANDIDATE,NOT_TESTED,/estate/$slug,src/routes/estate.$slug.tsx:756,Link,,UNMAPPED,NOT_INFERRED_FROM_RENDER,Requires action-specific assertion and route/actor/flag reconciliation
ACT-S-1191,SOURCE_CONTROL_CANDIDATE,NOT_TESTED,/,src/routes/index.tsx:323,Button,,UNMAPPED,NOT_INFERRED_FROM_RENDER,Requires action-specific assertion and route/actor/flag reconciliation
ACT-S-1192,SOURCE_CONTROL_CANDIDATE,NOT_TESTED,/,src/routes/index.tsx:328,Link,,UNMAPPED,NOT_INFERRED_FROM_RENDER,Requires action-specific assertion and route/actor/flag reconciliation
ACT-S-1193,SOURCE_CONTROL_CANDIDATE,NOT_TESTED,/,src/routes/index.tsx:333,Button,,UNMAPPED,NOT_INFERRED_FROM_RENDER,Requires action-specific assertion and route/actor/flag reconciliation
ACT-S-1194,SOURCE_CONTROL_CANDIDATE,NOT_TESTED,/,src/routes/index.tsx:339,Link,,UNMAPPED,NOT_INFERRED_FROM_RENDER,Requires action-specific assertion and route/actor/flag reconciliation
ACT-S-1195,SOURCE_CONTROL_CANDIDATE,NOT_TESTED,/,src/routes/index.tsx:351,Select,,UNMAPPED,NOT_INFERRED_FROM_RENDER,Requires action-specific assertion and route/actor/flag reconciliation
ACT-S-1196,SOURCE_CONTROL_CANDIDATE,NOT_TESTED,/,src/routes/index.tsx:360,Input,,UNMAPPED,NOT_INFERRED_FROM_RENDER,Requires action-specific assertion and route/actor/flag reconciliation
ACT-S-1197,SOURCE_CONTROL_CANDIDATE,NOT_TESTED,/,src/routes/index.tsx:367,Button,,UNMAPPED,NOT_INFERRED_FROM_RENDER,Requires action-specific assertion and route/actor/flag reconciliation
ACT-S-1198,SOURCE_CONTROL_CANDIDATE,NOT_TESTED,/,src/routes/index.tsx:385,Link,,UNMAPPED,NOT_INFERRED_FROM_RENDER,Requires action-specific assertion and route/actor/flag reconciliation
ACT-S-1199,SOURCE_CONTROL_CANDIDATE,NOT_TESTED,/,src/routes/index.tsx:397,a,,UNMAPPED,NOT_INFERRED_FROM_RENDER,Requires action-specific assertion and route/actor/flag reconciliation
ACT-S-1200,SOURCE_CONTROL_CANDIDATE,NOT_TESTED,/,src/routes/index.tsx:402,Button,,UNMAPPED,NOT_INFERRED_FROM_RENDER,Requires action-specific assertion and route/actor/flag reconciliation
ACT-S-1201,SOURCE_CONTROL_CANDIDATE,NOT_TESTED,/,src/routes/index.tsx:435,Button,,UNMAPPED,NOT_INFERRED_FROM_RENDER,Requires action-specific assertion and route/actor/flag reconciliation
ACT-S-1202,SOURCE_CONTROL_CANDIDATE,NOT_TESTED,/,src/routes/index.tsx:436,Link,,UNMAPPED,NOT_INFERRED_FROM_RENDER,Requires action-specific assertion and route/actor/flag reconciliation
ACT-S-1203,SOURCE_CONTROL_CANDIDATE,NOT_TESTED,/,src/routes/index.tsx:521,Button,,UNMAPPED,NOT_INFERRED_FROM_RENDER,Requires action-specific assertion and route/actor/flag reconciliation
ACT-S-1204,SOURCE_CONTROL_CANDIDATE,NOT_TESTED,/,src/routes/index.tsx:522,Link,,UNMAPPED,NOT_INFERRED_FROM_RENDER,Requires action-specific assertion and route/actor/flag reconciliation
ACT-S-1205,SOURCE_CONTROL_CANDIDATE,NOT_TESTED,/,src/routes/index.tsx:557,Link,,UNMAPPED,NOT_INFERRED_FROM_RENDER,Requires action-specific assertion and route/actor/flag reconciliation
ACT-S-1206,SOURCE_CONTROL_CANDIDATE,NOT_TESTED,/,src/routes/index.tsx:621,Button,,UNMAPPED,NOT_INFERRED_FROM_RENDER,Requires action-specific assertion and route/actor/flag reconciliation
ACT-S-1207,SOURCE_CONTROL_CANDIDATE,NOT_TESTED,/,src/routes/index.tsx:622,Link,,UNMAPPED,NOT_INFERRED_FROM_RENDER,Requires action-specific assertion and route/actor/flag reconciliation
ACT-S-1208,SOURCE_CONTROL_CANDIDATE,NOT_TESTED,/,src/routes/index.tsx:665,a,,UNMAPPED,NOT_INFERRED_FROM_RENDER,Requires action-specific assertion and route/actor/flag reconciliation
ACT-S-1209,SOURCE_CONTROL_CANDIDATE,NOT_TESTED,/,src/routes/index.tsx:688,AccordionTrigger,,UNMAPPED,NOT_INFERRED_FROM_RENDER,Requires action-specific assertion and route/actor/flag reconciliation
ACT-S-1210,SOURCE_CONTROL_CANDIDATE,NOT_TESTED,/,src/routes/index.tsx:711,AccordionTrigger,,UNMAPPED,NOT_INFERRED_FROM_RENDER,Requires action-specific assertion and route/actor/flag reconciliation
ACT-S-1211,SOURCE_CONTROL_CANDIDATE,NOT_TESTED,/,src/routes/index.tsx:721,Link,,UNMAPPED,NOT_INFERRED_FROM_RENDER,Requires action-specific assertion and route/actor/flag reconciliation
ACT-S-1212,SOURCE_CONTROL_CANDIDATE,NOT_TESTED,/,src/routes/index.tsx:724,Link,,UNMAPPED,NOT_INFERRED_FROM_RENDER,Requires action-specific assertion and route/actor/flag reconciliation
ACT-S-1213,SOURCE_CONTROL_CANDIDATE,NOT_TESTED,/,src/routes/index.tsx:727,Link,,UNMAPPED,NOT_INFERRED_FROM_RENDER,Requires action-specific assertion and route/actor/flag reconciliation
ACT-S-1214,SOURCE_CONTROL_CANDIDATE,NOT_TESTED,/,src/routes/index.tsx:835,Link,,UNMAPPED,NOT_INFERRED_FROM_RENDER,Requires action-specific assertion and route/actor/flag reconciliation
ACT-S-1215,SOURCE_CONTROL_CANDIDATE,NOT_TESTED,/,src/routes/index.tsx:900,Link,,UNMAPPED,NOT_INFERRED_FROM_RENDER,Requires action-specific assertion and route/actor/flag reconciliation
ACT-S-1216,SOURCE_CONTROL_CANDIDATE,NOT_TESTED,/,src/routes/index.tsx:912,a,,UNMAPPED,NOT_INFERRED_FROM_RENDER,Requires action-specific assertion and route/actor/flag reconciliation
ACT-S-1217,SOURCE_CONTROL_CANDIDATE,NOT_TESTED,/,src/routes/index.tsx:989,Link,,UNMAPPED,NOT_INFERRED_FROM_RENDER,Requires action-specific assertion and route/actor/flag reconciliation
ACT-S-1218,SOURCE_CONTROL_CANDIDATE,NOT_TESTED,/,src/routes/index.tsx:1066,Link,,UNMAPPED,NOT_INFERRED_FROM_RENDER,Requires action-specific assertion and route/actor/flag reconciliation
ACT-S-1219,SOURCE_CONTROL_CANDIDATE,NOT_TESTED,/,src/routes/index.tsx:1096,a,,UNMAPPED,NOT_INFERRED_FROM_RENDER,Requires action-specific assertion and route/actor/flag reconciliation
ACT-S-1220,SOURCE_CONTROL_CANDIDATE,NOT_TESTED,/,src/routes/index.tsx:1102,Button,,UNMAPPED,NOT_INFERRED_FROM_RENDER,Requires action-specific assertion and route/actor/flag reconciliation
ACT-S-1221,SOURCE_CONTROL_CANDIDATE,NOT_TESTED,/listings,src/routes/listings.tsx:253,Select,,UNMAPPED,NOT_INFERRED_FROM_RENDER,Requires action-specific assertion and route/actor/flag reconciliation
ACT-S-1222,SOURCE_CONTROL_CANDIDATE,NOT_TESTED,/listings,src/routes/listings.tsx:413,Link,,UNMAPPED,NOT_INFERRED_FROM_RENDER,Requires action-specific assertion and route/actor/flag reconciliation
ACT-S-1223,SOURCE_CONTROL_CANDIDATE,NOT_TESTED,/listings,src/routes/listings.tsx:588,Input,,UNMAPPED,NOT_INFERRED_FROM_RENDER,Requires action-specific assertion and route/actor/flag reconciliation
ACT-S-1224,SOURCE_CONTROL_CANDIDATE,NOT_TESTED,/listings,src/routes/listings.tsx:611,button,,UNMAPPED,NOT_INFERRED_FROM_RENDER,Requires action-specific assertion and route/actor/flag reconciliation
ACT-S-1225,SOURCE_CONTROL_CANDIDATE,NOT_TESTED,/listings,src/routes/listings.tsx:632,Input,,UNMAPPED,NOT_INFERRED_FROM_RENDER,Requires action-specific assertion and route/actor/flag reconciliation
ACT-S-1226,SOURCE_CONTROL_CANDIDATE,NOT_TESTED,/listings,src/routes/listings.tsx:644,Input,,UNMAPPED,NOT_INFERRED_FROM_RENDER,Requires action-specific assertion and route/actor/flag reconciliation
ACT-S-1227,SOURCE_CONTROL_CANDIDATE,NOT_TESTED,/listings,src/routes/listings.tsx:667,Select,,UNMAPPED,NOT_INFERRED_FROM_RENDER,Requires action-specific assertion and route/actor/flag reconciliation
ACT-S-1228,SOURCE_CONTROL_CANDIDATE,NOT_TESTED,/listings,src/routes/listings.tsx:686,Select,,UNMAPPED,NOT_INFERRED_FROM_RENDER,Requires action-specific assertion and route/actor/flag reconciliation
ACT-S-1229,SOURCE_CONTROL_CANDIDATE,NOT_TESTED,/listings,src/routes/listings.tsx:704,Select,,UNMAPPED,NOT_INFERRED_FROM_RENDER,Requires action-specific assertion and route/actor/flag reconciliation
ACT-S-1230,SOURCE_CONTROL_CANDIDATE,NOT_TESTED,/listings,src/routes/listings.tsx:735,Button,,UNMAPPED,NOT_INFERRED_FROM_RENDER,Requires action-specific assertion and route/actor/flag reconciliation
ACT-S-1231,SOURCE_CONTROL_CANDIDATE,NOT_TESTED,/listings,src/routes/listings.tsx:738,Button,,UNMAPPED,NOT_INFERRED_FROM_RENDER,Requires action-specific assertion and route/actor/flag reconciliation
ACT-S-1232,SOURCE_CONTROL_CANDIDATE,NOT_TESTED,/listings,src/routes/listings.tsx:759,Sheet,,UNMAPPED,NOT_INFERRED_FROM_RENDER,Requires action-specific assertion and route/actor/flag reconciliation
ACT-S-1233,SOURCE_CONTROL_CANDIDATE,NOT_TESTED,/listings,src/routes/listings.tsx:760,SheetTrigger,,UNMAPPED,NOT_INFERRED_FROM_RENDER,Requires action-specific assertion and route/actor/flag reconciliation
ACT-S-1234,SOURCE_CONTROL_CANDIDATE,NOT_TESTED,/listings,src/routes/listings.tsx:761,Button,,UNMAPPED,NOT_INFERRED_FROM_RENDER,Requires action-specific assertion and route/actor/flag reconciliation
ACT-S-1235,SOURCE_CONTROL_CANDIDATE,NOT_TESTED,/listings,src/routes/listings.tsx:778,Button,,UNMAPPED,NOT_INFERRED_FROM_RENDER,Requires action-specific assertion and route/actor/flag reconciliation
ACT-S-1236,SOURCE_CONTROL_CANDIDATE,NOT_TESTED,/listings,src/routes/listings.tsx:787,Button,,UNMAPPED,NOT_INFERRED_FROM_RENDER,Requires action-specific assertion and route/actor/flag reconciliation
ACT-S-1237,SOURCE_CONTROL_CANDIDATE,NOT_TESTED,/listings,src/routes/listings.tsx:818,button,,UNMAPPED,NOT_INFERRED_FROM_RENDER,Requires action-specific assertion and route/actor/flag reconciliation
ACT-S-1238,SOURCE_CONTROL_CANDIDATE,NOT_TESTED,/listings,src/routes/listings.tsx:831,button,,UNMAPPED,NOT_INFERRED_FROM_RENDER,Requires action-specific assertion and route/actor/flag reconciliation
ACT-S-1239,SOURCE_CONTROL_CANDIDATE,NOT_TESTED,/listings,src/routes/listings.tsx:921,Button,,UNMAPPED,NOT_INFERRED_FROM_RENDER,Requires action-specific assertion and route/actor/flag reconciliation
ACT-S-1240,SOURCE_CONTROL_CANDIDATE,NOT_TESTED,/listings,src/routes/listings.tsx:926,Popover,,UNMAPPED,NOT_INFERRED_FROM_RENDER,Requires action-specific assertion and route/actor/flag reconciliation
ACT-S-1241,SOURCE_CONTROL_CANDIDATE,NOT_TESTED,/listings,src/routes/listings.tsx:928,Button,,UNMAPPED,NOT_INFERRED_FROM_RENDER,Requires action-specific assertion and route/actor/flag reconciliation
ACT-S-1242,SOURCE_CONTROL_CANDIDATE,NOT_TESTED,/listings,src/routes/listings.tsx:948,button,,UNMAPPED,NOT_INFERRED_FROM_RENDER,Requires action-specific assertion and route/actor/flag reconciliation
ACT-S-1243,SOURCE_CONTROL_CANDIDATE,NOT_TESTED,/listings,src/routes/listings.tsx:958,button,,UNMAPPED,NOT_INFERRED_FROM_RENDER,Requires action-specific assertion and route/actor/flag reconciliation
ACT-S-1244,SOURCE_CONTROL_CANDIDATE,NOT_TESTED,/listings,src/routes/listings.tsx:1071,form,,UNMAPPED,NOT_INFERRED_FROM_RENDER,Requires action-specific assertion and route/actor/flag reconciliation
ACT-S-1245,SOURCE_CONTROL_CANDIDATE,NOT_TESTED,/listings,src/routes/listings.tsx:1079,Input,,UNMAPPED,NOT_INFERRED_FROM_RENDER,Requires action-specific assertion and route/actor/flag reconciliation
ACT-S-1246,SOURCE_CONTROL_CANDIDATE,NOT_TESTED,/listings,src/routes/listings.tsx:1090,Input,,UNMAPPED,NOT_INFERRED_FROM_RENDER,Requires action-specific assertion and route/actor/flag reconciliation
ACT-S-1247,SOURCE_CONTROL_CANDIDATE,NOT_TESTED,/listings,src/routes/listings.tsx:1102,Input,,UNMAPPED,NOT_INFERRED_FROM_RENDER,Requires action-specific assertion and route/actor/flag reconciliation
ACT-S-1248,SOURCE_CONTROL_CANDIDATE,NOT_TESTED,/listings,src/routes/listings.tsx:1112,Checkbox,,UNMAPPED,NOT_INFERRED_FROM_RENDER,Requires action-specific assertion and route/actor/flag reconciliation
ACT-S-1249,SOURCE_CONTROL_CANDIDATE,NOT_TESTED,/listings,src/routes/listings.tsx:1125,Button,,UNMAPPED,NOT_INFERRED_FROM_RENDER,Requires action-specific assertion and route/actor/flag reconciliation
ACT-S-1250,SOURCE_CONTROL_CANDIDATE,NOT_TESTED,/listings,src/routes/listings.tsx:1175,Button,,UNMAPPED,NOT_INFERRED_FROM_RENDER,Requires action-specific assertion and route/actor/flag reconciliation
ACT-S-1251,SOURCE_CONTROL_CANDIDATE,NOT_TESTED,/listings,src/routes/listings.tsx:1176,Button,,UNMAPPED,NOT_INFERRED_FROM_RENDER,Requires action-specific assertion and route/actor/flag reconciliation
ACT-S-1252,SOURCE_CONTROL_CANDIDATE,NOT_TESTED,/listings,src/routes/listings.tsx:1177,Link,,UNMAPPED,NOT_INFERRED_FROM_RENDER,Requires action-specific assertion and route/actor/flag reconciliation
ACT-S-1253,SOURCE_CONTROL_CANDIDATE,NOT_TESTED,/listings,src/routes/listings.tsx:1262,ViewModeToggle,,UNMAPPED,NOT_INFERRED_FROM_RENDER,Requires action-specific assertion and route/actor/flag reconciliation
ACT-S-1254,SOURCE_CONTROL_CANDIDATE,NOT_TESTED,/listings,src/routes/listings.tsx:1279,Link,,UNMAPPED,NOT_INFERRED_FROM_RENDER,Requires action-specific assertion and route/actor/flag reconciliation
ACT-S-1255,SOURCE_CONTROL_CANDIDATE,NOT_TESTED,/listings,src/routes/listings.tsx:1293,Link,,UNMAPPED,NOT_INFERRED_FROM_RENDER,Requires action-specific assertion and route/actor/flag reconciliation
ACT-S-1256,SOURCE_CONTROL_CANDIDATE,NOT_TESTED,/listings,src/routes/listings.tsx:1388,Link,,UNMAPPED,NOT_INFERRED_FROM_RENDER,Requires action-specific assertion and route/actor/flag reconciliation
ACT-S-1257,SOURCE_CONTROL_CANDIDATE,NOT_TESTED,/listings,src/routes/listings.tsx:1439,a,,UNMAPPED,NOT_INFERRED_FROM_RENDER,Requires action-specific assertion and route/actor/flag reconciliation
ACT-S-1258,SOURCE_CONTROL_CANDIDATE,NOT_TESTED,/listings,src/routes/listings.tsx:1452,button,,UNMAPPED,NOT_INFERRED_FROM_RENDER,Requires action-specific assertion and route/actor/flag reconciliation
ACT-S-1259,SOURCE_CONTROL_CANDIDATE,NOT_TESTED,/listings,src/routes/listings.tsx:1461,button,,UNMAPPED,NOT_INFERRED_FROM_RENDER,Requires action-specific assertion and route/actor/flag reconciliation
ACT-S-1260,SOURCE_CONTROL_CANDIDATE,NOT_TESTED,/listings,src/routes/listings.tsx:1495,Link,,UNMAPPED,NOT_INFERRED_FROM_RENDER,Requires action-specific assertion and route/actor/flag reconciliation
ACT-S-1261,SOURCE_CONTROL_CANDIDATE,NOT_TESTED,/listings,src/routes/listings.tsx:1547,a,,UNMAPPED,NOT_INFERRED_FROM_RENDER,Requires action-specific assertion and route/actor/flag reconciliation
ACT-S-1262,SOURCE_CONTROL_CANDIDATE,NOT_TESTED,/listings,src/routes/listings.tsx:1559,button,,UNMAPPED,NOT_INFERRED_FROM_RENDER,Requires action-specific assertion and route/actor/flag reconciliation
ACT-S-1263,SOURCE_CONTROL_CANDIDATE,NOT_TESTED,/listings,src/routes/listings.tsx:1568,button,,UNMAPPED,NOT_INFERRED_FROM_RENDER,Requires action-specific assertion and route/actor/flag reconciliation
ACT-S-1264,SOURCE_CONTROL_CANDIDATE,NOT_TESTED,/listings,src/routes/listings.tsx:1628,Link,,UNMAPPED,NOT_INFERRED_FROM_RENDER,Requires action-specific assertion and route/actor/flag reconciliation
ACT-S-1265,SOURCE_CONTROL_CANDIDATE,NOT_TESTED,/privacy,src/routes/privacy.tsx:75,a,,UNMAPPED,NOT_INFERRED_FROM_RENDER,Requires action-specific assertion and route/actor/flag reconciliation
ACT-S-1266,SOURCE_CONTROL_CANDIDATE,NOT_TESTED,/property/$listingNo,src/routes/property.$listingNo.tsx:260,Link,,UNMAPPED,NOT_INFERRED_FROM_RENDER,Requires action-specific assertion and route/actor/flag reconciliation
ACT-S-1267,SOURCE_CONTROL_CANDIDATE,NOT_TESTED,/property/$listingNo,src/routes/property.$listingNo.tsx:276,Button,,UNMAPPED,NOT_INFERRED_FROM_RENDER,Requires action-specific assertion and route/actor/flag reconciliation
ACT-S-1268,SOURCE_CONTROL_CANDIDATE,NOT_TESTED,/property/$listingNo,src/routes/property.$listingNo.tsx:581,Button,,UNMAPPED,NOT_INFERRED_FROM_RENDER,Requires action-specific assertion and route/actor/flag reconciliation
ACT-S-1269,SOURCE_CONTROL_CANDIDATE,NOT_TESTED,/property/$listingNo,src/routes/property.$listingNo.tsx:585,Button,,UNMAPPED,NOT_INFERRED_FROM_RENDER,Requires action-specific assertion and route/actor/flag reconciliation
ACT-S-1270,SOURCE_CONTROL_CANDIDATE,NOT_TESTED,/property/$listingNo,src/routes/property.$listingNo.tsx:616,Button,,UNMAPPED,NOT_INFERRED_FROM_RENDER,Requires action-specific assertion and route/actor/flag reconciliation
ACT-S-1271,SOURCE_CONTROL_CANDIDATE,NOT_TESTED,/property/$listingNo,src/routes/property.$listingNo.tsx:679,TabsTrigger,,UNMAPPED,NOT_INFERRED_FROM_RENDER,Requires action-specific assertion and route/actor/flag reconciliation
ACT-S-1272,SOURCE_CONTROL_CANDIDATE,NOT_TESTED,/property/$listingNo,src/routes/property.$listingNo.tsx:684,TabsTrigger,,UNMAPPED,NOT_INFERRED_FROM_RENDER,Requires action-specific assertion and route/actor/flag reconciliation
ACT-S-1273,SOURCE_CONTROL_CANDIDATE,NOT_TESTED,/property/$listingNo,src/routes/property.$listingNo.tsx:690,TabsTrigger,,UNMAPPED,NOT_INFERRED_FROM_RENDER,Requires action-specific assertion and route/actor/flag reconciliation
ACT-S-1274,SOURCE_CONTROL_CANDIDATE,NOT_TESTED,/property/$listingNo,src/routes/property.$listingNo.tsx:696,TabsTrigger,,UNMAPPED,NOT_INFERRED_FROM_RENDER,Requires action-specific assertion and route/actor/flag reconciliation
ACT-S-1275,SOURCE_CONTROL_CANDIDATE,NOT_TESTED,/property/$listingNo,src/routes/property.$listingNo.tsx:702,TabsTrigger,,UNMAPPED,NOT_INFERRED_FROM_RENDER,Requires action-specific assertion and route/actor/flag reconciliation
ACT-S-1276,SOURCE_CONTROL_CANDIDATE,NOT_TESTED,/property/$listingNo,src/routes/property.$listingNo.tsx:709,TabsContent,,UNMAPPED,NOT_INFERRED_FROM_RENDER,Requires action-specific assertion and route/actor/flag reconciliation
ACT-S-1277,SOURCE_CONTROL_CANDIDATE,NOT_TESTED,/property/$listingNo,src/routes/property.$listingNo.tsx:733,button,,UNMAPPED,NOT_INFERRED_FROM_RENDER,Requires action-specific assertion and route/actor/flag reconciliation
ACT-S-1278,SOURCE_CONTROL_CANDIDATE,NOT_TESTED,/property/$listingNo,src/routes/property.$listingNo.tsx:741,button,,UNMAPPED,NOT_INFERRED_FROM_RENDER,Requires action-specific assertion and route/actor/flag reconciliation
ACT-S-1279,SOURCE_CONTROL_CANDIDATE,NOT_TESTED,/property/$listingNo,src/routes/property.$listingNo.tsx:762,button,,UNMAPPED,NOT_INFERRED_FROM_RENDER,Requires action-specific assertion and route/actor/flag reconciliation
ACT-S-1280,SOURCE_CONTROL_CANDIDATE,NOT_TESTED,/property/$listingNo,src/routes/property.$listingNo.tsx:853,PropertyMobileContactSummary,,UNMAPPED,NOT_INFERRED_FROM_RENDER,Requires action-specific assertion and route/actor/flag reconciliation
ACT-S-1281,SOURCE_CONTROL_CANDIDATE,NOT_TESTED,/property/$listingNo,src/routes/property.$listingNo.tsx:921,Link,,UNMAPPED,NOT_INFERRED_FROM_RENDER,Requires action-specific assertion and route/actor/flag reconciliation
ACT-S-1282,SOURCE_CONTROL_CANDIDATE,NOT_TESTED,/property/$listingNo,src/routes/property.$listingNo.tsx:946,Link,,UNMAPPED,NOT_INFERRED_FROM_RENDER,Requires action-specific assertion and route/actor/flag reconciliation
ACT-S-1283,SOURCE_CONTROL_CANDIDATE,NOT_TESTED,/property/$listingNo,src/routes/property.$listingNo.tsx:970,Link,,UNMAPPED,NOT_INFERRED_FROM_RENDER,Requires action-specific assertion and route/actor/flag reconciliation
ACT-S-1284,SOURCE_CONTROL_CANDIDATE,NOT_TESTED,/property/$listingNo,src/routes/property.$listingNo.tsx:1046,PropertyDecisionActions,,UNMAPPED,NOT_INFERRED_FROM_RENDER,Requires action-specific assertion and route/actor/flag reconciliation
ACT-S-1285,SOURCE_CONTROL_CANDIDATE,NOT_TESTED,/property/$listingNo,src/routes/property.$listingNo.tsx:1066,form,,UNMAPPED,NOT_INFERRED_FROM_RENDER,Requires action-specific assertion and route/actor/flag reconciliation
ACT-S-1286,SOURCE_CONTROL_CANDIDATE,NOT_TESTED,/property/$listingNo,src/routes/property.$listingNo.tsx:1069,Input,,UNMAPPED,NOT_INFERRED_FROM_RENDER,Requires action-specific assertion and route/actor/flag reconciliation
ACT-S-1287,SOURCE_CONTROL_CANDIDATE,NOT_TESTED,/property/$listingNo,src/routes/property.$listingNo.tsx:1073,Input,,UNMAPPED,NOT_INFERRED_FROM_RENDER,Requires action-specific assertion and route/actor/flag reconciliation
ACT-S-1288,SOURCE_CONTROL_CANDIDATE,NOT_TESTED,/property/$listingNo,src/routes/property.$listingNo.tsx:1084,Input,,UNMAPPED,NOT_INFERRED_FROM_RENDER,Requires action-specific assertion and route/actor/flag reconciliation
ACT-S-1289,SOURCE_CONTROL_CANDIDATE,NOT_TESTED,/property/$listingNo,src/routes/property.$listingNo.tsx:1088,Textarea,,UNMAPPED,NOT_INFERRED_FROM_RENDER,Requires action-specific assertion and route/actor/flag reconciliation
ACT-S-1290,SOURCE_CONTROL_CANDIDATE,NOT_TESTED,/property/$listingNo,src/routes/property.$listingNo.tsx:1099,Checkbox,,UNMAPPED,NOT_INFERRED_FROM_RENDER,Requires action-specific assertion and route/actor/flag reconciliation
ACT-S-1291,SOURCE_CONTROL_CANDIDATE,NOT_TESTED,/property/$listingNo,src/routes/property.$listingNo.tsx:1112,Button,,UNMAPPED,NOT_INFERRED_FROM_RENDER,Requires action-specific assertion and route/actor/flag reconciliation
ACT-S-1292,SOURCE_CONTROL_CANDIDATE,NOT_TESTED,/property/$listingNo,src/routes/property.$listingNo.tsx:1161,Button,,UNMAPPED,NOT_INFERRED_FROM_RENDER,Requires action-specific assertion and route/actor/flag reconciliation
ACT-S-1293,SOURCE_CONTROL_CANDIDATE,NOT_TESTED,/property/$listingNo,src/routes/property.$listingNo.tsx:1162,Link,,UNMAPPED,NOT_INFERRED_FROM_RENDER,Requires action-specific assertion and route/actor/flag reconciliation
ACT-S-1294,SOURCE_CONTROL_CANDIDATE,NOT_TESTED,/property/$listingNo,src/routes/property.$listingNo.tsx:1199,Link,,UNMAPPED,NOT_INFERRED_FROM_RENDER,Requires action-specific assertion and route/actor/flag reconciliation
ACT-S-1295,SOURCE_CONTROL_CANDIDATE,NOT_TESTED,/terms,src/routes/terms.tsx:46,Link,,UNMAPPED,NOT_INFERRED_FROM_RENDER,Requires action-specific assertion and route/actor/flag reconciliation
ACT-S-1296,SOURCE_CONTROL_CANDIDATE,NOT_TESTED,/terms,src/routes/terms.tsx:57,Link,,UNMAPPED,NOT_INFERRED_FROM_RENDER,Requires action-specific assertion and route/actor/flag reconciliation
ACT-S-1297,SOURCE_CONTROL_CANDIDATE,NOT_TESTED,/transactions,src/routes/transactions.tsx:224,Select,,UNMAPPED,NOT_INFERRED_FROM_RENDER,Requires action-specific assertion and route/actor/flag reconciliation
ACT-S-1298,SOURCE_CONTROL_CANDIDATE,NOT_TESTED,/transactions,src/routes/transactions.tsx:242,Select,,UNMAPPED,NOT_INFERRED_FROM_RENDER,Requires action-specific assertion and route/actor/flag reconciliation
ACT-S-1299,SOURCE_CONTROL_CANDIDATE,NOT_TESTED,/transactions,src/routes/transactions.tsx:267,button,,UNMAPPED,NOT_INFERRED_FROM_RENDER,Requires action-specific assertion and route/actor/flag reconciliation
ACT-S-1300,SOURCE_CONTROL_CANDIDATE,NOT_TESTED,/transactions,src/routes/transactions.tsx:289,Input,,UNMAPPED,NOT_INFERRED_FROM_RENDER,Requires action-specific assertion and route/actor/flag reconciliation
ACT-S-1301,SOURCE_CONTROL_CANDIDATE,NOT_TESTED,/transactions,src/routes/transactions.tsx:302,Input,,UNMAPPED,NOT_INFERRED_FROM_RENDER,Requires action-specific assertion and route/actor/flag reconciliation
ACT-S-1302,SOURCE_CONTROL_CANDIDATE,NOT_TESTED,/transactions,src/routes/transactions.tsx:317,Input,,UNMAPPED,NOT_INFERRED_FROM_RENDER,Requires action-specific assertion and route/actor/flag reconciliation
ACT-S-1303,SOURCE_CONTROL_CANDIDATE,NOT_TESTED,/transactions,src/routes/transactions.tsx:384,Link,,UNMAPPED,NOT_INFERRED_FROM_RENDER,Requires action-specific assertion and route/actor/flag reconciliation
ACT-S-1304,SOURCE_CONTROL_CANDIDATE,NOT_TESTED,/transactions,src/routes/transactions.tsx:499,Button,,UNMAPPED,NOT_INFERRED_FROM_RENDER,Requires action-specific assertion and route/actor/flag reconciliation
ACT-S-1305,SOURCE_CONTROL_CANDIDATE,NOT_TESTED,/transactions,src/routes/transactions.tsx:500,a,,UNMAPPED,NOT_INFERRED_FROM_RENDER,Requires action-specific assertion and route/actor/flag reconciliation
ACT-S-1306,SOURCE_CONTROL_CANDIDATE,NOT_TESTED,/transactions,src/routes/transactions.tsx:515,Button,,UNMAPPED,NOT_INFERRED_FROM_RENDER,Requires action-specific assertion and route/actor/flag reconciliation
ACT-S-1307,SOURCE_CONTROL_CANDIDATE,NOT_TESTED,/transactions,src/routes/transactions.tsx:516,Button,,UNMAPPED,NOT_INFERRED_FROM_RENDER,Requires action-specific assertion and route/actor/flag reconciliation
ACT-S-1308,SOURCE_CONTROL_CANDIDATE,NOT_TESTED,/transactions,src/routes/transactions.tsx:527,Link,,UNMAPPED,NOT_INFERRED_FROM_RENDER,Requires action-specific assertion and route/actor/flag reconciliation
ACT-S-1309,SOURCE_CONTROL_CANDIDATE,NOT_TESTED,/transactions,src/routes/transactions.tsx:578,Link,,UNMAPPED,NOT_INFERRED_FROM_RENDER,Requires action-specific assertion and route/actor/flag reconciliation
ACT-S-1310,SOURCE_CONTROL_CANDIDATE,NOT_TESTED,/transactions,src/routes/transactions.tsx:596,Link,,UNMAPPED,NOT_INFERRED_FROM_RENDER,Requires action-specific assertion and route/actor/flag reconciliation
ACT-S-1311,SOURCE_CONTROL_CANDIDATE,NOT_TESTED,/transactions,src/routes/transactions.tsx:625,Link,,UNMAPPED,NOT_INFERRED_FROM_RENDER,Requires action-specific assertion and route/actor/flag reconciliation
ACT-S-1312,SOURCE_CONTROL_CANDIDATE,NOT_TESTED,/transactions,src/routes/transactions.tsx:662,Link,,UNMAPPED,NOT_INFERRED_FROM_RENDER,Requires action-specific assertion and route/actor/flag reconciliation
ACT-S-1313,SOURCE_CONTROL_CANDIDATE,NOT_TESTED,/transactions,src/routes/transactions.tsx:679,button,,UNMAPPED,NOT_INFERRED_FROM_RENDER,Requires action-specific assertion and route/actor/flag reconciliation
ACT-S-1314,SOURCE_CONTROL_CANDIDATE,NOT_TESTED,/videos,src/routes/videos.tsx:220,Button,,UNMAPPED,NOT_INFERRED_FROM_RENDER,Requires action-specific assertion and route/actor/flag reconciliation
ACT-S-1315,SOURCE_CONTROL_CANDIDATE,NOT_TESTED,/videos,src/routes/videos.tsx:221,a,,UNMAPPED,NOT_INFERRED_FROM_RENDER,Requires action-specific assertion and route/actor/flag reconciliation
ACT-S-1316,SOURCE_CONTROL_CANDIDATE,NOT_TESTED,/videos,src/routes/videos.tsx:236,button,,UNMAPPED,NOT_INFERRED_FROM_RENDER,Requires action-specific assertion and route/actor/flag reconciliation
ACT-S-1317,SOURCE_CONTROL_CANDIDATE,NOT_TESTED,/videos,src/routes/videos.tsx:249,button,,UNMAPPED,NOT_INFERRED_FROM_RENDER,Requires action-specific assertion and route/actor/flag reconciliation
ACT-S-1318,SOURCE_CONTROL_CANDIDATE,NOT_TESTED,/videos,src/routes/videos.tsx:269,button,,UNMAPPED,NOT_INFERRED_FROM_RENDER,Requires action-specific assertion and route/actor/flag reconciliation
ACT-S-1319,SOURCE_CONTROL_CANDIDATE,NOT_TESTED,/videos,src/routes/videos.tsx:282,button,,UNMAPPED,NOT_INFERRED_FROM_RENDER,Requires action-specific assertion and route/actor/flag reconciliation
ACT-S-1320,SOURCE_CONTROL_CANDIDATE,NOT_TESTED,/videos,src/routes/videos.tsx:297,button,,UNMAPPED,NOT_INFERRED_FROM_RENDER,Requires action-specific assertion and route/actor/flag reconciliation
ACT-S-1321,SOURCE_CONTROL_CANDIDATE,NOT_TESTED,/videos,src/routes/videos.tsx:313,Select,,UNMAPPED,NOT_INFERRED_FROM_RENDER,Requires action-specific assertion and route/actor/flag reconciliation
ACT-S-1322,SOURCE_CONTROL_CANDIDATE,NOT_TESTED,/videos,src/routes/videos.tsx:339,Input,,UNMAPPED,NOT_INFERRED_FROM_RENDER,Requires action-specific assertion and route/actor/flag reconciliation
ACT-S-1323,SOURCE_CONTROL_CANDIDATE,NOT_TESTED,/videos,src/routes/videos.tsx:364,Button,,UNMAPPED,NOT_INFERRED_FROM_RENDER,Requires action-specific assertion and route/actor/flag reconciliation
ACT-S-1324,SOURCE_CONTROL_CANDIDATE,NOT_TESTED,/videos,src/routes/videos.tsx:385,Button,,UNMAPPED,NOT_INFERRED_FROM_RENDER,Requires action-specific assertion and route/actor/flag reconciliation
ACT-S-1325,SOURCE_CONTROL_CANDIDATE,NOT_TESTED,/videos,src/routes/videos.tsx:412,Button,,UNMAPPED,NOT_INFERRED_FROM_RENDER,Requires action-specific assertion and route/actor/flag reconciliation
ACT-S-1326,SOURCE_CONTROL_CANDIDATE,NOT_TESTED,/videos,src/routes/videos.tsx:413,a,,UNMAPPED,NOT_INFERRED_FROM_RENDER,Requires action-specific assertion and route/actor/flag reconciliation
ACT-S-1327,SOURCE_CONTROL_CANDIDATE,NOT_TESTED,/videos,src/routes/videos.tsx:418,Button,,UNMAPPED,NOT_INFERRED_FROM_RENDER,Requires action-specific assertion and route/actor/flag reconciliation
ACT-S-1328,SOURCE_CONTROL_CANDIDATE,NOT_TESTED,/videos,src/routes/videos.tsx:419,a,,UNMAPPED,NOT_INFERRED_FROM_RENDER,Requires action-specific assertion and route/actor/flag reconciliation
ACT-S-1329,SOURCE_CONTROL_CANDIDATE,NOT_TESTED,/videos,src/routes/videos.tsx:463,Link,,UNMAPPED,NOT_INFERRED_FROM_RENDER,Requires action-specific assertion and route/actor/flag reconciliation
ACT-S-1330,SOURCE_CONTROL_CANDIDATE,NOT_TESTED,/videos,src/routes/videos.tsx:581,button,,UNMAPPED,NOT_INFERRED_FROM_RENDER,Requires action-specific assertion and route/actor/flag reconciliation
ACT-S-1331,SOURCE_CONTROL_CANDIDATE,NOT_TESTED,/videos,src/routes/videos.tsx:607,a,,UNMAPPED,NOT_INFERRED_FROM_RENDER,Requires action-specific assertion and route/actor/flag reconciliation
ACT-S-1332,SOURCE_CONTROL_CANDIDATE,NOT_TESTED,/videos,src/routes/videos.tsx:621,a,,UNMAPPED,NOT_INFERRED_FROM_RENDER,Requires action-specific assertion and route/actor/flag reconciliation
